ID,S1,OWNERSHIP,REVENUE,EXPERIENCE,MAIN_PRODUCT,NUM_BANKS,POSITION,COMP1,COMP2,COMP3,COMP4,SPEED1,SPEED2,SPEED3,SPEED4,DIGI1,DIGI2,DIGI3,DIGI4,REPU1,REPU2,REPU3,REPU4,RELA1,RELA2,RELA3,RELA4,STAFF1,STAFF2,STAFF3,STAFF4,COLL1,COLL2,COLL3,COLL4,DEC1,DEC2,DEC3,DEC4,WALLET_SHARE
DN0001,1,3,3,4,2,2,1,3,4,3,2,4,3,4,3,2,2,2,1,2,3,4,4,4,2,3,3,4,5,4,2,3,3,2,3,4,3,3,4,4
DN0002,1,3,3,2,4,4,2,2,2,3,3,5,4,4,4,3,4,3,3,3,2,1,1,1,2,1,2,3,3,3,2,4,4,3,3,4,3,3,3,3
DN0003,1,4,2,3,1,3,2,3,2,2,2,3,3,2,3,4,5,4,4,3,3,2,2,3,4,4,2,3,4,3,3,3,3,5,3,3,3,4,3,3
DN0004,1,3,3,3,2,2,1,4,2,2,3,3,2,1,3,3,2,3,3,2,3,3,3,2,3,3,3,2,2,2,2,2,2,1,1,2,1,4,3,2
DN0005,1,1,2,4,1,2,4,4,4,4,5,2,2,3,3,3,2,4,3,3,2,4,3,2,3,2,3,3,3,1,3,3,2,2,3,4,3,2,2,2
DN0006,1,2,1,2,4,1,2,3,3,3,4,3,4,3,4,5,5,5,3,4,4,3,3,4,5,5,5,5,4,5,3,3,3,4,4,5,5,5,4,4
DN0007,1,2,3,2,5,2,3,5,4,3,2,3,1,3,2,3,4,4,3,2,4,4,4,3,4,4,4,2,4,2,3,3,1,3,3,4,5,5,4,2
DN0008,1,4,3,3,2,3,2,2,2,3,3,3,2,3,3,1,2,2,1,3,2,2,3,3,4,2,3,2,3,2,2,3,5,2,4,2,5,3,3,2
DN0009,1,4,3,4,1,2,2,1,2,2,2,2,1,2,2,2,2,2,3,1,2,2,1,2,2,1,4,2,3,1,1,3,3,3,3,1,1,1,1,1
DN0010,1,3,2,2,1,3,2,2,1,1,1,3,3,2,2,3,4,4,3,3,3,4,3,4,3,5,4,4,3,4,4,5,5,5,5,3,2,4,3,3
DN0011,1,2,2,3,4,1,1,3,3,3,4,3,2,3,3,2,4,2,2,2,1,2,1,4,3,3,4,3,2,1,2,2,3,1,1,2,2,2,3,2
DN0012,1,2,3,4,2,3,2,3,3,3,5,3,3,3,5,3,3,3,3,5,4,4,5,4,3,3,3,5,5,4,5,5,5,4,5,4,4,4,4,2
DN0013,1,3,2,1,1,1,2,2,3,2,1,3,1,2,3,1,1,1,2,1,1,2,1,1,1,1,2,2,4,4,4,1,1,1,1,2,3,2,1,2
DN0014,1,1,2,3,2,3,2,1,2,2,2,5,4,4,4,4,3,3,4,3,4,5,5,2,1,1,3,2,2,4,1,3,2,3,3,2,4,2,3,1
DN0015,1,2,1,4,4,1,2,2,4,3,4,3,2,3,2,3,3,2,3,3,3,3,3,2,4,1,2,5,3,4,3,3,3,4,3,4,4,3,3,2
DN0016,1,1,2,1,1,4,4,3,2,5,4,4,2,3,1,3,4,4,3,3,3,4,3,1,2,1,3,4,3,3,3,2,2,3,2,1,2,3,3,2
DN0017,1,1,2,3,3,2,2,3,4,4,4,3,4,5,4,2,3,2,3,4,4,4,4,3,3,2,2,2,2,3,4,5,2,4,4,4,4,3,3,3
DN0018,1,1,1,2,3,2,3,4,4,3,4,2,3,2,2,5,5,4,4,3,4,4,3,3,2,4,3,2,4,4,3,1,2,3,3,4,3,3,2,4
DN0019,1,2,4,2,4,2,3,4,4,4,5,3,3,3,3,4,3,5,4,4,4,4,4,2,1,3,3,3,1,3,5,3,2,4,3,4,3,3,2,4
DN0020,1,1,1,2,1,1,4,3,4,4,3,4,3,3,3,3,2,4,4,2,2,2,2,5,4,4,5,4,4,5,3,4,4,4,3,5,2,3,4,4
DN0021,1,2,1,1,2,2,2,4,3,3,4,2,4,2,2,2,4,1,3,4,4,3,3,3,3,2,2,3,2,3,3,2,3,1,4,3,4,4,1,2
DN0022,1,1,3,3,3,3,2,3,4,2,4,4,3,4,2,1,1,1,3,2,2,2,2,2,3,2,4,5,2,3,3,4,4,4,5,3,2,2,2,3
DN0023,1,2,2,2,1,3,2,2,4,3,2,4,2,3,3,4,3,2,3,1,1,1,2,2,3,2,2,3,1,4,4,3,3,2,3,4,3,4,3,1
DN0024,1,1,1,1,2,4,2,1,2,2,2,3,3,2,3,3,5,2,2,3,2,1,3,3,3,2,2,3,2,4,3,5,4,4,4,2,2,3,2,1
DN0025,1,3,1,1,1,3,2,2,2,4,2,3,2,3,4,3,3,1,4,2,2,3,3,3,3,3,4,4,5,3,5,3,3,3,3,2,2,2,3,2
DN0026,1,1,2,3,2,3,1,3,4,3,3,2,3,3,3,3,2,3,2,2,3,1,3,2,3,3,2,1,2,2,2,3,3,2,2,2,3,4,3,2
DN0027,1,2,4,4,1,1,2,3,5,3,4,3,3,3,4,1,1,1,1,2,2,4,1,3,3,3,3,1,1,2,1,4,5,5,5,2,2,3,3,3
DN0028,1,3,1,2,2,2,1,4,4,5,4,4,3,4,4,4,3,3,4,5,3,4,5,2,4,2,3,2,3,4,1,2,2,3,2,4,4,3,3,3
DN0029,1,2,1,3,3,2,2,1,1,1,2,2,3,2,1,2,1,1,2,1,3,2,1,2,2,1,1,3,3,3,2,3,2,2,2,2,1,2,2,1
DN0030,1,1,2,2,2,3,1,3,3,4,3,4,5,3,4,3,4,4,3,5,2,3,4,2,1,4,3,5,4,3,4,3,3,2,3,3,1,3,3,2
DN0031,1,4,2,3,4,3,3,2,1,2,3,3,4,4,3,2,1,2,2,4,3,3,3,4,2,2,3,3,4,2,3,2,3,3,3,2,4,2,2,3
DN0032,1,2,2,1,1,2,3,5,4,4,4,2,2,2,4,2,5,5,4,4,5,3,3,3,2,3,3,2,3,4,3,3,4,2,2,4,3,3,4,3
DN0033,1,2,3,3,1,2,2,2,1,2,2,3,3,4,4,1,2,3,2,4,5,4,4,2,3,3,2,3,4,4,4,1,1,2,1,1,2,2,2,1
DN0034,1,2,3,3,2,3,3,3,3,4,3,5,1,4,4,3,5,5,5,3,4,4,4,4,3,3,3,4,3,3,3,3,3,3,3,3,5,2,5,2
DN0035,1,1,1,3,3,2,3,3,2,2,3,3,3,2,3,3,3,3,4,5,5,4,5,4,2,4,4,2,3,3,2,2,3,2,2,3,4,3,3,1
DN0036,1,3,2,3,4,1,4,2,3,3,3,3,4,3,4,3,4,4,3,3,4,4,4,2,3,4,3,4,3,3,3,5,4,4,3,3,2,3,3,3
DN0037,1,1,4,1,2,3,1,3,4,2,3,2,1,1,3,2,3,2,2,3,2,2,3,2,3,3,5,3,3,3,2,2,3,2,1,2,1,1,2,1
DN0038,1,2,2,4,1,1,4,1,1,2,2,2,3,3,2,2,3,1,1,4,3,3,2,4,3,4,4,4,3,3,3,3,3,2,2,3,3,3,2,4
DN0039,1,2,2,3,2,2,2,4,5,5,4,2,2,3,1,2,1,1,2,4,5,4,5,4,5,3,3,2,2,2,3,4,3,2,3,4,3,3,2,2
DN0040,1,2,2,4,1,2,2,3,2,2,1,4,3,3,4,4,3,5,4,3,3,3,2,3,3,2,5,2,1,1,3,4,3,4,4,3,4,2,4,4
DN0041,1,2,2,2,3,2,1,3,3,3,4,1,1,1,2,1,2,1,1,2,3,3,3,3,3,4,3,2,1,3,1,4,3,4,4,3,1,3,2,1
DN0042,1,1,1,1,1,2,1,2,3,3,3,5,3,3,2,2,2,2,3,3,2,3,2,2,2,3,3,3,3,2,2,2,2,3,1,3,3,3,3,2
DN0043,1,2,3,3,2,3,2,3,2,3,2,2,2,4,1,3,3,3,4,3,3,3,3,2,1,3,3,3,3,4,3,1,1,2,2,2,2,2,3,1
DN0044,1,2,2,4,2,3,2,1,2,2,2,4,3,3,4,4,3,4,3,3,3,4,4,3,2,4,4,5,5,5,5,4,3,4,5,2,2,2,3,2
DN0045,1,3,2,2,2,2,1,3,4,3,3,4,5,5,5,4,3,4,3,3,4,4,4,5,5,3,4,4,4,4,3,4,3,5,5,5,3,5,3,4
DN0046,1,3,2,3,2,1,3,1,2,2,2,4,3,4,2,2,3,4,2,3,3,3,3,4,3,3,3,4,4,3,4,4,5,5,5,4,5,4,5,4
DN0047,1,3,3,1,2,1,1,3,4,4,4,3,4,2,3,5,5,5,5,3,4,3,4,4,3,3,3,3,4,4,5,2,2,4,5,4,4,3,5,4
DN0048,1,2,2,2,2,2,2,3,4,3,2,2,5,2,4,1,1,1,1,3,3,3,4,1,1,1,1,3,4,4,4,2,1,1,2,4,3,4,4,3
DN0049,1,2,3,3,3,2,1,2,1,2,1,1,1,1,2,1,1,1,2,1,1,2,2,2,2,3,3,3,3,3,3,1,3,1,3,1,2,1,3,3
DN0050,1,1,2,4,2,1,4,1,2,4,2,2,3,3,4,3,2,3,3,2,1,1,1,1,3,3,1,2,3,3,2,4,1,2,2,2,2,2,2,2
DN0051,1,3,3,3,2,1,3,3,2,3,2,1,1,1,1,3,3,2,5,4,3,4,4,4,3,3,3,3,3,1,1,3,2,2,3,1,1,3,1,1
DN0052,1,1,1,1,4,1,1,4,4,5,4,3,3,5,3,5,4,4,4,3,2,2,3,5,5,4,4,3,3,4,4,2,3,3,3,5,4,4,3,3
DN0053,1,2,1,3,3,2,2,2,2,3,3,3,3,3,2,1,3,2,1,4,4,3,4,2,4,3,3,2,3,4,2,3,2,4,3,3,4,3,2,2
DN0054,1,5,2,4,3,1,4,4,4,3,3,3,3,3,4,2,3,2,1,5,4,4,3,2,2,3,3,2,2,2,4,1,1,2,1,2,3,3,3,2
DN0055,1,4,3,3,1,2,2,3,4,3,3,3,2,3,2,4,5,4,4,4,3,3,3,2,3,2,2,2,2,3,2,5,5,4,3,2,3,3,3,2
DN0056,1,2,2,3,2,3,1,4,3,3,4,2,2,4,1,2,4,3,2,3,1,2,2,1,2,1,2,2,3,3,3,2,3,2,2,4,3,1,2,2
DN0057,1,1,4,4,1,1,3,4,4,5,4,4,5,5,5,3,4,4,4,5,5,4,5,5,5,5,5,3,3,4,5,5,5,5,5,5,5,5,5,4
DN0058,1,1,3,2,2,1,4,3,3,4,3,3,4,4,4,4,3,3,3,1,4,2,3,3,3,3,3,5,5,5,4,2,3,1,3,4,3,4,4,4
DN0059,1,1,3,2,1,4,2,3,2,2,3,4,4,4,5,2,2,3,1,5,4,4,4,4,4,4,3,3,3,3,3,3,4,3,3,3,3,3,4,2
DN0060,1,4,3,3,2,1,3,3,3,4,3,4,3,3,2,2,3,1,1,2,3,1,2,1,2,1,1,1,2,2,2,3,1,3,3,2,2,2,3,2
DN0061,1,3,4,3,2,4,4,3,3,4,3,1,2,1,2,1,3,2,2,2,2,2,2,3,3,1,1,3,4,3,4,3,4,4,3,3,3,4,1,2
DN0062,1,1,1,3,2,2,2,4,3,4,4,4,4,4,3,3,4,5,4,4,3,3,3,3,4,4,5,4,4,2,3,3,3,3,3,4,5,3,5,4
DN0063,1,2,2,3,1,1,3,2,4,1,3,2,2,2,3,1,2,1,1,2,2,2,2,4,5,4,5,5,4,3,3,2,2,2,3,3,3,4,2,3
DN0064,1,1,3,3,1,1,2,3,5,3,2,5,4,3,3,3,3,3,1,3,2,2,3,1,1,2,2,1,1,3,2,4,5,4,4,2,3,4,3,3
DN0065,1,1,1,1,3,3,3,3,2,4,3,3,2,3,3,3,4,3,4,2,2,2,3,3,3,4,3,4,3,3,4,2,1,1,1,3,1,2,2,2
DN0066,1,2,1,4,1,3,3,5,4,5,5,5,3,3,3,4,3,4,5,4,3,4,4,2,2,1,3,5,5,5,5,4,2,2,3,4,5,3,3,4
DN0067,1,2,2,4,1,1,2,2,3,2,2,1,1,1,1,2,3,3,3,2,2,3,3,2,3,3,2,3,4,3,2,2,3,3,3,1,2,3,1,2
DN0068,1,2,1,4,2,1,2,4,3,3,3,3,3,3,4,4,4,5,3,3,4,4,3,4,5,4,5,3,3,4,3,3,4,4,3,4,4,2,4,4
DN0069,1,2,3,4,1,3,1,3,3,3,3,3,2,3,2,4,3,3,3,3,5,5,4,3,3,1,3,2,3,3,4,2,3,3,3,2,1,2,3,1
DN0070,1,2,4,1,1,2,3,3,5,4,3,4,4,3,4,2,2,2,1,3,3,4,4,3,5,3,3,4,3,4,3,3,3,3,3,4,4,5,4,2
DN0071,1,3,3,4,2,2,2,4,3,3,4,3,4,5,5,5,4,5,5,5,5,5,5,4,5,4,4,4,4,4,4,4,5,4,5,3,5,5,4,4
DN0072,1,1,2,4,1,2,3,3,2,2,4,4,4,5,4,3,3,4,3,3,3,3,4,4,4,3,4,4,5,5,4,5,4,4,3,4,3,5,4,3
DN0073,1,2,2,2,1,1,2,3,2,3,2,4,3,3,3,3,4,2,2,3,3,3,3,4,5,3,4,2,1,3,1,4,3,4,3,4,3,3,3,3
DN0074,1,1,1,2,2,1,4,4,3,3,2,3,3,3,5,2,3,3,3,2,2,3,2,2,2,2,3,5,5,4,3,4,2,3,2,4,3,3,3,4
DN0075,1,4,2,3,4,2,3,2,4,5,4,2,2,2,2,1,3,1,3,4,4,4,3,2,3,2,3,3,1,4,3,3,3,4,4,2,1,2,2,2
DN0076,1,4,1,1,3,3,2,3,4,2,3,5,4,3,4,4,3,4,3,5,3,4,4,3,5,5,2,3,2,2,4,1,3,2,2,4,4,4,4,2
DN0077,1,4,3,4,3,2,2,3,2,4,3,5,4,3,4,3,2,3,2,1,1,4,2,3,4,5,3,3,1,2,3,5,5,4,4,3,2,2,2,3
DN0078,1,2,1,1,2,2,2,3,3,4,4,4,2,4,5,3,4,5,3,5,5,4,4,4,3,3,2,2,2,3,3,4,4,4,4,2,4,3,3,4
DN0079,1,1,2,3,1,2,3,5,4,5,3,4,4,3,4,3,4,4,4,5,5,5,5,4,4,3,3,4,5,3,4,3,3,2,5,4,5,5,4,3
DN0080,1,2,1,2,2,4,2,3,5,4,5,4,3,4,3,3,4,4,3,3,3,2,4,4,3,4,4,3,4,3,4,5,5,5,5,3,4,5,5,4
DN0081,1,3,1,2,3,1,2,3,5,4,3,1,3,3,1,3,2,2,1,3,4,4,4,3,1,2,3,3,2,3,3,3,2,2,1,4,2,3,4,2
DN0082,1,1,2,3,3,2,3,3,2,2,4,3,2,4,2,1,2,2,1,1,2,2,3,1,2,1,1,2,2,2,4,3,1,2,1,2,1,1,3,1
DN0083,1,1,1,3,1,3,2,4,2,2,4,1,4,2,2,3,5,3,4,4,2,3,3,3,3,3,4,2,1,2,1,5,2,5,4,2,3,1,4,2
DN0084,1,2,3,2,3,2,2,2,4,3,2,4,2,4,3,2,3,3,2,2,3,2,2,2,3,2,3,4,3,2,4,2,3,2,1,4,3,4,3,3
DN0085,1,1,3,3,4,4,4,2,3,1,2,2,4,4,3,4,4,2,5,2,2,2,1,1,2,1,1,1,1,2,2,3,5,2,3,2,3,2,1,1
DN0086,1,3,1,1,1,2,1,2,4,3,3,4,3,3,2,4,2,3,3,4,3,3,4,1,3,1,1,4,4,3,3,3,2,3,3,2,3,2,2,2
DN0087,1,2,1,3,5,2,2,5,4,4,3,3,4,3,5,3,4,2,4,3,4,3,4,3,4,3,3,4,2,3,2,2,2,3,2,2,2,3,3,2
DN0088,1,1,1,3,1,3,4,3,2,3,2,2,3,4,2,1,2,2,2,2,4,2,3,3,4,4,4,2,2,1,3,5,5,5,5,3,3,2,3,3
DN0089,1,2,4,3,3,3,2,3,4,3,3,2,3,3,2,3,3,3,3,3,3,3,4,3,2,2,4,4,5,4,5,3,3,3,2,3,3,4,5,3
DN0090,1,2,2,3,5,2,3,3,3,2,1,4,4,5,4,3,2,2,2,2,1,3,1,3,4,2,4,1,4,2,2,4,4,4,2,3,3,4,2,2
DN0091,1,2,3,2,2,1,2,2,3,2,2,3,1,1,2,4,2,3,4,2,1,3,3,5,5,4,3,3,3,3,2,1,3,2,3,3,4,2,3,2
DN0092,1,2,2,3,1,1,2,4,3,3,2,2,5,3,2,3,3,4,4,2,3,3,2,1,1,1,2,3,3,2,3,1,1,1,2,3,4,3,4,4
DN0093,1,2,2,3,2,2,3,2,3,3,2,3,2,2,3,3,1,2,1,3,1,3,2,1,4,2,2,1,2,2,1,3,2,4,4,3,2,1,1,1
DN0094,1,2,1,4,2,2,1,3,4,3,5,3,3,3,2,3,2,3,2,3,3,5,3,1,1,2,1,4,2,2,2,3,4,3,2,3,3,2,3,1
DN0095,1,1,1,2,4,3,4,2,3,2,1,3,4,3,5,3,3,3,2,2,2,1,3,3,2,3,1,2,3,2,1,3,4,3,4,1,2,1,3,1
DN0096,1,1,1,2,2,2,4,3,4,5,4,3,3,4,5,3,3,5,5,3,3,2,3,5,4,2,4,3,4,3,4,2,4,1,2,3,3,4,4,4
DN0097,1,2,2,4,2,4,2,3,2,2,2,3,3,1,2,3,2,3,3,2,1,1,3,2,2,1,1,1,2,1,2,2,1,1,3,1,1,2,1,1
DN0098,1,2,2,3,2,2,3,4,4,3,4,3,4,3,4,5,3,5,4,4,4,3,3,3,4,5,3,5,5,5,5,4,5,5,5,3,4,5,5,2
DN0099,1,2,2,4,3,2,4,3,4,3,4,1,2,3,2,3,2,3,2,2,2,1,2,3,3,4,2,2,3,2,3,3,2,4,2,2,1,2,1,2
DN0100,1,1,1,3,3,3,4,2,1,2,2,3,2,3,3,3,4,3,3,2,3,2,3,4,4,4,3,3,4,2,3,2,3,2,3,3,3,1,2,1
DN0101,1,2,4,2,3,2,4,1,3,3,3,2,1,1,2,5,4,3,4,2,3,2,1,3,3,4,1,4,4,4,4,3,1,2,2,3,3,3,3,3
DN0102,1,1,2,3,1,2,1,3,3,4,4,4,4,4,5,4,4,4,5,5,5,4,4,4,3,4,5,5,5,5,4,4,3,3,3,5,4,4,4,3
DN0103,1,1,4,2,3,3,2,3,3,4,3,2,3,1,2,2,1,1,1,3,3,2,3,4,2,3,3,5,4,5,2,3,4,4,3,3,4,2,4,1
DN0104,1,1,2,4,1,3,2,5,5,5,5,4,5,4,4,1,2,1,2,3,3,2,4,4,3,4,3,3,3,4,4,4,5,3,5,4,3,4,4,2
DN0105,1,1,1,2,1,1,2,3,4,4,3,2,2,2,1,5,5,4,4,4,3,2,4,2,3,3,3,4,3,4,4,3,2,3,4,3,2,3,3,2
DN0106,1,1,1,2,4,1,1,3,2,2,2,4,4,4,2,3,1,2,3,1,2,2,1,1,3,2,1,2,2,1,1,2,1,1,1,2,2,2,1,1
DN0107,1,3,4,4,3,3,3,5,3,4,5,4,3,3,4,4,4,3,3,5,4,4,4,4,3,4,4,2,2,2,2,4,4,4,5,3,3,3,2,2
DN0108,1,2,4,4,2,3,2,3,3,4,3,3,4,2,3,2,3,3,1,4,2,3,5,3,4,3,4,4,3,2,3,4,3,3,3,4,5,4,4,3
DN0109,1,1,3,1,2,4,2,3,3,3,2,4,2,3,2,3,4,5,5,3,5,4,4,5,3,4,2,3,4,4,3,5,5,4,3,3,3,4,4,2
DN0110,1,1,3,2,2,1,3,3,4,2,2,5,5,4,5,5,3,4,5,1,1,1,2,3,4,2,3,4,5,5,4,1,2,2,2,4,2,4,2,3
DN0111,1,1,1,3,4,1,4,3,4,5,5,2,4,3,3,4,3,2,2,3,3,3,4,5,4,4,5,3,2,4,3,3,2,3,5,4,4,4,4,4
DN0112,1,2,2,2,1,4,3,4,4,3,4,3,2,3,2,4,3,2,3,4,4,3,5,3,3,4,4,5,3,4,5,2,2,2,2,5,4,3,3,3
DN0113,1,1,1,1,1,3,2,1,1,1,2,3,3,2,2,3,4,3,4,1,1,1,1,4,3,2,4,5,3,5,4,1,1,1,2,1,1,2,1,1
DN0114,1,1,1,1,3,3,3,4,3,3,2,1,1,1,1,1,1,1,1,3,2,2,3,3,1,1,1,3,3,2,3,2,1,2,2,2,1,2,2,2
DN0115,1,1,3,2,2,4,2,2,2,2,2,3,4,2,3,4,3,3,3,3,3,2,2,3,3,3,3,4,3,3,3,3,3,3,2,3,3,4,3,2
DN0116,1,2,2,3,1,2,2,2,2,2,2,3,3,3,3,3,5,3,4,3,4,2,4,3,1,3,1,5,3,4,4,3,3,2,3,1,1,2,1,2
DN0117,1,3,3,2,3,2,2,4,4,4,4,4,4,5,4,5,3,3,5,4,3,5,4,2,3,2,3,3,2,3,2,2,3,2,2,5,4,4,5,4
DN0118,1,1,3,3,1,2,2,2,3,3,1,3,2,3,3,2,3,2,1,1,3,2,2,1,2,1,1,2,3,2,3,4,2,2,2,2,1,1,1,1
DN0119,1,2,1,4,2,2,2,4,3,4,3,3,2,3,3,1,2,1,1,2,1,2,1,2,3,4,2,2,2,3,3,3,4,3,3,2,2,3,2,2
DN0120,1,2,1,3,3,2,2,4,3,3,3,5,3,5,2,4,2,4,4,2,4,2,2,2,2,3,3,2,3,4,3,4,3,3,4,5,3,4,4,2
DN0121,1,2,2,2,4,1,1,5,5,5,4,5,4,5,4,3,4,4,5,4,3,4,4,3,4,4,4,4,5,3,3,5,4,5,4,4,5,4,4,4
DN0122,1,1,1,3,1,4,4,3,2,3,5,2,3,3,4,3,3,2,3,3,3,3,3,3,3,3,3,1,3,3,3,3,3,3,3,3,2,2,1,1
DN0123,1,1,4,4,2,3,4,5,5,5,5,3,5,5,4,4,4,5,3,5,4,5,5,2,2,3,5,3,3,2,1,5,5,4,5,5,4,3,4,3
DN0124,1,1,2,3,2,1,2,2,3,4,3,4,4,4,3,4,3,3,3,3,2,4,2,1,4,3,3,2,4,1,3,2,3,2,2,2,3,2,2,2
DN0125,1,2,2,2,1,1,2,3,4,2,4,3,3,3,2,5,4,4,3,2,3,3,3,3,2,3,2,3,3,3,3,3,2,2,3,2,2,3,2,1
DN0126,1,2,2,3,1,3,2,4,1,3,3,3,2,2,2,4,4,4,4,3,3,4,3,4,4,5,3,1,1,2,1,1,3,2,1,4,3,3,3,2
DN0127,1,1,1,3,2,1,4,1,1,1,2,3,2,3,1,3,4,4,2,3,3,3,3,4,4,3,3,4,2,3,2,5,5,5,5,4,2,3,3,3
DN0128,1,3,2,4,2,1,4,3,4,4,4,2,4,3,3,3,3,2,3,3,3,4,4,4,4,5,3,5,4,4,4,3,4,3,4,4,3,3,5,4
DN0129,1,1,4,3,3,4,2,1,2,1,3,1,1,1,2,3,2,2,2,2,3,1,3,2,3,4,3,3,2,2,1,4,4,4,4,2,3,3,2,1
DN0130,1,1,2,4,1,1,3,3,4,5,3,5,5,5,5,3,4,4,4,3,2,2,2,1,3,3,4,5,4,3,2,2,3,3,1,3,4,4,3,4
DN0131,1,1,3,2,2,3,4,3,3,3,4,4,4,5,4,3,5,3,3,5,5,5,5,4,4,4,4,4,4,3,5,3,3,2,3,3,5,5,4,4
DN0132,1,3,4,4,2,2,4,4,5,3,3,1,2,1,2,3,4,3,3,5,3,4,4,3,3,3,3,3,4,2,3,4,5,5,5,5,4,5,5,3
DN0133,1,2,1,2,3,2,2,2,2,3,3,4,4,4,4,5,5,5,4,3,2,3,1,4,4,4,4,1,1,2,3,3,2,1,3,2,3,3,4,2
DN0134,1,1,4,3,2,1,2,3,1,2,2,3,4,3,3,4,5,5,3,1,3,3,2,3,2,3,2,1,3,3,1,1,2,3,2,4,3,3,3,2
DN0135,1,1,2,3,3,3,4,1,2,2,1,4,3,2,2,1,2,1,3,3,1,1,2,4,4,3,2,2,3,3,3,4,3,3,4,2,2,3,3,2
DN0136,1,4,1,4,1,1,2,3,1,1,2,2,2,3,2,2,2,1,2,2,1,1,2,1,2,1,1,1,1,1,1,2,3,3,2,3,1,2,3,1
DN0137,1,3,1,4,2,3,1,4,4,4,5,4,5,5,5,4,4,4,3,4,4,4,3,4,4,4,2,2,3,4,2,3,4,4,5,3,3,4,5,3
DN0138,1,2,2,1,3,1,3,3,3,2,3,3,4,4,4,3,1,3,4,2,2,2,3,4,4,2,3,2,4,2,3,4,4,4,3,4,4,4,3,3
DN0139,1,1,4,3,1,2,3,5,4,5,3,4,5,5,3,3,3,2,3,3,1,5,2,2,4,3,3,4,3,4,4,3,3,3,4,4,3,4,4,3
DN0140,1,1,4,2,2,2,1,2,3,4,3,4,3,2,3,3,5,4,4,3,4,3,4,4,2,3,3,2,2,2,1,4,3,5,2,4,2,3,3,2
DN0141,1,4,4,3,2,2,4,4,3,4,3,3,3,3,3,4,3,3,5,2,2,3,2,3,3,3,4,2,3,4,3,2,3,3,3,4,4,3,4,3
DN0142,1,2,3,3,1,2,3,2,1,1,1,3,4,3,2,1,3,3,5,2,3,3,2,3,2,4,2,3,3,4,4,1,2,3,3,1,2,2,2,2
DN0143,1,4,1,2,2,3,3,1,3,2,2,3,4,4,3,2,3,2,3,2,3,2,3,3,3,4,4,3,4,3,4,3,2,3,5,2,4,4,3,2
DN0144,1,1,2,3,1,2,2,2,2,2,1,3,2,2,1,1,1,1,2,3,1,3,4,3,1,3,4,2,3,2,1,2,1,1,1,2,2,3,2,2
DN0145,1,2,4,3,1,1,3,1,3,1,3,2,2,4,2,3,2,3,2,3,2,2,2,2,3,4,3,4,4,4,3,5,5,5,3,3,2,3,3,2
DN0146,1,4,1,4,1,3,2,4,3,4,4,5,3,5,5,4,3,4,4,3,3,2,3,4,3,2,4,3,4,3,5,3,4,3,3,3,4,4,4,2
DN0147,1,4,1,2,4,1,1,3,2,4,3,1,2,1,1,2,3,4,3,3,3,3,4,3,1,3,2,5,3,5,4,3,2,4,2,3,2,3,3,3
DN0148,1,1,2,2,4,2,2,1,2,2,2,4,3,2,3,1,1,2,1,2,3,3,3,2,3,3,4,3,2,1,3,3,3,4,3,2,2,2,2,2
DN0149,1,4,1,3,1,2,3,4,3,3,4,4,3,3,4,4,3,4,4,4,4,5,4,5,5,4,3,3,3,4,3,3,4,3,5,3,4,5,5,2
DN0150,1,1,1,4,4,1,2,3,3,3,4,3,3,3,2,4,4,3,4,3,3,2,1,3,3,2,1,1,2,3,2,2,1,3,3,3,2,2,3,4
DN0151,1,1,3,3,2,3,2,2,2,1,1,3,3,4,3,3,2,3,3,3,3,2,1,3,3,2,3,4,5,4,5,4,3,5,4,3,4,3,3,2
DN0152,1,1,4,3,4,1,1,3,3,3,1,3,4,4,2,4,3,2,2,3,1,3,2,3,4,4,4,4,3,3,3,3,2,4,3,3,2,4,3,2
DN0153,1,1,1,3,1,2,2,3,2,3,5,3,2,3,3,3,2,2,2,3,3,5,5,4,2,4,2,3,3,5,3,1,3,2,1,3,3,3,3,2
DN0154,1,4,2,3,3,1,1,4,5,3,4,2,2,3,1,2,4,2,2,3,2,4,2,4,4,5,4,4,5,4,4,2,3,4,4,3,4,4,3,4
DN0155,1,1,1,3,4,2,4,4,3,4,3,2,3,3,2,3,4,4,3,3,4,4,4,5,4,3,4,3,3,1,3,4,5,4,5,3,4,3,2,2
DN0156,1,2,1,3,2,4,2,2,3,3,3,3,3,2,2,1,2,2,3,3,1,3,1,2,2,2,2,2,3,1,3,3,3,3,2,2,4,1,1,1
DN0157,1,3,3,3,1,2,2,5,5,5,3,3,4,3,4,4,4,4,3,4,3,3,3,4,5,4,4,3,5,4,3,4,3,3,3,5,5,4,3,2
DN0158,1,4,1,4,3,2,1,4,4,5,4,1,3,4,3,4,3,2,3,1,2,2,2,4,3,5,4,3,3,2,2,3,3,5,4,3,4,3,2,2
DN0159,1,3,2,4,1,2,2,2,3,4,3,3,2,3,2,2,1,2,2,2,2,1,1,2,2,1,1,2,1,1,4,2,2,2,4,2,1,1,1,1
DN0160,1,1,1,2,2,2,2,5,5,5,5,4,5,5,5,5,5,4,4,3,4,4,4,3,4,4,3,3,5,4,4,4,4,5,4,4,4,5,5,4
DN0161,1,4,4,4,3,1,1,2,3,4,2,1,2,1,2,1,1,2,2,1,2,3,2,3,4,3,1,3,2,3,3,2,2,1,2,2,2,2,2,2
DN0162,1,1,2,1,2,1,3,4,5,4,4,1,2,1,2,4,3,4,3,3,4,4,5,4,4,2,4,5,5,5,4,3,3,3,3,3,2,3,3,4
DN0163,1,1,2,3,1,1,2,5,5,5,4,2,4,4,3,3,4,4,4,5,5,5,5,4,5,5,5,4,4,5,4,5,5,4,3,5,5,5,5,4
DN0164,1,3,2,1,1,2,4,2,3,2,3,3,2,4,2,4,3,3,3,4,3,4,4,5,4,4,5,4,3,5,4,2,3,4,2,4,2,5,4,2
DN0165,1,1,2,3,1,2,1,3,2,2,2,2,2,2,3,2,3,1,2,2,3,2,3,2,3,3,2,2,2,3,3,2,2,3,2,3,3,2,1,2
DN0166,1,2,4,1,3,2,2,3,4,2,2,4,3,2,2,4,4,5,2,4,3,5,5,3,3,3,3,2,4,4,4,3,3,3,4,3,3,3,3,2
DN0167,1,2,1,3,1,1,3,3,1,3,1,1,2,1,2,3,3,3,1,3,4,3,2,1,1,1,2,3,3,3,3,2,1,1,1,1,2,1,3,1
DN0168,1,1,2,3,2,3,3,5,5,4,5,3,3,4,3,3,3,4,3,4,4,5,4,2,1,3,2,4,5,4,3,5,4,5,4,5,3,4,4,4
DN0169,1,2,1,2,1,2,2,1,1,1,1,1,2,1,1,1,1,1,2,4,3,3,4,3,2,3,3,4,2,2,3,5,4,4,3,2,1,3,2,2
DN0170,1,2,2,4,1,3,3,2,1,3,2,1,1,2,1,4,3,3,4,1,3,3,2,3,3,2,2,1,2,2,2,2,3,4,3,3,3,2,3,1
DN0171,1,3,3,3,2,1,1,4,5,5,5,4,3,5,5,3,4,3,3,2,4,4,5,4,4,4,3,4,4,5,4,4,4,2,5,5,5,5,5,4
DN0172,1,2,3,3,2,2,2,3,3,5,3,3,4,4,4,2,3,4,5,5,4,3,5,4,2,3,5,5,4,5,5,5,5,4,4,5,4,5,4,4
DN0173,1,3,2,1,3,1,2,4,4,3,4,4,3,2,3,4,3,3,2,2,2,3,1,4,4,5,5,3,4,3,3,5,5,5,4,4,4,3,5,4
DN0174,1,2,4,2,1,2,2,2,2,2,2,5,3,2,3,4,3,3,5,3,4,3,3,4,4,3,4,2,2,3,3,2,3,3,3,3,3,3,2,3
DN0175,1,1,2,3,2,2,2,3,2,2,5,1,2,1,3,2,2,1,3,2,1,1,1,4,3,3,2,3,1,1,3,3,2,2,3,1,2,2,1,1
DN0176,1,3,3,3,1,2,2,4,2,3,3,2,3,2,2,5,5,5,4,4,3,1,2,5,4,5,5,4,5,5,5,4,4,5,4,5,5,5,5,3
DN0177,1,2,1,4,3,3,2,4,4,4,5,3,3,4,3,2,3,4,3,4,3,3,2,4,3,3,4,3,5,5,4,2,3,2,2,3,4,4,3,2
DN0178,1,1,1,4,3,1,3,5,2,3,4,2,3,3,2,3,4,4,3,4,4,5,4,3,4,4,5,5,3,3,2,2,2,3,2,2,3,5,3,2
DN0179,1,2,4,4,1,3,2,3,2,3,4,4,5,4,4,2,2,2,2,3,3,3,1,5,5,5,5,4,3,4,5,3,4,4,4,5,5,4,5,4
DN0180,1,1,1,2,3,2,2,5,4,3,4,3,3,2,4,2,4,3,3,3,3,3,3,2,3,2,2,3,3,3,3,5,3,3,4,3,3,3,3,1
DN0181,1,2,1,3,2,2,4,3,3,2,3,5,3,2,2,3,3,1,3,2,2,3,2,1,4,2,3,2,2,2,2,4,2,5,4,2,2,2,3,1
DN0182,1,1,3,3,2,2,1,2,3,2,3,4,2,3,2,4,4,4,5,4,5,3,3,4,4,2,5,2,2,1,3,3,3,4,2,5,3,5,4,2
DN0183,1,1,3,2,1,3,3,2,3,2,3,4,3,4,4,2,2,3,3,2,3,2,3,3,3,3,2,4,1,2,3,4,5,5,4,3,3,3,4,3
DN0184,1,2,3,3,1,3,2,3,3,3,4,3,2,2,4,1,1,2,2,2,1,1,1,3,2,2,1,3,3,5,4,3,3,2,3,3,2,4,2,1
DN0185,1,2,1,3,2,1,4,4,4,4,5,4,2,3,3,5,4,4,4,3,3,4,4,4,3,3,4,4,3,4,5,4,4,3,4,4,5,4,5,4
DN0186,1,1,1,3,2,2,3,5,3,3,4,4,4,5,4,4,4,3,5,5,4,4,5,1,4,3,3,4,4,4,3,1,4,3,2,4,3,3,4,3
DN0187,1,1,1,2,2,2,1,3,4,3,2,2,5,3,3,4,3,3,3,3,3,3,3,2,1,4,2,3,3,3,4,3,3,3,2,3,3,4,5,2
DN0188,1,1,2,3,2,1,4,2,3,1,2,3,3,3,5,2,3,3,2,4,4,4,3,2,3,3,4,4,4,4,3,3,4,4,3,5,3,4,4,4
DN0189,1,4,2,3,3,3,2,3,3,3,3,5,4,4,3,2,3,3,4,3,4,4,3,4,5,3,4,3,3,2,2,3,3,4,5,4,4,4,3,3
DN0190,1,5,2,3,1,3,4,1,2,3,2,3,3,5,3,1,2,2,1,2,2,2,1,3,3,3,4,3,2,1,3,4,3,4,4,3,2,2,4,2
DN0191,1,3,4,3,3,4,2,3,3,2,4,2,3,1,2,4,5,4,5,4,4,3,4,4,3,3,3,3,4,3,5,5,3,2,4,4,5,5,4,2
DN0192,1,4,2,4,3,1,2,5,3,4,4,3,4,4,2,3,4,4,5,3,3,3,4,3,4,3,4,3,5,5,3,3,3,2,4,3,2,4,3,2
DN0193,1,1,1,4,2,3,2,3,3,3,3,4,5,4,4,3,1,2,2,3,3,3,3,4,4,4,4,1,1,1,2,5,4,4,4,4,3,2,3,3
DN0194,1,2,3,2,5,3,2,3,3,5,4,3,1,3,3,3,3,3,2,2,3,1,3,2,4,4,3,2,3,2,3,4,1,3,2,4,3,3,2,2
DN0195,1,1,2,2,2,2,2,2,1,2,3,4,1,2,3,1,3,3,3,1,1,1,1,5,3,3,4,3,1,3,2,1,3,1,1,3,1,1,2,1
DN0196,1,3,2,4,2,3,4,2,2,2,1,2,3,3,3,5,3,5,4,3,3,2,3,2,3,1,2,3,3,2,3,2,3,3,2,4,3,2,3,3
DN0197,1,2,2,4,2,3,2,4,5,4,4,4,4,4,5,4,5,5,5,3,4,3,3,4,3,4,5,4,5,3,3,5,5,5,4,5,5,5,5,4
DN0198,1,2,2,4,1,2,1,3,3,2,3,5,3,5,4,4,5,5,5,4,5,3,4,3,4,5,4,3,5,4,3,4,5,5,3,3,4,3,4,3
DN0199,1,1,3,3,1,1,2,4,3,4,4,4,1,3,3,2,4,5,3,3,3,3,3,5,5,2,3,3,4,3,3,3,2,4,5,4,5,2,4,3
DN0200,1,2,2,2,1,1,2,2,3,3,2,2,2,1,2,3,3,2,3,1,2,2,2,1,1,1,1,2,2,1,1,3,3,1,3,1,1,1,1,1
DN0201,1,4,3,2,1,1,2,4,5,5,2,4,3,3,3,2,3,1,4,5,5,4,4,5,5,5,5,4,2,3,3,5,4,5,4,4,4,3,4,3
DN0202,1,2,2,1,1,1,1,4,4,3,4,3,2,3,3,3,3,4,4,3,2,2,4,3,2,4,3,4,4,4,3,3,2,3,3,4,3,3,4,4
DN0203,1,4,2,1,1,2,2,3,2,1,1,2,1,1,2,3,2,2,3,4,2,2,1,1,3,2,1,1,3,2,2,1,2,2,1,1,2,1,1,2
DN0204,1,2,1,2,2,3,3,4,3,2,2,4,3,4,5,4,4,3,2,2,2,2,3,3,3,4,5,5,3,3,3,3,4,3,4,4,4,3,4,3
DN0205,1,3,1,4,2,3,3,3,4,3,3,3,3,4,4,3,2,3,3,5,5,5,5,5,5,4,5,3,3,3,2,3,3,3,2,4,3,4,5,3
DN0206,1,1,2,3,1,3,3,1,2,1,2,3,4,4,5,4,5,5,4,1,1,3,3,2,3,5,3,2,1,2,2,2,4,3,2,3,2,3,3,2
DN0207,1,2,4,4,1,4,2,3,3,3,2,4,3,4,1,2,3,3,3,2,2,1,2,2,2,2,2,4,4,3,5,2,2,2,2,3,3,3,3,2
DN0208,1,2,2,1,4,1,2,4,4,4,2,5,3,5,5,5,5,4,5,3,3,4,3,5,4,5,5,3,3,2,2,4,4,4,5,5,5,5,5,4
DN0209,1,2,1,3,2,1,2,3,3,1,3,4,3,3,5,3,2,3,4,1,3,2,3,2,3,2,2,5,3,4,5,3,1,3,2,2,3,3,2,3
DN0210,1,2,3,3,4,2,2,5,4,5,5,4,2,3,2,2,2,2,2,3,3,5,3,3,4,4,4,2,4,3,3,1,1,4,3,3,3,3,2,2
DN0211,1,4,1,2,1,3,2,4,5,4,4,4,4,5,5,5,5,5,4,4,4,4,4,5,5,5,4,5,4,5,4,5,4,4,3,5,5,4,4,3
DN0212,1,4,2,2,1,2,2,3,2,2,1,3,3,4,5,4,3,4,2,3,4,2,3,1,2,2,3,2,2,3,1,3,3,3,3,2,2,2,3,2
DN0213,1,3,2,3,2,2,3,5,5,5,4,5,4,3,3,2,2,2,1,3,4,3,1,3,4,4,3,4,3,3,3,3,3,3,4,4,3,4,5,4
DN0214,1,2,2,4,1,3,2,4,3,4,3,3,2,4,3,5,5,4,5,4,3,3,4,5,4,4,4,5,5,5,5,2,1,2,2,4,3,2,3,3
DN0215,1,1,3,3,2,2,1,3,4,3,3,3,4,4,2,4,5,3,3,3,3,3,4,3,3,3,3,3,4,4,3,4,5,5,5,1,3,3,3,2
DN0216,1,2,4,2,3,2,3,2,2,1,2,4,4,3,4,3,2,3,2,4,4,3,3,3,3,5,5,5,5,4,4,4,3,4,3,5,3,4,4,3
DN0217,1,1,2,4,1,2,3,1,2,1,1,4,4,2,2,3,2,3,1,3,3,2,2,2,3,3,2,1,2,2,3,2,3,2,2,4,2,3,2,2
DN0218,1,4,1,2,3,1,2,4,4,3,4,4,3,5,4,5,4,3,4,4,4,4,4,5,3,5,4,2,3,2,3,2,3,3,3,3,5,3,3,4
DN0219,1,2,4,2,1,3,2,2,3,3,3,2,3,3,2,1,2,2,2,1,3,2,2,2,2,3,2,1,2,2,1,2,1,3,1,1,1,1,2,1
DN0220,1,1,3,3,1,4,2,3,3,2,4,3,2,4,3,4,4,3,4,4,2,4,3,3,3,3,3,2,1,1,1,2,3,3,4,2,2,2,1,2
DN0221,1,1,1,3,1,4,2,5,4,3,4,3,2,3,3,2,4,3,4,4,3,4,4,3,3,4,4,4,5,4,5,3,5,3,4,4,5,2,3,2
DN0222,1,1,1,3,2,2,2,1,2,3,3,2,3,2,3,3,3,4,4,2,2,2,2,3,4,4,2,2,3,1,3,4,3,2,3,3,4,2,3,2
DN0223,1,3,1,3,2,3,2,3,3,3,3,3,3,2,2,4,3,4,3,3,4,4,5,4,4,4,5,3,3,2,1,3,3,3,2,3,3,3,4,3
DN0224,1,1,1,3,1,3,1,2,5,3,4,5,5,3,5,5,5,5,5,2,3,2,3,5,4,3,2,2,3,1,2,3,3,3,3,4,4,4,4,2
DN0225,1,2,2,3,3,1,4,3,5,4,4,2,2,5,3,3,3,5,4,4,5,4,4,4,5,2,4,4,3,4,3,3,3,2,4,3,4,4,4,4
DN0226,1,1,3,3,3,1,1,5,5,5,4,4,4,3,2,3,4,4,5,1,2,2,3,4,4,5,3,4,4,4,2,4,4,4,5,3,4,4,3,2
DN0227,1,1,2,2,3,1,4,3,3,2,4,3,4,2,2,3,2,2,2,1,3,1,1,3,3,2,2,4,2,2,1,3,2,3,3,2,3,1,2,2
DN0228,1,1,3,4,1,3,3,2,3,4,3,5,4,3,4,4,2,4,4,3,3,3,3,3,3,4,3,4,4,4,5,1,1,1,1,1,2,1,2,2
DN0229,1,1,2,3,1,1,1,2,3,2,2,4,4,4,3,3,3,3,4,4,4,3,4,3,4,3,4,3,3,4,3,1,2,2,2,3,3,3,3,4
DN0230,1,1,2,1,1,1,3,2,1,2,1,4,3,3,4,2,1,2,1,2,4,3,2,3,2,4,4,3,3,2,2,1,2,2,1,2,2,1,1,1
DN0231,1,2,2,1,3,3,3,2,2,3,3,4,2,2,3,1,2,2,2,2,3,2,3,5,5,4,4,3,4,3,4,5,4,4,5,2,3,2,1,1
DN0232,1,3,2,2,4,2,2,2,1,2,3,2,2,2,1,4,2,2,3,2,3,3,3,3,4,3,4,3,4,3,3,2,1,1,2,2,4,4,3,2
DN0233,1,1,1,2,1,1,2,3,4,4,3,3,2,3,2,3,3,1,3,2,2,1,2,3,3,3,3,4,3,3,3,4,3,4,2,4,4,3,4,2
DN0234,1,3,2,1,3,1,1,3,4,4,4,3,3,3,4,3,3,3,3,3,2,3,3,3,3,2,2,4,2,3,4,3,1,2,3,3,2,3,3,4
DN0235,1,3,3,3,1,2,2,5,3,3,5,5,2,4,4,3,3,4,4,4,3,2,3,5,3,4,3,2,3,3,2,4,4,5,4,5,4,3,4,3
DN0236,1,3,2,3,2,1,2,3,3,2,3,4,2,5,3,2,3,3,3,5,4,3,4,5,5,4,3,1,2,2,2,3,3,4,2,4,4,4,2,2
DN0237,1,4,1,3,2,1,2,2,2,3,3,2,2,3,1,2,1,2,2,3,2,3,4,4,4,3,3,1,2,2,2,4,2,3,2,1,1,1,1,1
DN0238,1,2,1,3,2,4,2,1,1,1,1,2,2,2,4,1,1,1,2,3,1,3,2,1,1,1,3,3,1,2,2,2,4,2,3,3,3,2,2,1
DN0239,1,1,2,4,2,2,2,2,3,3,2,1,3,3,1,3,2,4,4,3,4,4,5,5,5,4,5,5,3,4,4,3,3,3,3,3,5,2,4,3
DN0240,1,2,1,4,4,3,2,4,4,3,3,4,3,4,3,3,3,2,3,3,3,3,3,4,4,3,5,4,4,3,5,2,4,3,4,4,2,4,3,3
DN0241,1,2,1,4,2,1,2,3,5,3,5,4,2,4,4,2,4,3,3,1,2,2,1,2,4,4,3,4,3,3,4,4,2,3,3,2,3,2,3,1
DN0242,1,1,2,1,1,4,4,3,3,2,3,2,3,2,2,5,5,3,3,4,3,3,3,3,3,3,3,2,3,2,3,3,3,2,1,2,2,3,2,2
DN0243,1,1,2,3,3,2,2,3,3,2,2,3,3,3,2,2,2,2,3,3,4,3,4,3,2,1,3,5,4,4,5,4,3,3,2,3,4,4,4,4
DN0244,1,1,3,3,1,4,2,3,2,2,2,4,3,2,1,3,4,4,2,2,3,3,3,2,3,3,3,1,3,4,3,4,3,4,4,3,3,3,3,3
DN0245,1,1,2,3,4,3,3,2,3,3,2,3,2,3,3,2,2,2,3,3,2,2,4,3,5,4,3,2,2,1,2,2,2,2,3,4,5,3,2,2
DN0246,1,1,1,3,4,4,1,3,4,2,2,2,2,4,3,3,3,1,1,4,4,5,5,5,4,5,4,4,3,4,4,3,1,3,3,2,3,2,3,3
DN0247,1,1,2,2,1,2,1,2,3,3,2,3,3,1,5,3,3,3,4,3,4,3,3,5,4,4,3,3,2,2,2,3,3,4,4,2,3,2,5,2
DN0248,1,2,1,3,2,3,1,5,4,5,4,5,5,5,5,4,4,4,5,5,5,5,5,4,5,3,2,4,4,4,4,3,4,3,3,4,5,5,5,4
DN0249,1,4,2,3,3,4,2,4,4,4,3,1,2,2,1,4,4,5,3,3,3,4,3,4,4,5,5,4,4,4,4,4,3,3,4,3,4,4,4,4
DN0250,1,1,1,3,5,3,2,2,3,2,2,3,3,3,3,2,2,2,3,2,1,1,1,3,4,3,4,2,1,1,1,3,3,2,3,3,3,2,2,1
DN0251,1,4,4,4,3,3,2,1,1,1,1,1,3,2,2,5,4,4,5,2,3,2,4,2,2,3,4,3,3,2,5,2,2,3,2,2,1,1,1,1
DN0252,1,1,2,2,2,2,3,3,3,4,4,2,3,3,3,3,3,2,2,4,4,3,3,5,3,3,4,2,2,3,3,2,3,2,3,2,4,3,3,2
DN0253,1,2,1,1,3,3,2,3,2,1,2,1,2,2,2,1,1,1,2,3,3,1,4,1,2,1,1,3,5,3,3,2,1,2,1,1,1,1,1,1
DN0254,1,2,4,2,1,2,2,3,3,3,3,3,3,3,3,3,4,2,3,3,3,3,4,4,2,2,3,5,4,4,5,1,3,3,3,3,3,4,4,3
DN0255,1,1,3,1,2,3,1,1,2,3,2,1,2,1,1,1,1,1,1,2,2,4,1,2,2,1,3,3,4,5,3,2,2,1,3,1,1,1,1,1
DN0256,1,1,2,1,1,2,2,1,1,1,2,4,4,2,1,5,3,5,3,3,3,3,2,4,4,5,5,1,3,3,1,2,1,3,3,2,2,2,2,3
DN0257,1,2,2,4,4,2,1,2,1,2,1,3,2,3,1,1,1,3,2,1,2,3,2,2,2,3,2,2,3,1,2,1,2,3,1,2,2,2,1,2
DN0258,1,4,1,1,1,2,2,1,2,1,2,2,3,2,2,4,3,3,3,1,1,2,3,1,2,1,2,1,2,3,3,3,4,2,4,2,2,3,1,1
DN0259,1,1,4,2,2,3,1,5,5,4,4,4,4,4,4,5,4,4,3,3,3,2,2,3,4,4,3,4,3,3,3,5,5,4,3,4,4,5,5,2
DN0260,1,1,1,2,2,1,3,5,4,4,4,2,2,3,3,4,3,4,4,2,1,1,2,3,3,3,3,2,1,2,2,3,2,1,1,1,2,3,2,2
DN0261,1,2,1,4,1,2,2,3,4,3,2,4,3,2,3,3,2,2,2,2,3,2,1,3,4,3,1,4,3,2,3,3,3,4,3,3,2,2,3,2
DN0262,1,2,1,2,2,3,3,2,1,3,1,3,1,2,2,1,2,3,2,3,3,3,3,4,4,3,3,2,2,1,1,3,3,2,3,1,1,2,1,1
DN0263,1,1,2,2,3,1,3,1,4,4,3,4,4,4,4,3,2,3,3,3,3,2,3,3,2,3,3,3,3,2,2,3,3,2,2,4,4,4,3,3
DN0264,1,1,4,2,2,4,3,4,3,3,4,5,5,4,4,1,3,3,3,2,2,2,2,4,3,3,4,4,4,4,4,5,3,4,4,4,5,3,4,4
DN0265,1,4,3,3,1,3,1,2,2,3,3,3,2,3,2,2,4,1,3,3,3,5,2,2,3,3,2,3,2,2,2,2,2,2,3,1,2,2,1,2
DN0266,1,3,2,3,2,3,2,3,3,3,3,3,4,4,4,3,3,4,4,3,3,2,3,4,4,4,4,4,4,3,2,4,3,4,5,5,3,3,3,4
DN0267,1,1,1,3,1,3,1,5,3,5,5,2,3,2,2,3,4,4,3,5,5,4,4,5,4,4,4,3,3,1,2,4,2,5,5,2,4,3,5,2
DN0268,1,2,1,2,3,1,2,2,3,3,2,2,1,3,1,3,2,2,3,2,2,2,2,3,3,4,2,4,4,3,4,3,2,3,3,3,4,3,3,3
DN0269,1,2,2,2,2,2,1,3,3,3,4,1,1,1,1,3,3,3,4,3,3,2,2,2,4,3,3,3,2,2,4,4,2,3,1,3,3,3,2,2
DN0270,1,4,4,3,4,2,2,4,4,4,5,3,4,4,3,4,4,4,4,3,3,3,2,3,4,3,3,2,1,3,2,3,3,3,3,3,4,4,5,3
DN0271,1,2,2,3,2,2,3,5,3,3,3,3,3,2,3,4,4,3,4,3,3,3,1,2,1,2,2,2,3,2,3,3,4,3,4,3,4,3,3,3
DN0272,1,1,2,3,1,3,2,1,2,2,3,2,1,2,2,2,2,3,2,1,2,2,2,2,2,1,1,2,2,2,2,3,3,5,3,1,2,1,1,1
DN0273,1,2,2,3,3,2,2,5,4,4,4,2,1,2,2,3,2,2,1,3,3,3,4,3,4,3,4,3,5,5,5,2,3,4,2,1,2,5,4,3
DN0274,1,2,2,3,4,3,1,3,2,4,3,3,3,3,3,4,5,4,5,4,3,3,3,5,5,4,5,4,5,5,5,4,3,3,3,3,4,3,4,3
DN0275,1,2,1,1,2,1,2,1,3,3,1,2,1,3,4,4,3,2,5,4,2,3,4,2,3,2,2,3,3,1,1,2,2,3,1,2,2,3,2,2
DN0276,1,2,4,3,4,1,2,4,3,5,2,3,3,4,3,3,3,2,3,3,3,4,4,3,3,5,4,4,5,4,4,5,4,5,5,4,4,4,4,4
DN0277,1,3,1,4,2,3,3,4,2,3,4,4,3,3,2,3,2,5,3,5,5,5,4,4,2,3,3,4,4,4,3,4,4,3,4,4,4,3,4,1
DN0278,1,2,1,2,2,2,4,2,2,2,1,1,1,3,2,1,2,2,1,1,2,2,2,3,2,1,2,2,3,2,2,3,3,4,4,2,2,2,2,1
DN0279,1,1,3,3,5,1,2,1,2,1,1,4,3,4,3,2,4,2,2,3,3,2,3,3,2,3,3,3,1,1,1,2,2,4,3,2,2,1,3,2
DN0280,1,1,3,2,5,3,3,3,4,3,3,4,3,4,3,3,3,4,2,4,4,2,2,3,2,1,1,4,3,2,3,3,3,2,2,3,4,3,4,2
DN0281,1,2,3,1,1,3,2,3,3,4,4,2,4,2,1,2,2,2,2,3,3,3,5,3,1,2,2,2,4,3,3,1,1,3,2,2,3,3,2,1
DN0282,1,4,1,4,2,1,3,2,1,2,1,1,1,1,2,2,2,3,3,3,3,3,2,2,2,3,3,2,2,2,3,1,1,1,2,1,2,1,2,1
DN0283,1,2,2,1,2,3,2,3,1,1,1,1,2,1,2,2,1,2,2,2,3,3,3,2,3,3,2,4,3,3,3,1,2,3,2,1,3,2,1,2
DN0284,1,4,3,1,1,1,2,4,5,5,5,2,3,2,1,4,4,2,4,4,4,3,4,3,5,4,3,4,5,4,4,3,4,4,4,4,5,3,5,3
DN0285,1,2,1,2,2,3,2,4,2,2,2,2,2,3,2,2,2,1,3,5,3,4,4,4,5,3,4,3,2,3,3,4,5,3,4,3,3,2,3,2
DN0286,1,2,4,3,3,3,4,2,3,3,3,2,3,4,4,4,4,5,4,2,3,3,4,3,2,4,3,1,3,2,3,2,2,2,2,3,4,2,3,3
DN0287,1,2,3,3,3,1,1,3,3,2,3,5,4,5,4,3,4,3,5,3,2,2,4,4,4,3,2,2,2,2,2,3,3,3,3,5,5,5,4,4
DN0288,1,1,1,3,1,1,3,1,1,1,1,5,4,4,3,2,3,2,4,4,4,3,3,3,2,2,5,2,1,3,3,4,3,4,5,2,3,1,4,3
DN0289,1,1,3,2,3,3,3,3,3,3,4,3,5,4,2,1,2,2,2,2,3,2,2,3,3,4,3,5,5,3,4,4,4,5,5,3,3,4,3,3
DN0290,1,2,2,4,2,2,3,4,4,4,5,3,4,3,3,3,4,2,3,3,3,4,3,4,2,2,2,4,1,4,3,4,3,2,4,3,3,2,3,2
DN0291,1,4,1,2,2,1,4,4,4,5,3,3,3,2,3,3,2,3,3,4,3,3,3,2,3,3,2,2,1,1,2,5,3,3,4,4,3,3,3,2
DN0292,1,2,1,4,1,2,1,2,3,3,2,3,3,3,4,3,3,5,3,3,3,3,2,4,4,4,4,3,4,3,3,4,3,3,3,4,2,4,4,3
DN0293,1,1,3,3,2,2,3,4,5,4,5,4,2,3,2,1,1,2,1,3,4,3,4,3,2,1,2,2,3,2,3,3,4,2,2,2,2,2,2,1
DN0294,1,3,2,4,3,1,2,3,2,2,2,3,3,5,2,4,3,5,4,1,1,2,2,1,2,2,1,4,3,4,2,3,4,4,3,3,3,2,3,3
DN0295,1,1,2,2,2,1,3,4,4,3,4,5,5,4,5,4,3,4,4,4,5,5,5,5,4,4,3,1,2,1,2,3,3,5,2,4,5,3,4,4
DN0296,1,4,2,3,2,2,2,3,3,3,5,5,3,4,5,5,5,5,5,3,3,3,4,1,2,1,2,4,1,3,4,2,2,3,2,5,2,3,3,3
DN0297,1,1,3,2,5,4,2,5,5,5,5,4,3,4,2,5,4,5,3,3,4,3,3,5,4,4,5,3,4,4,3,5,5,5,4,3,3,5,5,4
DN0298,1,3,2,3,1,2,2,3,1,4,2,3,4,3,4,5,5,5,3,2,4,2,2,3,3,3,4,3,4,4,4,4,5,5,4,3,4,4,5,2
DN0299,1,4,1,3,4,2,1,3,3,3,3,3,2,2,3,3,1,3,3,4,3,3,2,3,3,4,4,2,3,3,3,3,2,1,3,3,2,2,1,2
DN0300,1,2,2,2,1,2,1,4,4,4,5,3,3,3,4,3,3,4,3,4,1,3,3,3,2,2,3,3,3,3,2,4,3,4,3,4,4,4,4,3
DN0301,1,1,2,2,3,3,2,2,3,3,3,5,5,5,5,4,4,4,3,5,4,4,4,2,2,1,2,1,2,1,1,4,4,4,4,3,3,2,3,1
DN0302,1,2,4,2,4,2,2,3,1,3,4,2,1,3,1,3,3,3,4,3,3,3,3,1,2,2,3,3,3,3,4,3,3,2,3,3,2,3,3,2
DN0303,1,2,3,4,4,2,2,4,5,4,5,3,2,3,3,1,3,2,3,1,2,2,3,2,2,2,3,2,1,2,2,1,1,2,3,3,2,2,2,2
DN0304,1,2,3,2,3,4,3,4,3,4,4,3,3,3,4,2,3,3,4,3,4,4,3,2,2,3,4,3,5,3,4,3,3,2,2,1,2,2,3,2
DN0305,1,2,3,1,1,2,3,3,4,3,3,4,3,4,3,3,3,4,2,5,4,5,3,5,4,4,4,2,3,3,2,3,4,5,3,4,4,4,2,3
DN0306,1,1,4,3,1,2,3,3,2,3,4,1,1,3,2,1,1,2,1,3,3,3,3,2,2,4,3,3,2,3,4,2,3,3,2,3,2,1,1,2
DN0307,1,1,1,2,2,4,2,3,3,1,2,4,3,3,3,3,4,3,4,2,2,2,2,1,3,3,3,4,4,5,5,2,1,3,2,2,3,4,2,2
DN0308,1,1,2,1,1,1,3,3,3,3,3,3,3,3,1,4,3,5,4,3,1,2,3,5,4,5,4,3,4,5,3,3,1,1,3,4,5,3,3,4
DN0309,1,2,2,2,4,2,2,4,3,3,3,5,4,3,5,4,3,3,4,3,3,3,3,3,3,4,4,4,2,2,1,4,4,5,5,3,3,3,5,2
DN0310,1,1,2,2,2,3,2,4,5,4,5,2,2,3,2,3,3,3,3,5,5,5,5,4,5,4,5,3,2,5,4,4,5,4,5,3,4,3,4,3
DN0311,1,1,2,3,1,2,1,3,3,4,3,5,4,3,4,3,3,1,4,2,3,3,3,3,1,1,3,4,3,2,4,2,2,3,3,1,2,2,3,2
DN0312,1,4,2,4,2,1,1,4,3,4,4,2,2,5,3,5,5,5,4,4,5,3,4,3,3,2,4,1,1,2,3,2,2,2,3,2,4,3,2,2
DN0313,1,2,3,4,3,1,3,5,5,5,5,5,4,4,5,5,4,4,5,3,2,3,3,5,5,5,4,2,4,4,3,4,4,5,5,5,5,5,5,4
DN0314,1,1,2,3,1,4,3,3,3,3,2,2,4,2,4,2,1,1,1,4,2,2,2,3,2,4,2,3,2,3,4,1,2,2,2,3,3,4,2,3
DN0315,1,1,3,1,2,1,2,5,4,3,4,5,4,4,4,3,3,5,4,5,4,4,4,5,4,3,4,4,4,3,4,4,4,3,3,4,4,5,5,4
DN0316,1,1,4,1,1,3,2,1,1,1,1,2,3,2,1,3,3,4,4,4,2,5,4,2,2,1,4,2,1,2,1,1,1,1,2,3,2,2,1,2
DN0317,1,1,2,1,2,1,2,2,4,1,2,2,1,3,3,3,4,2,4,3,2,2,4,4,1,2,2,3,3,5,3,2,1,2,2,3,3,2,2,2
DN0318,1,1,3,3,2,2,4,1,1,1,2,2,3,2,1,1,1,2,2,1,2,2,2,2,1,1,2,1,1,1,1,1,3,4,2,1,1,1,1,1
DN0319,1,4,2,3,1,3,4,5,4,4,4,5,5,4,5,5,3,4,4,3,5,4,4,3,5,4,5,2,3,3,4,1,1,1,3,3,3,4,3,3
DN0320,1,1,2,3,2,2,2,4,5,3,4,1,1,2,1,4,4,3,5,4,4,4,4,3,5,3,3,5,4,4,3,2,3,2,2,3,4,4,3,3
DN0321,1,2,3,1,1,1,1,3,4,2,5,4,4,3,5,4,4,2,2,4,4,5,5,3,3,3,2,5,4,3,4,3,2,3,3,4,4,3,3,3
DN0322,1,1,3,3,1,2,3,5,5,5,4,1,3,2,3,4,2,2,2,3,1,1,3,3,4,4,3,4,4,5,4,3,4,3,4,4,4,4,4,3
DN0323,1,2,3,3,4,2,1,4,5,4,4,3,5,4,4,5,5,5,5,3,4,3,3,3,4,4,2,5,5,5,4,4,4,4,3,5,3,5,5,1
DN0324,1,1,2,3,4,2,2,4,2,3,4,5,3,4,4,2,4,5,4,4,3,3,3,2,3,1,1,3,3,2,1,5,3,3,4,3,4,3,4,3
DN0325,1,1,1,4,2,3,2,1,3,3,3,4,4,5,3,4,4,4,5,2,2,1,2,3,4,3,2,2,1,1,3,2,1,2,3,2,3,3,4,3
DN0326,1,3,3,4,2,4,3,1,1,1,1,1,3,2,1,5,3,5,4,2,2,2,2,1,1,3,3,2,2,1,3,4,3,3,2,1,2,1,1,1
DN0327,1,1,3,4,2,1,1,5,5,3,5,4,4,4,5,4,5,5,5,2,2,3,2,4,1,3,3,5,5,5,4,4,3,3,3,4,5,2,4,2
DN0328,1,2,2,2,1,1,2,4,3,3,5,5,4,3,4,4,4,4,4,3,2,3,1,3,2,3,3,4,4,3,3,5,5,4,4,5,4,5,5,4
DN0329,1,2,4,3,4,2,1,5,4,5,4,2,5,3,4,3,2,3,4,4,2,4,3,2,4,3,3,4,4,5,4,4,5,4,5,5,4,4,4,2
DN0330,1,1,1,1,1,3,2,4,4,5,3,3,3,4,4,4,2,3,4,5,3,3,4,4,3,4,4,4,1,3,2,5,4,5,5,3,3,4,4,1
DN0331,1,5,2,3,2,2,2,3,4,2,4,4,4,3,2,4,3,2,4,1,1,1,1,3,3,1,4,3,2,2,4,1,1,1,1,3,1,4,4,3
DN0332,1,2,4,4,3,2,3,3,3,3,4,4,1,3,2,2,3,4,4,1,2,2,2,5,3,4,5,2,4,2,2,1,2,3,4,1,2,2,2,2
DN0333,1,2,4,3,1,1,2,1,2,1,2,4,5,4,4,5,5,5,5,4,3,3,4,4,3,3,4,2,4,4,3,3,1,2,3,4,4,4,4,4
DN0334,1,2,2,3,2,2,3,3,4,3,3,3,4,4,2,3,3,4,4,3,3,3,4,3,3,4,2,2,1,2,2,2,3,3,3,3,3,3,2,1
DN0335,1,2,3,1,1,3,1,5,4,5,5,4,3,2,4,2,1,2,1,2,2,3,1,2,2,2,2,2,1,2,1,2,3,3,4,3,2,2,4,2
DN0336,1,2,1,1,1,3,2,2,2,1,1,4,2,3,3,3,2,3,3,3,1,4,2,3,3,2,5,1,3,2,2,2,2,2,3,3,2,4,4,3
DN0337,1,1,4,2,4,2,2,5,5,5,5,4,3,4,5,5,4,3,4,5,5,5,5,5,4,5,5,4,4,5,4,5,5,5,5,5,4,5,5,4
DN0338,1,2,1,3,3,2,2,4,3,4,4,3,4,4,3,5,3,4,5,3,2,3,3,3,3,3,2,2,2,3,1,3,4,2,3,5,4,4,4,2
DN0339,1,1,2,2,3,3,2,4,4,5,5,2,1,2,3,5,3,4,3,2,2,3,3,4,5,3,4,5,5,5,5,4,5,4,4,4,4,4,5,2
DN0340,1,3,4,3,1,1,2,3,4,3,4,3,3,3,5,1,2,2,3,1,1,3,3,3,3,2,3,2,4,3,2,5,3,3,3,2,4,2,3,4
DN0341,1,1,2,1,1,2,2,3,4,4,4,4,4,3,3,2,4,4,4,3,4,3,3,5,5,5,4,4,5,5,3,3,2,3,4,4,4,4,3,4
DN0342,1,5,1,2,2,2,3,3,4,3,3,5,5,5,5,4,4,4,4,5,4,5,4,5,3,5,2,5,5,3,3,4,3,3,4,4,4,4,5,3
DN0343,1,2,2,2,3,1,3,2,2,2,2,4,5,4,3,2,3,5,3,4,2,3,2,2,1,2,2,2,1,2,3,3,3,2,2,3,2,2,3,3
DN0344,1,1,1,4,1,1,3,3,3,3,3,1,3,2,1,2,4,2,3,4,2,3,3,2,1,2,1,3,4,4,3,2,2,2,2,2,1,2,1,3
DN0345,1,1,2,2,1,2,3,1,1,1,1,4,3,4,3,2,4,1,3,2,4,3,2,1,1,1,1,2,2,4,4,1,1,1,1,1,1,1,1,1
DN0346,1,3,1,2,1,2,2,2,2,1,1,3,3,3,4,2,3,3,1,2,3,4,4,4,4,4,4,4,4,2,3,3,3,2,2,3,3,3,3,3
DN0347,1,2,2,3,4,2,2,2,2,3,3,2,1,1,1,2,3,2,3,2,3,3,3,2,4,2,2,4,4,4,4,4,2,3,4,3,2,2,3,2
DN0348,1,2,2,3,2,3,3,3,2,4,3,4,1,2,3,3,1,2,2,2,2,2,3,5,5,2,4,3,2,2,3,4,3,2,3,1,2,3,2,2
DN0349,1,2,3,4,1,2,1,2,4,4,3,2,2,3,1,2,3,3,2,3,2,4,3,2,5,3,2,3,3,2,3,2,3,4,3,3,3,2,3,2
DN0350,1,2,2,1,4,2,1,3,2,3,3,4,3,4,3,3,5,4,4,4,3,2,2,3,4,3,3,4,4,3,4,3,3,1,2,3,4,2,3,3
DN0351,1,2,3,2,3,3,1,4,3,2,5,3,2,5,3,4,4,2,4,5,5,5,4,3,2,3,1,1,2,4,2,3,2,2,3,2,2,3,3,1
DN0352,1,1,2,2,2,3,4,4,1,3,4,1,2,2,2,2,4,2,3,2,3,2,2,3,3,3,3,2,5,4,3,3,3,4,4,4,4,4,2,1
DN0353,1,1,1,3,5,3,2,5,4,4,4,3,3,3,3,2,1,3,3,4,3,5,3,3,5,4,1,3,1,2,2,3,3,3,3,3,2,2,3,4
DN0354,1,2,2,3,2,1,1,2,1,2,2,3,1,1,1,3,2,3,3,3,3,4,3,3,3,1,2,1,3,2,2,3,5,3,3,2,2,2,1,1
DN0355,1,2,3,3,2,2,3,3,4,2,3,1,2,1,2,1,3,4,3,3,3,4,4,1,2,3,3,1,2,1,2,3,4,4,4,3,3,3,2,1
DN0356,1,2,2,1,2,2,2,4,5,5,4,5,5,5,5,2,4,5,4,5,4,4,4,4,4,4,3,5,5,5,3,3,3,4,3,4,4,5,5,4
DN0357,1,1,2,1,2,2,2,3,2,1,3,5,4,4,4,4,5,3,4,4,3,4,3,2,2,3,3,3,3,4,4,2,3,3,3,3,3,4,3,4
DN0358,1,4,2,2,2,3,2,5,5,5,5,4,4,5,4,4,4,3,4,4,4,3,5,4,4,2,4,4,4,3,3,3,4,2,2,5,4,4,4,2
DN0359,1,3,1,4,1,1,2,1,2,2,1,1,2,1,1,4,2,2,3,3,3,2,2,1,3,2,1,1,1,1,1,2,4,4,3,2,2,1,3,2
DN0360,1,2,2,1,2,2,4,3,4,4,4,2,3,2,4,3,3,3,4,5,4,4,5,3,3,3,2,3,3,2,4,2,2,3,2,2,2,4,2,2
DN0361,1,1,4,4,2,2,2,3,1,3,3,2,3,2,2,2,1,2,1,3,4,4,5,2,2,2,1,2,3,3,3,3,3,3,4,3,1,1,1,1
DN0362,1,2,2,3,1,2,2,5,5,5,4,2,2,1,5,3,2,3,3,3,4,2,4,3,4,4,3,2,4,2,2,3,3,3,3,2,2,3,1,2
DN0363,1,1,2,4,5,3,2,3,2,3,3,1,3,3,3,4,4,3,4,4,4,3,4,4,4,2,4,3,3,2,2,3,5,5,4,2,3,2,4,2
DN0364,1,1,2,1,4,2,3,4,2,4,3,4,4,3,2,3,3,2,3,3,5,5,3,3,2,2,1,1,2,3,2,3,3,2,2,4,3,4,3,2
DN0365,1,1,2,3,4,2,2,3,4,3,3,4,3,4,4,1,3,3,3,5,5,5,5,3,3,5,5,4,4,4,5,3,3,3,4,3,4,5,3,3
DN0366,1,1,1,4,2,1,2,2,4,2,3,2,4,3,2,3,1,3,2,3,3,2,1,1,2,2,2,4,3,3,3,4,3,2,4,2,2,3,3,2
DN0367,1,1,1,4,3,3,2,3,4,3,3,3,2,2,3,5,3,3,2,2,1,2,2,3,3,2,2,3,2,2,2,2,2,3,2,1,1,1,2,1
DN0368,1,2,1,4,4,2,2,3,3,2,3,5,4,4,5,3,2,3,2,4,5,4,4,3,5,5,5,3,3,4,4,2,4,3,2,4,4,4,4,3
DN0369,1,1,4,2,2,3,4,3,3,3,2,3,2,2,3,3,3,3,2,2,3,3,3,2,2,1,2,1,3,1,1,3,2,3,2,1,1,1,1,1
DN0370,1,1,2,2,3,1,1,1,2,3,2,4,4,3,3,3,3,3,3,1,3,1,2,3,1,1,1,3,3,2,3,1,2,1,1,2,3,3,2,2
DN0371,1,1,2,2,4,3,3,3,4,4,3,3,2,3,4,3,2,3,2,2,4,4,3,1,2,1,1,3,2,2,2,3,3,3,2,3,1,2,2,1
DN0372,1,2,4,3,4,1,3,4,3,1,3,5,3,3,4,3,3,2,3,2,3,1,1,2,2,2,3,3,3,2,3,3,5,5,3,2,2,2,3,2
DN0373,1,2,4,4,4,2,3,3,2,3,2,4,3,3,4,1,2,2,3,3,3,3,3,3,3,4,4,4,3,4,3,4,5,4,4,3,2,3,3,2
DN0374,1,1,2,3,2,2,2,3,2,2,1,3,3,2,1,3,5,2,3,3,4,3,2,4,3,3,4,4,2,4,2,2,2,2,2,3,2,3,3,1
DN0375,1,4,2,4,2,2,3,4,2,3,2,2,3,3,3,1,2,2,3,3,4,2,2,2,2,2,2,3,3,4,3,2,3,2,4,2,2,1,2,1
DN0376,1,3,2,2,1,2,3,3,3,3,3,4,4,5,3,4,2,3,3,4,4,4,4,5,4,4,4,3,4,3,3,5,5,5,4,4,4,4,2,3
DN0377,1,2,4,3,1,2,2,3,1,4,3,1,1,1,3,2,1,1,3,3,1,2,3,3,3,4,3,5,3,5,3,4,3,4,3,2,2,3,3,2
DN0378,1,2,1,3,1,1,1,2,1,2,1,1,3,1,2,2,1,1,1,3,3,4,2,2,1,1,1,3,1,2,4,2,1,2,1,1,1,1,1,1
DN0379,1,2,2,3,2,1,4,4,2,2,2,2,3,3,3,4,3,4,2,2,3,4,3,2,2,2,3,2,4,4,3,4,4,2,3,3,2,1,3,1
DN0380,1,4,3,1,2,1,4,3,2,4,4,3,3,4,4,4,4,5,4,2,4,3,4,3,3,3,3,2,2,3,2,5,5,4,4,5,4,5,3,4
DN0381,1,2,1,2,3,2,3,3,4,3,4,4,3,3,2,3,3,2,2,3,2,3,3,4,5,5,4,1,1,2,2,2,2,3,3,4,4,3,2,3
DN0382,1,1,2,4,3,2,3,3,4,2,3,4,3,3,5,3,3,3,3,3,2,3,5,3,4,4,4,5,4,5,4,3,2,3,3,4,3,5,5,3
DN0383,1,4,2,3,1,1,4,2,4,3,3,4,2,3,4,3,3,3,3,2,1,1,1,3,3,3,3,1,2,2,3,5,3,4,4,3,3,2,2,2
DN0384,1,1,2,3,2,2,2,2,1,3,1,1,2,2,2,2,3,3,3,3,4,3,3,2,2,2,1,2,2,2,2,3,3,2,3,1,2,1,3,2
DN0385,1,1,1,3,2,3,3,2,2,3,2,3,3,4,4,3,3,3,2,3,5,4,3,2,3,3,2,2,4,4,3,4,2,3,4,4,4,4,3,2
DN0386,1,2,1,4,1,3,2,3,4,3,3,3,4,3,4,3,3,2,3,1,2,3,2,4,2,3,3,1,2,4,4,4,3,4,4,3,4,3,3,2
DN0387,1,1,2,4,3,1,2,4,3,4,3,2,2,2,2,3,2,4,1,2,3,2,2,1,2,2,1,3,3,4,3,1,2,3,2,3,3,3,3,4
DN0388,1,2,4,2,2,2,4,4,2,3,1,2,2,3,3,1,3,2,3,2,3,2,2,3,3,2,3,2,1,2,3,2,2,3,3,3,2,3,3,1
DN0389,1,3,2,3,2,1,3,3,3,2,2,3,2,1,2,2,3,2,3,1,1,1,1,3,2,2,1,3,1,2,3,5,5,4,5,2,2,3,3,2
DN0390,1,2,2,2,3,1,2,1,1,1,1,1,2,2,1,3,3,2,4,1,2,1,2,3,2,3,2,1,2,1,1,1,1,1,2,2,1,2,2,2
DN0391,1,4,3,1,2,1,3,1,2,2,2,3,3,2,3,2,2,2,1,4,3,3,4,1,1,2,1,1,2,2,3,3,3,3,3,3,2,2,1,1
DN0392,1,2,3,4,1,3,2,3,2,4,3,3,3,3,3,3,3,3,2,3,3,2,5,2,2,3,3,4,4,4,5,2,2,3,3,2,2,3,2,2
DN0393,1,1,2,2,5,2,2,2,3,4,3,5,3,4,3,4,3,5,4,4,3,5,4,4,4,4,3,5,5,4,5,5,3,4,4,3,3,4,4,3
DN0394,1,2,2,4,3,2,4,4,3,3,2,3,3,3,4,3,3,3,3,3,4,5,3,1,1,1,3,3,2,3,3,3,3,4,2,4,3,2,3,1
DN0395,1,1,3,3,3,3,4,4,2,3,3,3,3,1,3,1,3,1,1,3,3,2,1,1,1,2,1,4,3,2,4,2,2,3,2,2,1,2,1,1
DN0396,1,2,2,2,2,1,3,3,4,4,3,4,2,3,3,5,3,4,2,3,2,3,2,2,4,3,5,3,3,4,3,2,4,2,4,5,4,3,3,3
DN0397,1,1,2,4,2,2,2,2,3,3,4,4,4,5,5,4,2,4,4,4,4,4,5,3,3,3,3,1,3,2,2,3,4,1,1,4,5,4,3,2
DN0398,1,2,2,3,1,1,3,3,2,1,1,4,2,3,2,4,2,3,4,3,3,5,3,4,3,4,2,5,5,5,4,3,4,3,2,3,4,4,4,4
DN0399,1,1,1,3,1,1,1,3,3,3,3,3,4,2,3,3,4,4,1,4,4,3,3,4,4,3,5,3,3,2,2,4,4,4,3,3,3,2,2,4
DN0400,1,3,2,3,1,2,2,2,2,1,1,2,3,3,2,2,1,1,1,3,3,3,2,2,2,1,1,3,2,3,3,1,2,1,1,1,1,1,1,2
DN0401,1,1,4,3,1,3,1,2,3,3,3,2,3,2,2,3,3,3,5,3,3,2,4,3,3,3,4,3,3,3,3,4,4,5,3,3,2,2,3,4
DN0402,1,2,1,2,5,2,3,2,2,2,5,2,4,3,2,2,2,3,2,4,5,5,5,5,3,4,3,3,3,2,4,2,3,2,3,2,2,4,2,2
DN0403,1,1,1,2,3,1,1,3,3,3,4,3,1,2,1,1,3,3,2,3,3,2,3,2,4,1,4,3,2,3,1,2,3,1,3,1,3,4,2,3
DN0404,1,2,3,2,1,2,1,1,2,1,1,3,3,3,2,4,2,3,2,2,2,2,3,3,4,3,4,4,3,2,3,1,1,1,1,2,2,3,2,2
DN0405,1,3,3,4,1,2,3,3,3,2,3,5,5,5,5,2,3,4,2,4,4,3,2,3,5,3,2,3,1,3,2,5,4,4,5,5,5,5,4,2
DN0406,1,1,1,2,2,3,3,4,3,4,2,1,2,2,2,2,2,1,1,2,2,2,3,1,2,2,2,3,3,3,2,3,2,3,2,2,3,2,2,1
DN0407,1,1,1,3,4,1,4,2,3,3,3,1,2,3,2,2,3,5,4,4,3,2,4,5,3,4,4,2,4,2,4,3,3,3,3,3,2,3,3,2
DN0408,1,2,4,4,3,1,1,4,3,3,3,4,3,3,2,5,4,3,3,2,3,3,2,3,2,3,4,4,5,3,5,4,3,2,4,5,5,5,4,3
DN0409,1,1,2,3,2,4,2,2,1,2,3,2,4,2,4,3,3,3,3,2,2,1,2,3,2,2,3,3,2,3,3,2,3,3,2,2,2,3,2,2
DN0410,1,1,1,4,5,2,2,3,4,4,3,3,3,3,2,3,4,4,5,3,3,2,1,3,4,2,2,3,2,3,2,1,2,1,1,3,4,3,3,2
DN0411,1,1,2,3,3,1,4,3,1,1,2,4,3,4,3,4,4,3,2,4,3,4,5,3,2,2,2,3,1,3,2,2,2,1,1,4,3,4,3,4
DN0412,1,2,1,2,3,2,2,2,2,2,2,2,2,1,2,2,1,4,2,2,2,4,1,3,5,4,3,3,3,4,3,2,2,1,3,2,2,3,2,2
DN0413,1,1,3,2,2,1,4,1,1,1,3,1,1,1,1,1,1,1,3,2,3,3,3,4,3,3,4,4,3,4,2,2,1,2,1,2,2,2,3,4
DN0414,1,1,3,3,1,2,4,4,3,2,3,5,3,5,5,2,3,4,4,2,3,2,3,2,2,2,3,2,4,3,3,4,3,4,4,2,3,2,2,3
DN0415,1,3,3,3,1,2,3,5,4,5,5,5,4,4,4,4,5,4,4,4,3,4,5,3,3,5,3,4,5,3,5,3,2,4,2,4,4,4,5,3
DN0416,1,1,4,3,1,1,3,2,4,3,4,3,3,3,2,4,3,4,5,3,3,3,3,5,5,5,5,1,3,1,4,5,5,5,5,4,4,3,5,3
DN0417,1,1,2,2,5,4,2,4,3,3,4,2,3,3,4,2,3,3,4,3,3,3,3,4,4,2,3,2,3,3,4,2,2,3,2,4,4,3,4,2
DN0418,1,2,1,4,4,2,2,3,4,2,4,2,1,2,2,1,3,2,2,3,3,4,3,4,3,3,4,3,4,2,3,1,2,2,1,3,5,3,2,2
DN0419,1,3,4,4,4,1,4,2,1,2,2,3,2,2,2,2,1,2,2,2,2,3,3,2,2,2,4,2,3,3,3,3,2,2,2,4,2,2,2,3
DN0420,1,2,2,4,3,2,4,4,5,3,2,3,1,1,3,1,1,1,1,5,5,4,4,1,2,2,1,2,2,2,2,2,3,3,3,2,3,3,2,3
DN0421,1,4,2,4,1,2,3,3,1,2,2,1,3,3,2,5,3,4,4,3,1,2,1,3,2,2,3,3,4,3,2,4,2,3,2,3,2,3,1,1
DN0422,1,2,2,4,2,2,1,5,4,4,4,4,3,4,4,5,3,4,3,4,3,4,2,5,4,5,4,3,3,4,2,4,3,3,3,4,4,4,5,3
DN0423,1,2,1,3,1,1,2,2,3,3,2,1,3,2,4,2,2,2,3,3,1,2,1,2,1,2,1,3,4,4,5,1,1,1,1,3,1,3,4,2
DN0424,1,1,1,3,1,3,2,5,4,3,3,3,4,2,3,3,2,2,2,4,4,3,4,2,3,2,2,3,3,3,4,3,2,3,3,3,3,3,4,2
DN0425,1,3,1,1,1,3,1,4,3,1,3,5,3,5,3,2,4,2,1,5,4,5,4,4,2,4,3,3,3,3,3,3,4,2,2,3,3,2,3,3
DN0426,1,3,2,3,1,3,1,5,4,4,5,3,3,3,4,2,3,2,2,4,3,2,3,5,5,5,5,3,2,2,1,4,5,3,4,4,4,4,4,3
DN0427,1,1,2,3,2,2,2,1,1,3,2,1,2,2,3,1,3,3,2,3,3,3,3,2,2,2,2,2,2,3,3,3,4,3,3,2,2,1,3,2
DN0428,1,5,1,2,3,3,4,3,3,4,3,4,3,4,2,2,3,2,2,4,4,4,4,3,3,5,4,3,4,4,4,2,2,2,4,3,4,4,4,3
DN0429,1,2,4,2,1,2,1,4,4,3,4,2,3,3,1,4,3,3,3,2,2,5,3,3,4,4,2,2,3,3,1,3,4,3,3,4,3,2,3,4
DN0430,1,1,1,2,5,4,1,1,4,2,2,2,2,3,2,2,2,1,2,4,4,5,4,3,4,2,3,1,3,2,3,3,2,2,3,4,3,3,2,2
DN0431,1,2,4,1,2,3,2,1,1,2,1,3,2,4,2,3,3,2,2,3,3,3,3,3,5,4,5,3,3,3,2,3,2,4,2,1,3,3,3,1
DN0432,1,2,4,2,1,2,2,1,2,2,2,3,2,4,4,1,1,2,3,3,2,2,3,3,3,2,2,5,5,2,3,4,3,2,4,3,3,3,3,3
DN0433,1,4,1,3,2,2,2,3,3,4,5,3,3,3,4,2,4,3,3,3,3,5,2,3,3,3,1,4,3,5,4,4,2,3,3,2,4,4,3,1
DN0434,1,2,2,2,1,4,4,3,4,2,2,3,2,2,1,3,3,4,3,1,1,2,2,4,2,3,3,4,3,2,3,3,1,3,3,2,2,3,3,2
DN0435,1,1,1,4,2,4,1,4,3,4,3,2,2,2,1,2,3,2,3,1,4,3,2,4,3,2,3,1,2,2,1,4,5,5,5,3,3,3,3,3
DN0436,1,2,1,1,2,2,2,4,5,5,3,3,4,5,3,3,3,4,3,3,3,3,3,5,4,4,5,4,3,3,4,5,4,3,4,5,5,5,5,4
DN0437,1,2,3,3,2,3,2,2,2,1,2,2,3,1,3,3,2,3,3,2,2,3,3,1,3,2,3,4,2,3,2,2,2,3,2,2,1,1,1,1
DN0438,1,1,4,4,2,3,1,2,2,2,4,3,2,3,1,2,3,3,2,4,3,4,4,4,3,3,3,2,3,3,4,2,1,3,2,3,3,2,3,2
DN0439,1,2,2,4,2,3,1,1,2,2,4,4,4,5,5,3,5,4,3,3,3,3,3,3,3,2,1,3,3,4,2,3,3,4,3,5,4,4,4,4
DN0440,1,3,1,1,3,4,2,2,4,1,2,2,2,3,3,3,2,3,2,5,3,4,4,4,4,4,3,4,5,3,3,4,4,4,4,3,3,4,5,3
DN0441,1,1,2,4,1,3,2,4,3,3,4,2,1,2,3,4,3,3,5,3,2,3,3,3,3,4,4,1,3,4,3,4,4,4,4,2,4,3,4,4
DN0442,1,3,1,2,4,4,1,3,3,3,2,3,3,3,4,2,3,4,3,5,4,5,4,3,3,4,4,5,4,3,4,2,4,2,4,4,5,3,4,2
DN0443,1,1,1,3,2,3,2,2,3,3,4,2,3,3,4,3,1,2,2,2,2,3,2,1,3,3,1,3,2,1,3,1,2,2,2,3,3,2,2,2
DN0444,1,1,1,1,5,3,1,5,4,5,4,3,4,4,3,1,2,1,1,4,4,2,3,1,2,3,3,3,4,3,3,2,1,2,2,5,4,4,5,3
DN0445,1,1,2,2,3,3,2,3,3,3,4,4,3,5,4,5,5,4,4,3,3,4,3,3,3,3,3,3,4,4,4,5,3,3,3,5,3,3,3,2
DN0446,1,2,3,1,2,3,2,3,1,3,1,3,3,4,3,5,4,4,4,2,1,2,3,2,2,2,3,2,3,2,3,4,4,3,5,3,3,3,2,2
DN0447,1,5,4,2,1,1,2,4,3,3,3,4,3,4,4,4,2,4,4,5,5,5,4,5,4,4,3,3,2,2,2,3,3,3,3,4,4,3,3,3
DN0448,1,2,1,4,4,2,2,4,4,5,4,3,3,2,4,5,5,5,4,3,4,3,2,4,4,4,4,2,2,1,2,2,1,3,3,4,4,4,5,4
DN0449,1,2,2,2,2,1,2,2,3,2,2,3,2,3,1,5,3,3,5,4,3,3,4,3,2,3,1,2,1,1,1,1,1,1,1,3,4,4,3,3
DN0450,1,1,2,2,1,2,2,2,1,3,2,2,4,3,2,2,2,3,1,3,2,4,3,1,2,3,3,3,3,2,2,3,3,3,2,3,3,4,3,2
DN0451,1,2,3,4,3,1,2,4,4,4,3,3,2,2,4,2,4,2,2,2,2,4,3,3,3,2,3,4,2,3,4,4,4,4,4,4,4,5,5,3
DN0452,1,1,2,1,2,3,2,4,4,3,4,3,2,2,4,2,2,3,4,3,3,2,4,4,3,3,4,5,3,3,5,3,3,3,3,5,5,4,4,2
DN0453,1,1,3,3,2,2,2,1,1,1,1,4,4,3,3,4,4,3,3,2,2,3,3,2,2,3,3,3,3,4,2,3,2,4,3,2,2,3,2,1
DN0454,1,1,3,3,1,4,2,2,2,2,2,3,4,3,5,2,4,3,2,2,3,4,3,2,2,2,3,4,4,5,4,2,2,2,2,2,1,2,3,2
DN0455,1,1,1,3,1,4,2,3,4,3,4,3,4,2,3,3,4,2,3,2,2,1,2,3,3,3,3,2,2,2,2,3,3,2,3,4,3,3,4,4
DN0456,1,2,2,3,1,2,2,3,2,3,3,3,3,2,4,4,3,4,3,4,3,3,4,4,5,5,5,5,5,5,5,4,5,4,3,3,4,4,5,2
DN0457,1,1,1,2,3,2,3,3,4,2,2,3,2,3,3,2,3,3,1,2,2,3,3,4,4,2,2,3,1,2,1,3,3,4,3,2,1,1,1,2
DN0458,1,3,2,2,2,1,2,1,2,3,2,1,1,2,3,2,1,2,1,1,1,2,1,2,2,2,2,1,2,1,3,1,1,2,1,2,2,2,2,2
DN0459,1,1,1,2,3,2,4,2,2,2,3,2,1,1,4,1,2,1,4,2,3,3,1,2,4,1,2,3,3,4,2,1,1,1,1,2,2,1,2,2
DN0460,1,1,2,3,3,2,2,1,2,2,2,5,4,5,4,4,3,4,3,2,2,2,3,5,3,4,4,4,3,3,2,4,4,3,4,3,3,2,4,1
DN0461,1,4,2,2,1,1,2,5,4,4,3,4,5,5,5,2,4,2,1,4,4,3,3,4,4,3,4,4,4,4,4,5,4,3,4,4,3,4,2,3
DN0462,1,1,1,3,2,2,1,3,3,3,4,2,4,2,4,5,3,2,4,5,3,4,5,4,3,4,4,4,5,3,5,3,1,2,3,3,3,3,4,3
DN0463,1,1,2,3,3,3,1,3,4,4,3,3,3,3,2,4,2,2,3,3,2,3,1,2,1,2,2,4,4,3,3,3,4,3,3,3,3,2,3,1
DN0464,1,2,1,3,1,3,2,4,3,4,5,4,4,4,5,3,4,2,2,5,4,4,4,3,2,3,3,5,4,4,4,2,3,2,3,4,4,4,3,3
DN0465,1,2,1,2,1,2,2,4,4,4,4,4,3,4,4,3,4,4,2,1,2,2,2,4,3,4,4,4,5,5,4,3,1,1,3,2,1,2,3,2
DN0466,1,1,2,4,4,1,4,4,3,4,4,3,3,3,3,5,5,5,5,5,5,4,5,5,5,4,5,3,5,4,4,3,2,3,4,4,4,5,5,4
DN0467,1,1,2,3,4,1,2,5,4,2,3,3,3,3,2,4,2,3,3,4,4,5,4,3,4,4,4,3,4,4,4,4,3,4,3,4,4,4,4,2
DN0468,1,1,2,4,1,4,2,5,4,5,4,4,4,3,4,3,3,5,2,5,5,5,5,3,2,4,1,2,3,4,2,2,3,4,2,4,3,5,3,2
DN0469,1,3,2,3,1,3,4,2,2,3,3,3,3,2,3,3,3,2,5,4,4,4,5,3,3,4,4,4,5,4,5,3,4,5,4,4,5,5,5,3
DN0470,1,4,3,4,3,2,2,2,4,3,4,3,3,3,2,3,4,3,4,4,5,3,5,3,3,4,4,4,4,3,3,2,2,3,2,2,1,2,2,1
DN0471,1,2,1,2,2,1,1,2,3,3,2,5,4,5,5,5,5,5,5,3,4,2,4,4,4,4,4,5,2,4,4,2,4,4,2,4,3,3,4,2
DN0472,1,1,1,2,2,1,2,1,3,3,3,4,5,5,3,4,2,5,5,3,4,3,3,3,3,4,4,4,4,4,4,4,4,4,4,4,3,4,4,4
DN0473,1,2,2,2,1,1,2,2,3,4,2,1,2,1,2,3,4,3,3,4,4,3,4,4,2,3,2,3,2,2,2,4,3,4,5,4,4,4,5,3
DN0474,1,2,3,4,3,2,2,5,4,4,3,3,3,3,3,2,2,2,3,3,3,5,3,2,2,2,1,5,4,3,3,4,4,4,3,3,3,4,3,2
DN0475,1,1,3,2,1,2,2,5,5,4,4,4,5,4,5,3,4,5,4,5,5,2,4,4,5,4,3,4,4,4,5,3,5,5,5,5,5,4,5,4
DN0476,1,1,1,3,1,2,2,4,4,4,3,2,3,3,2,2,3,3,2,3,2,3,4,2,2,3,2,2,1,1,3,4,3,3,3,3,2,3,2,2
DN0477,1,3,3,4,1,2,2,4,5,4,3,3,2,1,2,3,2,3,2,1,2,1,1,3,3,4,3,4,2,1,1,1,3,3,2,3,2,3,1,1
DN0478,1,1,1,1,3,3,4,3,3,4,2,4,5,3,3,4,2,3,5,2,4,3,3,3,3,3,2,3,2,3,2,5,5,5,5,4,4,3,5,4
DN0479,1,1,3,1,3,4,3,5,3,3,3,5,3,3,3,4,3,5,3,2,1,1,2,2,3,3,2,3,3,1,3,3,2,3,4,1,1,2,2,2
DN0480,1,2,2,4,4,3,3,3,2,2,2,2,3,2,3,1,2,1,2,1,1,1,1,4,4,4,4,2,2,2,1,5,3,4,3,2,3,2,3,2
DN0481,1,2,3,1,1,2,4,5,5,5,3,2,2,2,4,3,3,3,4,5,3,3,3,3,3,3,3,3,4,4,3,4,3,4,3,4,4,3,3,3
DN0482,1,2,1,2,2,1,1,3,4,4,2,3,3,4,4,4,3,4,4,2,2,3,3,2,3,3,2,3,3,1,2,2,2,3,3,2,2,2,2,2
DN0483,1,1,3,3,1,3,2,2,4,2,3,4,3,4,4,2,3,4,2,1,1,2,1,2,2,3,3,3,3,3,3,3,3,2,4,3,1,2,2,2
DN0484,1,4,3,3,3,2,2,2,2,1,2,4,3,3,3,3,4,2,3,4,3,3,4,3,3,4,5,4,3,4,3,3,3,1,2,3,2,2,3,1
DN0485,1,2,2,2,3,1,2,3,3,4,2,4,3,5,3,3,4,4,3,5,5,5,3,2,2,3,3,4,5,5,3,3,5,5,3,3,3,4,2,2
DN0486,1,4,2,2,2,3,2,3,3,3,3,2,1,3,2,3,5,5,2,3,3,3,2,4,4,5,4,3,4,3,3,3,2,3,1,3,5,3,5,2
DN0487,1,1,3,3,2,4,1,4,3,4,4,5,4,3,3,1,2,3,3,1,2,3,2,4,4,3,3,3,3,4,4,2,2,2,2,3,5,4,3,3
DN0488,1,2,1,4,2,1,2,2,3,3,4,4,3,5,2,4,3,2,3,2,3,1,4,3,2,2,3,4,3,4,3,2,2,2,2,2,3,3,3,2
DN0489,1,1,2,4,2,1,4,4,2,3,3,3,3,2,3,2,2,3,2,4,5,3,4,3,3,5,4,3,2,2,2,3,3,3,3,2,3,4,4,3
DN0490,1,2,1,3,3,2,2,3,1,4,3,2,2,3,2,1,1,1,2,2,1,2,2,3,2,2,2,3,1,2,3,1,1,1,1,2,3,2,1,2
DN0491,1,3,1,2,1,3,2,4,4,4,4,3,3,4,4,4,3,4,2,3,3,3,4,5,4,4,5,4,5,4,3,3,3,2,2,5,3,5,3,4
DN0492,1,4,2,2,2,1,1,4,5,3,1,3,1,2,2,5,2,2,3,2,3,4,3,4,3,2,2,5,5,4,4,2,3,2,2,4,3,2,2,1
DN0493,1,3,3,2,1,1,4,3,3,3,3,4,3,2,3,2,4,3,1,2,3,4,3,4,2,4,3,3,4,3,3,3,2,3,3,3,4,3,3,2
DN0494,1,1,1,3,3,1,2,3,5,3,4,4,3,2,2,4,3,3,4,4,5,5,4,3,3,2,3,2,2,2,4,3,3,4,5,3,3,2,5,3
DN0495,1,1,2,3,2,2,2,4,3,4,4,3,3,3,2,2,3,1,4,3,3,2,3,4,3,3,3,3,2,2,2,3,5,4,5,3,4,2,3,3
DN0496,1,1,1,2,2,2,1,3,3,3,5,3,5,4,4,4,5,5,3,4,4,3,3,5,4,4,4,3,4,5,3,5,5,5,5,5,4,5,5,4
DN0497,1,1,3,4,3,3,4,3,5,4,2,3,3,4,3,3,5,4,3,4,2,3,4,4,4,4,4,4,5,4,5,2,4,3,3,4,3,4,4,3
DN0498,1,1,1,3,2,1,1,2,2,1,3,3,4,3,3,3,2,4,3,3,2,2,3,3,3,1,1,4,3,3,3,1,2,1,2,2,3,3,3,1
DN0499,1,2,2,2,3,3,3,1,2,1,1,2,1,2,2,1,1,1,1,2,2,3,3,2,2,2,3,3,2,2,3,2,2,4,3,1,1,1,1,2
DN0500,1,1,1,4,2,2,2,2,4,4,4,4,3,4,3,1,3,3,1,4,4,3,4,4,5,4,4,4,5,4,3,4,3,4,4,4,4,4,4,2
DN0501,1,1,1,1,2,2,1,4,3,4,4,5,3,4,4,2,2,4,2,4,3,4,4,3,2,3,4,2,2,2,3,4,3,4,3,3,4,3,3,3
DN0502,1,1,1,3,2,3,2,3,2,1,1,4,2,3,3,2,1,1,2,3,3,4,3,3,3,3,4,5,4,5,5,3,3,3,2,3,2,3,4,2
DN0503,1,1,1,3,1,3,2,4,5,4,5,3,3,5,3,5,4,5,5,4,4,4,5,4,5,4,4,3,4,5,4,2,3,4,3,5,5,5,4,4
DN0504,1,1,2,3,2,2,2,3,2,4,3,2,3,3,3,4,5,4,3,1,2,3,1,3,3,3,3,2,2,2,2,4,4,3,3,2,4,3,4,3
DN0505,1,4,4,2,3,1,2,3,4,3,3,3,3,3,2,2,2,1,3,3,4,4,4,2,3,2,2,2,3,3,1,4,3,3,4,3,4,5,2,4
DN0506,1,2,1,3,2,2,3,3,3,5,4,1,1,2,2,1,1,1,2,2,1,3,3,2,4,3,3,3,3,3,2,2,3,2,1,3,2,4,2,1
DN0507,1,2,3,2,2,2,4,2,3,2,2,2,3,2,4,1,3,2,2,2,1,1,2,3,5,4,3,5,4,4,3,2,3,4,3,3,1,2,2,1
DN0508,1,1,1,2,1,2,2,3,4,4,3,3,2,1,1,3,3,2,3,4,4,4,4,2,4,4,3,4,5,3,2,3,4,2,2,3,3,3,3,2
DN0509,1,2,1,1,1,2,4,2,2,1,1,1,2,1,2,1,1,1,1,1,1,2,1,5,5,5,3,3,4,3,3,4,4,4,4,3,1,2,2,1
DN0510,1,4,2,3,3,2,3,2,3,3,4,4,4,3,3,4,4,5,5,5,4,4,5,3,2,4,3,4,4,3,5,3,2,2,4,5,4,4,3,3
DN0511,1,3,1,4,1,1,3,4,4,4,3,1,1,2,3,2,4,3,5,4,5,5,4,3,3,3,4,2,2,3,3,3,4,2,4,3,4,5,3,4
DN0512,1,1,1,3,4,2,4,4,5,4,4,4,5,5,4,5,3,5,3,5,4,4,4,5,5,4,5,2,5,3,1,5,4,4,4,4,4,3,4,4
DN0513,1,2,1,4,2,4,3,2,3,2,2,4,3,3,4,3,4,4,5,3,2,4,3,3,2,4,2,3,3,3,3,3,4,2,3,4,3,3,3,3
DN0514,1,1,3,2,5,2,1,2,3,1,3,1,2,3,2,3,3,3,2,3,3,3,3,3,3,4,3,4,4,5,3,1,3,2,2,1,3,2,3,2
DN0515,1,4,2,2,3,2,3,3,4,4,4,4,3,3,3,4,4,3,3,3,3,3,3,5,2,5,5,3,4,4,4,4,3,5,3,4,2,4,4,1
DN0516,1,1,2,3,2,2,2,2,1,1,3,2,2,2,2,1,2,2,1,3,3,2,3,3,3,2,2,3,3,3,2,2,3,3,2,3,2,2,1,1
DN0517,1,1,3,2,2,2,4,2,1,2,2,4,1,1,2,2,2,2,2,4,4,4,4,5,3,4,4,3,2,1,3,3,4,4,2,3,3,4,2,2
DN0518,1,2,3,3,3,2,3,3,3,3,4,5,4,4,4,5,5,5,3,4,3,3,5,5,5,5,4,4,3,4,3,3,4,4,4,3,2,2,3,2
DN0519,1,2,2,1,2,1,1,3,3,2,3,3,3,3,3,4,2,2,2,2,2,2,3,3,3,3,3,1,2,3,1,4,2,3,3,2,2,3,2,3
DN0520,1,2,4,4,2,2,2,3,2,2,3,3,3,4,3,3,2,4,2,3,4,5,4,3,3,3,4,5,2,1,3,2,1,1,1,3,3,2,4,3
DN0521,1,1,1,2,2,3,2,1,3,4,2,2,1,1,1,4,3,3,3,5,5,5,5,3,1,3,4,3,3,3,3,3,2,3,4,2,3,2,3,3
DN0522,1,3,2,2,2,1,1,2,2,2,3,4,4,2,3,2,4,3,2,2,1,2,2,1,2,1,2,3,3,1,2,3,3,3,4,3,4,2,2,3
DN0523,1,1,2,3,5,3,4,3,3,3,3,2,4,4,3,3,3,2,3,4,5,3,3,5,4,3,3,3,2,2,2,4,4,3,4,4,4,4,5,1
DN0524,1,2,3,4,1,2,3,4,4,4,4,3,5,4,4,3,4,3,2,1,2,1,2,3,3,4,3,2,4,3,1,4,3,3,3,4,4,3,4,4
DN0525,1,3,1,3,1,1,2,3,3,3,3,2,4,3,4,1,4,2,2,2,2,3,1,4,5,4,4,3,5,5,3,3,5,3,4,3,4,2,3,3
DN0526,1,4,1,2,2,1,1,2,1,3,3,2,3,2,1,1,1,2,3,2,1,2,3,5,3,3,3,2,3,3,2,2,3,3,4,1,2,2,1,2
DN0527,1,3,4,3,3,4,2,1,1,1,2,2,1,2,3,2,1,2,2,3,2,3,2,1,3,3,3,1,1,1,1,3,4,2,2,2,1,2,1,2
DN0528,1,1,1,3,1,2,1,3,3,4,4,2,2,2,3,2,2,3,4,1,3,4,4,3,1,3,1,1,2,1,2,3,3,1,4,2,2,2,3,1
DN0529,1,1,1,1,2,4,2,4,3,4,5,2,3,3,2,3,3,4,3,3,2,3,3,5,5,4,4,4,5,4,3,3,3,2,3,2,2,2,1,1
DN0530,1,1,4,3,2,3,2,3,4,4,4,2,4,3,3,1,2,1,2,4,5,5,5,3,1,3,2,3,5,4,3,4,3,3,3,4,3,5,3,2
DN0531,1,3,3,3,1,2,2,5,5,4,5,3,3,2,3,3,4,3,4,4,4,3,4,4,5,5,2,4,4,3,3,5,5,5,5,4,4,4,5,4
DN0532,1,2,1,3,1,3,3,3,5,4,4,2,4,3,3,4,3,2,3,3,5,5,3,2,3,1,1,4,3,3,3,3,3,3,2,3,2,3,3,2
DN0533,1,2,2,3,2,2,3,3,3,3,2,1,2,1,3,2,2,2,2,3,3,4,4,4,4,3,4,2,2,4,2,3,2,3,3,3,2,2,2,3
DN0534,1,1,2,2,2,3,2,1,3,3,3,2,1,3,2,2,2,3,3,3,3,3,3,5,2,4,3,4,3,3,2,1,2,1,1,2,2,1,3,1
DN0535,1,4,1,4,2,2,1,3,4,3,4,3,3,2,2,4,3,4,3,3,4,3,3,3,2,3,3,3,3,4,3,3,2,1,3,2,3,3,3,1
DN0536,1,4,4,2,5,2,1,1,1,1,3,3,3,3,3,3,1,3,2,3,3,3,2,4,4,3,4,3,3,2,3,2,2,2,2,2,2,1,2,1
DN0537,1,2,1,2,2,1,2,3,3,3,3,3,4,3,5,4,4,3,4,2,3,3,3,3,4,3,4,2,3,2,3,4,3,3,3,3,2,3,4,4
DN0538,1,1,1,4,3,4,2,2,2,3,2,4,4,3,3,2,3,4,2,3,4,5,4,2,2,3,3,5,3,5,5,4,3,5,4,3,3,3,3,4
DN0539,1,1,1,3,1,1,4,4,3,3,2,3,3,3,3,3,4,4,4,3,1,2,2,2,1,2,3,1,3,2,4,2,5,4,3,3,2,2,4,3
DN0540,1,3,3,3,4,1,1,2,2,1,2,2,3,3,4,3,4,4,3,2,4,3,3,1,2,2,1,2,4,4,4,3,2,4,2,1,3,1,4,2
DN0541,1,2,1,3,4,3,4,3,3,3,3,2,2,2,3,3,3,3,2,3,3,3,3,1,2,2,1,3,2,4,3,2,3,2,2,2,1,3,2,1
DN0542,1,2,2,2,1,2,2,3,4,4,3,3,4,3,3,4,3,2,3,3,2,2,2,2,2,3,3,5,5,3,3,3,3,4,3,4,3,3,4,4
DN0543,1,1,3,2,1,4,3,4,4,3,4,2,1,1,2,4,3,3,4,1,2,2,2,2,3,2,3,3,2,4,2,2,3,4,1,3,2,2,2,2
DN0544,1,1,4,2,3,2,2,4,4,3,3,4,3,3,4,3,3,3,3,1,1,2,1,2,3,2,3,2,3,3,2,2,2,2,3,3,4,3,3,2
DN0545,1,2,1,1,2,2,3,1,4,3,3,3,4,3,4,2,3,3,3,2,3,3,2,3,2,3,3,3,4,5,4,4,4,3,4,4,2,3,4,2
DN0546,1,5,3,4,2,2,3,2,2,4,2,2,3,3,2,3,1,3,2,2,3,2,1,2,1,3,3,3,1,1,2,3,4,3,3,3,2,2,2,2
DN0547,1,4,2,3,1,2,2,3,1,2,3,1,2,2,2,1,4,3,3,2,2,3,2,3,3,4,5,4,4,5,4,3,4,4,5,3,3,3,2,2
DN0548,1,2,1,3,2,3,2,2,3,2,1,2,2,1,1,4,3,4,4,3,3,1,3,2,4,2,3,1,3,3,2,4,3,3,3,1,2,1,1,1
DN0549,1,4,1,3,1,1,2,3,2,3,3,5,4,2,3,4,5,4,4,2,3,3,3,3,5,5,5,5,5,5,4,2,3,5,3,2,4,3,2,2
DN0550,1,1,1,2,2,2,2,2,2,1,1,1,2,2,2,2,3,2,2,1,3,1,2,1,1,1,1,3,2,2,2,1,1,1,1,1,1,1,1,1
DN0551,1,1,2,2,1,2,1,2,1,1,3,2,3,3,4,1,2,1,3,2,2,3,3,3,3,5,4,3,1,2,2,4,4,4,2,2,3,3,2,1
DN0552,1,2,3,3,3,2,2,2,1,3,3,3,3,3,2,3,2,2,3,1,3,3,1,3,2,2,3,2,3,3,2,3,3,2,2,1,1,1,1,2
DN0553,1,3,3,4,1,3,3,4,4,3,4,4,4,4,3,1,3,3,1,2,3,2,3,3,3,3,3,1,2,1,1,2,2,2,2,3,3,3,2,1
DN0554,1,3,2,4,3,2,2,4,4,4,5,2,2,4,2,3,3,3,3,1,2,1,2,3,2,2,3,2,2,2,2,3,3,3,3,1,3,3,3,2
DN0555,1,1,1,4,1,3,3,2,2,1,1,1,2,1,2,1,2,3,1,3,3,3,3,3,3,2,2,2,3,1,2,3,3,3,3,2,2,3,2,1
DN0556,1,2,2,4,1,2,1,3,2,3,5,3,4,5,5,2,4,4,4,3,3,4,2,2,2,3,2,4,3,3,4,3,4,4,4,5,4,5,3,3
DN0557,1,3,2,2,2,2,2,1,1,1,2,2,1,1,1,2,2,2,3,3,3,4,4,2,4,3,3,4,1,3,3,3,3,4,2,2,1,2,1,2
DN0558,1,1,2,2,4,4,4,3,3,3,3,4,3,2,2,5,5,5,4,3,4,5,3,1,2,1,3,2,3,5,3,4,3,3,4,2,3,3,2,1
DN0559,1,4,2,2,1,4,2,3,2,4,4,3,2,1,3,5,3,4,4,4,3,3,2,1,3,1,2,2,2,3,3,3,2,2,3,2,2,3,1,1
DN0560,1,1,2,3,4,2,3,4,5,5,4,4,4,3,2,4,3,5,4,4,3,3,2,5,3,4,4,2,2,2,2,1,2,1,2,2,3,4,2,2
DN0561,1,3,3,1,2,3,1,2,2,1,2,2,1,2,2,2,2,1,3,1,1,2,2,3,4,3,3,3,2,4,2,5,5,3,5,2,1,2,3,1
DN0562,1,1,1,2,1,2,2,4,3,3,2,2,3,2,3,4,4,4,5,3,2,4,3,3,4,4,4,2,3,2,2,4,3,3,4,3,3,2,3,1
DN0563,1,4,3,1,2,2,3,3,3,3,2,1,1,2,1,3,1,3,2,4,3,2,3,3,4,4,5,1,2,1,1,4,3,3,4,2,2,4,2,2
DN0564,1,3,3,2,3,2,3,3,3,4,2,3,3,2,2,2,2,2,2,2,2,2,2,2,3,2,2,2,3,1,1,4,4,5,4,2,2,3,2,2
DN0565,1,4,1,2,2,1,2,4,4,4,4,4,4,3,5,4,5,2,5,2,4,4,3,3,2,3,4,3,5,3,5,3,4,3,2,4,3,4,3,4
DN0566,1,2,4,2,1,2,2,3,3,2,3,3,2,1,2,4,4,4,3,4,4,5,4,4,4,3,4,2,2,3,3,5,4,4,5,4,3,3,4,2
DN0567,1,3,3,1,1,3,3,2,4,3,4,2,4,4,4,2,4,3,2,5,4,4,4,4,4,4,4,3,3,3,4,4,4,4,3,4,3,4,4,4
DN0568,1,1,3,4,4,2,3,2,2,2,2,4,2,3,3,3,2,3,4,3,2,2,3,1,3,4,2,3,3,3,3,4,2,2,4,1,1,2,1,1
DN0569,1,2,2,3,3,1,3,1,2,3,1,3,4,3,3,3,3,3,3,2,3,3,2,3,3,4,3,4,2,4,2,4,2,4,3,4,2,2,3,3
DN0570,1,5,2,3,1,4,2,3,2,3,3,3,3,4,4,3,4,1,3,3,3,2,3,2,4,3,2,5,2,3,3,2,2,4,1,2,1,2,1,2
DN0571,1,1,1,2,5,2,2,3,3,4,2,3,2,1,2,2,3,2,1,4,3,1,2,3,2,4,3,3,2,3,4,3,4,5,3,3,3,4,3,3
DN0572,1,5,3,3,4,4,2,4,4,3,3,2,2,1,2,3,3,3,3,3,2,3,3,2,4,2,3,3,3,3,3,3,3,3,2,4,3,4,3,3
DN0573,1,3,4,3,2,2,4,4,2,3,2,3,4,2,3,4,2,3,2,3,3,3,2,3,4,4,2,4,3,2,3,2,2,3,3,3,3,3,3,3
DN0574,1,4,1,4,3,4,2,3,2,4,5,3,3,4,3,4,3,4,3,3,3,3,1,3,4,3,3,4,5,5,4,3,3,4,3,4,3,3,3,2
DN0575,1,3,1,3,3,2,1,4,4,3,4,1,2,3,3,3,3,2,2,3,2,4,4,3,1,3,4,1,1,2,3,4,3,3,3,4,3,4,3,4
DN0576,1,1,2,2,1,2,2,1,2,4,2,3,3,3,3,3,3,3,2,3,3,2,2,5,4,4,3,3,3,3,2,3,3,3,3,3,3,2,2,1
DN0577,1,2,1,3,1,2,1,2,2,1,3,1,1,4,2,3,3,3,1,4,4,3,5,3,4,2,4,1,3,4,3,4,4,2,2,3,3,4,4,2
DN0578,1,2,1,3,4,4,2,3,3,2,2,2,4,1,2,3,1,1,3,3,2,2,2,2,1,2,2,5,2,3,4,4,4,3,4,2,2,2,2,1
DN0579,1,2,1,1,3,3,2,3,4,5,5,2,3,4,4,5,4,3,4,5,5,4,3,4,2,3,3,4,3,3,2,3,4,4,3,5,4,5,5,2
DN0580,1,1,4,2,3,2,2,4,4,3,3,5,5,5,5,3,3,4,4,2,2,1,1,5,4,5,5,5,3,4,4,3,2,2,2,3,4,4,3,2
DN0581,1,1,2,4,2,1,3,4,4,4,4,2,3,2,3,1,1,1,1,1,1,2,3,2,2,1,1,3,5,3,4,4,3,3,2,2,2,3,2,3
DN0582,1,2,2,3,4,3,4,3,3,3,4,3,3,3,3,4,4,3,3,3,3,3,3,4,4,3,3,3,1,4,3,4,3,3,3,4,4,4,4,2
DN0583,1,1,4,2,1,3,2,3,5,3,4,2,3,2,2,3,3,2,2,3,2,1,2,3,3,2,2,2,3,2,1,3,3,5,3,2,3,4,3,3
DN0584,1,4,3,3,4,4,2,5,3,4,3,3,4,5,5,2,5,3,2,5,4,4,5,4,3,5,3,4,3,3,2,2,2,3,3,4,4,4,3,2
DN0585,1,3,1,2,2,2,3,3,3,1,2,3,2,3,2,2,3,2,2,1,3,1,1,2,3,2,3,2,2,3,3,2,1,2,2,3,2,3,3,3
DN0586,1,3,3,2,2,2,3,5,5,5,4,3,4,3,3,3,3,4,4,5,3,3,3,1,2,1,1,1,2,2,1,3,2,2,2,2,1,2,2,1
DN0587,1,3,1,3,4,4,3,4,5,3,4,3,4,4,3,1,2,4,2,3,5,3,4,3,3,4,2,3,4,4,4,3,1,3,2,4,2,3,3,4
DN0588,1,1,2,1,3,1,2,2,4,3,3,2,4,2,4,5,3,2,5,1,1,2,2,5,3,4,4,2,4,3,3,3,5,5,2,2,3,2,2,2
DN0589,1,1,4,2,2,3,2,5,4,4,3,3,3,2,3,2,2,2,3,4,4,5,2,4,1,4,2,4,4,3,4,1,3,2,3,2,3,2,2,2
DN0590,1,1,1,3,1,1,2,1,1,2,4,4,2,1,4,3,4,3,4,5,5,5,5,4,4,5,4,5,5,5,4,4,4,4,3,3,4,4,4,3
DN0591,1,4,3,4,2,1,1,4,5,3,5,5,4,4,5,4,4,5,4,2,2,1,1,3,4,4,4,2,2,3,4,3,1,3,1,4,3,3,5,3
DN0592,1,4,1,3,2,4,4,1,1,2,2,1,1,1,1,4,3,3,5,2,3,3,3,2,2,3,1,3,3,2,4,3,2,4,3,1,1,1,1,1
DN0593,1,1,1,2,1,2,3,3,4,4,3,2,2,2,1,3,2,4,2,2,1,2,1,3,2,3,1,4,3,3,3,4,3,2,4,1,1,1,3,2
DN0594,1,2,3,4,2,4,4,4,4,3,4,5,3,5,5,5,4,4,4,5,5,5,5,5,5,5,5,3,3,4,3,5,5,5,5,5,5,5,5,4
DN0595,1,4,4,3,1,1,4,3,2,2,1,2,2,1,1,3,4,3,4,1,1,2,2,1,1,1,1,3,3,3,3,3,3,2,3,3,2,2,2,2
DN0596,1,3,1,2,1,3,1,2,2,1,2,1,2,2,2,2,3,2,3,3,3,3,2,2,2,1,2,1,1,2,2,3,1,2,2,1,1,1,1,1
DN0597,1,1,1,3,1,2,1,4,3,4,4,3,3,4,2,2,1,1,2,3,3,2,3,1,1,2,1,3,3,4,3,1,1,1,1,3,3,3,2,1
DN0598,1,2,2,1,2,2,3,2,2,2,1,2,3,2,1,4,5,5,4,4,4,3,4,5,5,5,5,3,3,4,4,2,4,1,3,4,4,5,4,3
DN0599,1,2,1,3,4,1,1,4,5,4,4,1,3,1,2,1,1,1,1,4,4,5,4,4,4,4,4,3,2,3,3,3,3,5,2,3,2,4,4,4
DN0600,1,1,2,3,3,1,2,3,2,3,2,2,4,3,3,3,2,3,4,2,2,1,3,3,2,2,3,2,3,2,3,3,3,3,2,2,1,1,1,1
DN0601,1,1,1,4,2,4,2,5,4,5,4,2,3,3,3,2,1,1,2,3,2,3,4,2,2,3,2,3,3,3,2,5,2,3,3,5,4,3,4,2
DN0602,1,2,4,2,3,2,3,1,2,1,1,1,2,1,1,1,1,1,1,3,3,3,3,1,2,1,2,1,1,1,1,3,2,2,2,1,1,2,1,1
DN0603,1,3,4,3,1,1,2,4,4,3,3,3,5,4,5,5,4,5,3,4,4,3,3,4,3,4,4,3,5,4,3,4,4,4,4,3,4,4,3,3
DN0604,1,3,4,3,2,1,2,3,2,1,3,2,3,2,3,1,2,2,2,1,1,1,1,2,2,3,2,2,2,3,2,2,3,3,3,3,2,3,2,2
DN0605,1,1,2,3,4,4,3,3,3,2,3,2,2,2,2,3,3,3,3,2,3,2,3,2,3,2,2,3,1,1,3,3,2,2,2,3,3,2,1,1
DN0606,1,1,1,3,3,3,2,4,2,3,2,3,2,3,4,1,1,1,2,4,3,3,4,3,3,3,4,1,2,1,3,2,2,2,2,1,3,3,4,3
DN0607,1,3,2,4,3,2,1,2,2,4,3,3,3,2,3,5,4,2,2,3,2,1,2,2,2,4,2,1,2,2,3,4,3,4,4,3,2,4,3,3
DN0608,1,1,1,2,3,2,2,2,4,3,2,3,4,5,4,3,3,4,2,3,3,4,4,3,4,4,4,2,2,2,3,2,3,2,2,3,4,3,4,4
DN0609,1,1,1,4,2,3,3,1,2,2,3,4,4,3,3,2,2,1,1,3,3,4,2,5,3,3,5,2,1,2,3,2,2,2,1,2,1,1,3,2
DN0610,1,2,1,4,1,4,2,4,2,2,2,3,2,3,2,3,1,2,3,3,3,4,3,2,2,1,2,1,2,3,2,3,1,2,3,2,2,3,2,2
DN0611,1,1,2,1,3,2,1,2,2,1,1,2,3,2,3,4,4,3,3,2,2,1,2,1,1,1,1,4,1,1,1,3,1,2,2,1,1,1,2,1
DN0612,1,1,3,4,3,2,2,3,3,3,4,3,1,2,2,3,3,3,2,3,2,1,3,2,3,3,3,2,1,3,2,4,3,3,3,1,1,1,2,1
DN0613,1,2,2,3,2,2,2,4,5,5,3,3,5,3,4,3,3,3,3,5,5,4,3,2,3,3,2,3,3,4,3,4,3,4,3,4,4,4,3,3
DN0614,1,4,3,2,2,2,4,2,5,3,2,4,3,4,3,4,4,4,3,3,2,4,4,5,4,5,4,2,1,2,1,2,2,1,1,4,2,3,3,3
DN0615,1,1,1,2,3,3,3,5,3,3,3,1,2,1,1,3,4,4,3,1,2,2,1,2,3,3,2,5,3,1,2,1,1,1,1,2,2,3,2,3
DN0616,1,1,2,1,3,2,2,4,4,4,4,2,3,3,2,3,3,2,2,2,2,3,3,3,2,3,3,1,2,4,3,4,3,3,4,3,5,3,5,3
DN0617,1,3,4,4,3,1,3,3,3,3,2,1,3,1,2,3,3,2,5,2,2,3,3,2,4,3,5,3,3,2,3,3,3,3,5,3,2,3,4,2
DN0618,1,1,1,4,1,2,2,4,4,4,2,2,1,1,1,3,3,4,3,1,2,3,3,2,3,3,2,5,4,4,3,3,3,4,3,2,3,2,2,2
DN0619,1,2,3,3,2,4,2,4,5,5,3,4,5,4,4,5,4,5,4,4,3,4,4,4,4,3,5,4,2,4,3,5,2,5,3,5,4,4,5,3
DN0620,1,2,4,2,2,4,1,4,4,3,4,2,3,2,4,3,3,4,3,3,3,3,3,3,3,2,3,2,3,3,4,3,4,2,3,2,2,4,1,1
DN0621,1,2,4,2,2,2,1,2,3,3,4,1,1,1,2,4,3,2,3,3,2,2,2,2,4,4,3,2,3,3,2,2,2,3,1,3,3,2,2,3
DN0622,1,1,2,3,3,1,1,2,3,1,1,3,5,2,3,1,3,3,3,2,1,1,3,2,3,2,3,3,2,3,3,2,3,1,2,1,3,2,2,1
DN0623,1,1,1,4,1,2,4,4,2,3,2,3,3,4,3,2,2,2,3,1,3,3,2,3,4,4,4,5,4,4,4,4,2,4,5,4,2,4,5,2
DN0624,1,2,2,4,2,2,3,4,2,3,4,4,4,4,5,4,4,5,4,4,4,5,4,3,4,2,2,4,4,4,4,4,3,4,4,4,3,4,3,2
DN0625,1,1,2,3,2,2,1,4,2,2,1,4,4,4,4,5,4,4,4,3,3,2,1,3,2,3,4,4,4,4,3,3,4,4,4,2,3,3,1,2
DN0626,1,1,3,1,1,3,4,2,1,4,2,4,4,4,3,4,4,4,3,3,4,3,3,3,3,1,1,1,1,1,2,3,3,3,3,2,3,3,1,1
DN0627,1,1,2,3,1,2,1,4,5,5,5,3,3,4,3,4,4,3,3,5,5,5,5,3,5,4,3,2,2,2,3,4,3,5,5,4,5,5,5,3
DN0628,1,2,2,4,2,3,1,1,1,1,2,3,2,2,3,1,1,2,1,2,1,2,2,2,3,3,3,3,5,4,4,3,3,3,1,3,3,3,2,2
DN0629,1,2,3,3,4,3,2,3,2,1,2,3,3,2,3,2,3,3,1,3,4,3,3,3,3,3,5,3,3,3,2,3,3,3,3,2,4,3,3,3
DN0630,1,3,2,3,5,2,2,4,3,4,3,3,3,1,2,3,2,2,4,3,4,4,3,4,5,5,4,3,4,3,3,4,4,4,4,3,3,3,4,2
DN0631,1,2,1,3,1,2,2,1,2,1,1,3,1,2,3,3,4,3,5,3,1,2,3,2,3,2,3,4,4,3,5,4,5,4,3,4,3,2,3,4
DN0632,1,2,1,2,1,1,1,5,4,4,3,3,3,3,3,3,4,3,3,1,2,2,2,4,3,2,4,3,4,3,5,4,3,3,3,4,4,5,4,4
DN0633,1,1,3,2,3,1,2,3,3,1,3,4,3,3,3,4,4,4,3,2,1,3,2,3,1,3,2,5,5,3,4,3,1,1,2,2,3,3,3,2
DN0634,1,2,1,4,2,2,2,4,3,5,3,3,4,4,2,2,3,4,3,3,4,2,3,4,4,5,3,2,3,4,1,3,3,2,2,4,4,4,3,2
DN0635,1,4,4,4,5,3,2,1,2,1,2,3,3,4,4,5,4,3,5,2,3,2,3,3,4,3,3,3,2,2,3,2,4,1,3,3,4,3,3,2
DN0636,1,1,3,3,1,2,1,1,3,3,3,3,1,3,4,4,3,2,2,3,2,3,4,2,2,2,2,3,3,4,3,2,1,2,1,3,2,1,2,2
DN0637,1,1,1,2,1,2,3,4,3,3,3,3,2,2,2,1,3,3,3,4,3,3,4,1,2,2,2,4,5,1,3,1,2,1,1,3,3,2,3,1
DN0638,1,2,1,4,1,2,4,3,4,2,3,4,3,5,4,3,4,3,4,5,5,5,5,4,3,2,5,3,2,5,4,5,5,4,2,3,4,2,3,2
DN0639,1,3,2,2,3,1,4,2,3,3,2,1,1,2,2,1,2,3,3,1,2,3,2,3,3,2,3,2,2,2,3,2,1,3,2,3,4,2,1,3
DN0640,1,4,4,4,2,3,4,2,4,4,3,3,1,3,3,4,5,4,5,4,3,4,3,4,4,4,4,5,4,5,5,3,5,4,4,4,3,4,4,4
DN0641,1,1,3,2,2,3,3,3,4,3,4,2,3,2,2,2,2,3,1,4,2,3,2,4,3,3,3,4,4,4,4,4,2,3,3,3,3,3,4,1
DN0642,1,2,3,3,1,1,2,5,4,4,3,3,4,3,3,2,2,2,3,3,3,3,3,3,3,2,2,4,3,3,3,4,4,3,4,4,4,4,4,3
DN0643,1,1,2,4,1,3,1,4,5,5,4,3,2,2,3,4,4,5,3,2,2,3,2,3,1,2,2,2,2,2,2,4,4,4,2,3,3,2,3,2
DN0644,1,1,1,1,1,3,2,1,1,1,3,3,5,4,5,1,1,2,2,4,4,3,4,4,4,3,5,1,1,1,2,1,3,4,2,2,1,2,2,2
DN0645,1,1,2,2,2,3,2,5,5,5,5,5,5,5,4,5,5,4,5,4,3,3,3,5,4,3,4,5,5,4,5,2,4,4,3,5,4,3,5,3
DN0646,1,2,1,4,2,2,4,3,3,3,1,5,5,4,4,3,5,2,2,4,5,4,5,4,3,3,4,4,4,4,3,3,3,3,2,4,3,3,4,3
DN0647,1,1,3,2,1,4,3,1,2,1,3,3,1,1,3,3,2,1,2,2,4,3,3,3,4,3,3,4,3,3,3,3,3,4,5,2,2,2,3,2
DN0648,1,1,3,3,5,2,3,4,4,3,4,3,3,5,4,3,3,3,2,2,1,1,1,2,3,3,4,2,3,2,3,5,4,3,4,2,2,2,4,2
DN0649,1,1,2,4,1,3,3,2,3,2,2,2,1,2,1,1,2,3,2,3,2,1,1,3,3,3,3,2,2,1,3,1,1,1,1,1,1,1,1,1
DN0650,1,4,2,1,2,4,1,4,3,4,4,1,2,1,3,2,3,2,4,4,5,4,5,1,2,2,3,3,3,2,3,2,2,2,1,2,4,2,3,2
DN0651,1,3,1,2,1,2,2,4,3,3,2,2,2,2,2,4,4,2,3,3,4,4,4,3,5,3,4,3,2,3,2,4,5,3,4,3,1,3,2,1
DN0652,1,2,1,3,2,4,2,4,4,4,2,5,5,5,4,4,3,4,4,5,3,4,3,3,3,4,2,5,5,4,5,4,4,4,2,3,3,4,4,1
DN0653,1,1,2,4,3,1,2,3,4,3,3,4,3,4,5,4,4,4,3,4,4,4,4,4,4,4,4,4,5,3,4,3,5,5,3,5,5,4,4,4
DN0654,1,1,2,2,3,1,2,3,5,4,3,2,3,2,3,4,4,4,4,2,2,3,2,3,4,3,2,2,2,3,3,2,2,2,2,4,5,4,3,3
DN0655,1,1,1,1,1,2,2,4,3,1,4,3,4,4,3,3,2,3,3,3,4,3,3,1,2,1,1,4,2,2,3,2,3,3,3,1,2,1,1,1
DN0656,1,2,1,4,1,2,3,3,2,3,2,3,5,4,2,2,2,2,2,2,2,1,4,4,3,3,4,4,4,5,5,4,3,3,4,3,5,3,4,2
DN0657,1,1,2,2,2,4,1,4,4,4,3,2,3,2,4,2,2,2,3,4,3,3,4,1,3,2,2,2,1,2,2,2,2,1,2,3,2,2,2,2
DN0658,1,2,3,3,1,1,2,2,3,2,2,3,2,3,2,4,4,5,4,2,2,3,3,4,5,2,5,2,1,2,2,3,4,3,4,2,4,4,3,3
DN0659,1,1,3,3,1,2,2,4,5,2,3,3,4,3,3,4,1,2,3,2,2,2,3,2,2,3,3,1,2,3,4,1,2,3,2,2,2,3,2,2
DN0660,1,1,2,4,1,2,1,3,3,3,2,3,3,3,3,4,4,3,3,2,3,2,3,3,4,3,4,3,2,3,1,3,4,3,2,2,2,3,2,2
DN0661,1,1,2,2,1,3,3,2,2,2,2,3,4,3,4,3,3,3,2,3,2,3,2,2,1,3,3,2,2,3,3,3,3,2,2,2,1,2,3,1
DN0662,1,1,2,1,3,2,2,2,1,3,2,3,3,4,4,3,3,2,3,4,3,3,3,3,2,2,4,4,4,4,4,3,3,2,1,2,4,3,3,3
DN0663,1,1,1,4,1,3,3,3,3,4,3,3,3,4,3,3,3,5,4,3,1,3,2,3,3,3,2,4,3,5,4,3,3,2,2,1,2,2,2,3
DN0664,1,4,1,3,3,4,1,3,3,3,3,3,2,2,3,3,3,4,3,2,3,3,2,2,4,3,1,3,2,2,2,1,1,1,2,2,3,2,4,3
DN0665,1,3,2,3,3,3,2,3,3,4,2,2,3,1,2,4,4,4,5,4,4,3,3,3,3,3,3,3,4,3,4,4,3,3,2,4,3,3,4,3
DN0666,1,3,2,4,3,1,2,4,4,5,4,2,3,3,3,2,2,4,2,3,3,2,3,4,3,4,3,5,3,4,4,4,5,4,4,4,4,3,3,3
DN0667,1,4,3,2,2,3,3,2,3,1,4,4,3,4,3,3,4,3,5,3,3,3,3,2,2,2,2,3,3,2,3,3,2,1,2,3,3,3,3,2
DN0668,1,3,3,4,1,2,3,4,3,3,3,4,4,3,4,3,4,3,2,3,3,1,3,3,3,3,3,3,2,3,3,2,4,3,3,2,2,1,3,2
DN0669,1,3,2,4,3,2,2,1,2,2,3,3,2,2,3,4,2,3,2,2,4,3,3,3,3,2,2,2,1,1,2,4,3,4,2,3,2,3,3,3
DN0670,1,3,2,4,2,4,3,5,4,4,4,5,5,5,5,2,4,4,3,5,5,5,3,4,3,3,4,4,5,4,5,3,3,3,4,4,4,4,4,4
DN0671,1,2,1,3,4,2,3,3,3,3,1,4,5,5,5,4,4,4,3,5,4,5,5,5,4,3,3,3,3,4,3,4,5,5,3,5,5,4,5,4
DN0672,1,2,3,2,5,2,3,1,2,2,4,4,2,4,4,2,5,4,4,4,3,4,4,1,3,3,3,2,3,5,3,3,3,3,3,4,5,4,3,3
DN0673,1,3,2,4,1,2,2,2,2,2,2,2,3,2,2,1,5,2,1,3,1,2,1,3,3,5,4,2,1,1,3,4,3,3,3,2,3,3,4,2
DN0674,1,3,2,3,2,1,1,2,2,2,3,1,1,1,1,3,2,3,2,3,2,2,2,2,1,3,2,1,1,1,1,3,4,3,3,2,2,1,2,2
DN0675,1,1,2,3,1,3,2,3,3,3,3,3,4,3,3,4,5,3,2,1,1,2,1,3,5,4,5,3,3,3,2,5,5,4,5,1,2,3,3,3
DN0676,1,1,1,1,2,1,2,3,4,3,5,5,3,5,4,5,4,5,5,5,5,3,5,4,4,3,3,3,5,3,3,5,4,4,4,4,5,5,4,3
DN0677,1,3,1,1,4,2,2,2,2,3,3,3,3,2,3,4,3,3,3,3,2,2,3,3,4,2,3,1,1,1,3,3,3,3,3,2,4,3,4,3
DN0678,1,2,1,2,1,3,2,5,4,3,4,3,4,3,3,5,4,4,5,4,3,3,4,2,2,3,2,3,3,3,4,4,3,3,4,3,3,3,2,2
DN0679,1,3,3,3,4,3,3,4,3,4,4,2,4,3,2,3,2,2,2,4,3,4,4,2,3,1,2,4,4,3,4,5,5,5,3,2,3,3,2,2
DN0680,1,4,1,1,1,2,3,5,3,4,3,3,4,4,3,3,3,2,4,3,3,2,2,3,3,2,3,3,2,3,2,1,3,3,2,2,2,3,2,2
DN0681,1,1,2,3,3,3,4,4,4,2,4,4,4,5,4,4,3,3,4,4,4,4,4,5,2,3,3,3,3,1,2,3,3,3,4,4,3,4,4,4
DN0682,1,1,2,4,4,3,4,2,3,3,3,3,2,3,3,4,3,3,3,2,3,2,2,3,5,4,3,2,2,2,2,3,3,3,3,4,4,3,3,3
DN0683,1,3,1,1,2,1,3,2,4,4,1,3,5,4,5,2,4,2,2,4,3,3,3,5,4,3,3,3,4,4,4,4,3,4,2,3,3,4,4,4
DN0684,1,1,2,2,3,1,1,3,2,2,2,1,1,2,3,1,1,2,2,3,2,3,2,4,3,3,4,1,2,3,2,4,4,4,3,4,2,2,3,2
DN0685,1,3,2,3,5,1,2,4,5,5,5,4,3,2,3,4,4,5,3,4,5,4,3,2,2,1,2,5,5,5,3,5,5,5,4,5,4,5,5,4
DN0686,1,2,1,4,3,2,1,5,5,4,4,3,4,4,3,2,4,4,5,3,2,3,4,5,3,5,5,3,3,3,4,1,1,1,2,4,3,5,5,3
DN0687,1,2,4,3,4,3,4,3,2,4,3,4,5,5,5,5,5,5,5,4,4,4,2,5,5,3,5,4,4,5,5,3,3,3,2,5,5,5,5,3
DN0688,1,2,1,3,2,1,4,1,1,1,2,1,1,2,2,1,1,2,2,1,1,1,1,2,2,3,2,3,3,3,3,1,1,1,2,1,2,2,3,1
DN0689,1,2,2,3,2,2,3,3,2,2,1,3,2,2,4,3,4,5,3,4,2,4,5,3,3,3,4,4,3,3,3,3,3,2,3,4,3,1,5,3
DN0690,1,2,2,3,4,3,2,3,4,4,3,4,3,3,3,3,2,3,3,2,3,2,2,2,4,1,4,2,2,3,1,3,4,2,5,2,2,3,4,1
DN0691,1,1,3,4,3,4,2,2,2,3,1,3,3,2,3,3,3,4,3,1,2,2,2,1,1,1,2,1,1,1,1,2,2,2,2,1,1,1,2,1
DN0692,1,4,1,2,4,2,2,5,5,5,5,3,3,3,4,5,4,4,4,2,3,4,3,4,3,3,4,3,2,2,2,2,3,4,3,4,3,3,5,2
DN0693,1,3,3,3,2,3,4,1,2,2,2,1,3,2,2,1,1,2,2,1,2,1,1,3,3,4,4,3,3,3,3,2,3,3,1,3,3,1,2,1
DN0694,1,1,3,4,3,3,2,4,4,3,4,2,3,5,3,5,3,4,4,4,4,4,4,4,4,4,3,3,3,4,2,4,4,5,4,4,4,5,4,4
DN0695,1,2,3,3,1,3,3,3,4,2,2,2,3,3,2,4,2,3,2,1,1,1,1,3,3,3,2,5,4,4,5,3,1,2,2,1,2,1,2,1
DN0696,1,3,2,3,2,2,2,2,4,2,3,5,5,4,5,3,4,5,3,1,2,1,2,2,2,3,2,4,3,2,3,2,2,2,1,3,3,3,3,3
DN0697,1,1,2,2,3,3,3,4,5,4,5,5,5,4,4,5,5,5,5,2,2,3,4,3,4,4,5,4,4,4,5,4,2,5,3,4,4,5,4,3
DN0698,1,1,2,4,3,1,3,3,5,5,4,3,4,2,2,3,3,2,4,5,4,4,3,5,3,5,3,3,4,4,3,3,4,3,3,4,4,4,4,3
DN0699,1,1,2,3,3,2,1,4,4,3,3,3,3,1,3,2,2,3,3,2,2,1,1,1,2,2,1,4,3,3,3,2,2,2,1,2,1,3,2,1
DN0700,1,2,4,2,2,2,2,3,3,2,3,3,2,4,2,2,2,2,4,1,1,2,1,3,5,2,2,3,3,3,2,3,3,2,3,2,1,1,2,3
DN0701,1,4,2,3,1,2,3,4,5,5,4,3,3,4,3,3,2,4,3,4,3,3,2,4,4,5,4,4,4,3,4,3,3,3,1,4,3,4,3,3
DN0702,1,5,4,2,2,4,2,4,2,2,4,3,2,4,2,1,1,1,2,2,2,1,3,3,2,2,3,1,3,2,2,2,2,4,3,1,3,1,3,1
DN0703,1,2,2,2,1,2,3,2,2,3,4,5,5,4,5,4,4,2,4,5,3,2,3,4,5,4,4,5,5,4,5,1,1,3,3,5,5,5,5,3
DN0704,1,2,2,3,1,1,4,3,4,4,5,1,2,1,2,2,1,3,2,3,4,3,3,3,2,2,3,3,3,2,3,4,4,3,5,5,3,4,4,2
DN0705,1,2,2,3,2,1,4,3,4,5,3,3,3,2,1,4,4,5,5,3,3,2,3,3,3,3,2,3,3,3,3,4,4,4,3,3,4,4,4,2
DN0706,1,1,1,4,1,1,2,3,2,5,3,2,2,3,3,2,2,3,3,2,1,4,3,3,2,3,1,3,3,3,3,2,2,4,4,2,3,2,1,2
DN0707,1,2,2,1,1,1,1,3,4,4,3,4,4,3,3,2,3,3,3,5,5,5,4,5,3,4,5,4,4,3,2,2,3,3,2,4,3,3,3,3
DN0708,1,1,1,3,2,1,2,5,4,3,4,2,3,1,4,4,4,4,4,4,4,3,3,2,2,2,2,2,2,2,3,2,1,2,1,3,3,3,5,4
DN0709,1,3,4,3,1,3,3,1,3,3,3,4,4,3,3,1,3,3,2,4,4,3,5,3,3,4,4,3,3,4,4,5,5,5,5,4,5,5,4,3
DN0710,1,4,2,4,3,2,2,5,5,5,3,3,3,3,3,3,3,2,4,5,3,4,5,4,2,2,2,3,4,3,2,2,2,2,2,4,3,4,3,3
DN0711,1,1,2,4,1,1,1,5,4,4,4,3,3,4,3,2,3,2,1,5,4,5,5,3,3,5,3,3,4,3,4,3,1,2,4,5,3,3,4,4
DN0712,1,2,2,4,2,2,3,3,3,4,3,2,3,3,3,2,3,2,2,1,2,1,2,4,3,4,4,3,4,3,3,2,2,3,3,3,1,1,2,2
DN0713,1,1,3,2,5,2,2,3,2,3,3,5,4,4,3,5,4,3,4,3,3,3,3,1,2,2,2,3,4,4,3,5,3,3,3,3,2,4,3,2
DN0714,1,2,2,4,2,2,4,3,1,3,2,2,3,2,3,2,3,3,3,3,2,2,3,4,3,3,3,2,3,3,3,2,3,3,2,2,3,3,4,2
DN0715,1,2,1,3,2,2,1,3,3,4,4,3,4,5,5,5,4,5,4,3,3,3,4,4,4,3,4,3,3,4,3,5,4,4,4,5,4,4,5,4
DN0716,1,4,4,4,1,2,2,4,3,3,3,3,3,2,4,2,3,3,2,3,3,3,3,1,2,1,2,3,3,2,3,2,2,3,2,3,2,2,3,4
DN0717,1,1,3,1,2,2,1,3,4,3,2,3,5,3,5,3,1,2,3,2,1,2,1,4,4,3,2,2,2,3,2,3,1,3,3,2,2,2,3,2
DN0718,1,1,2,1,5,3,2,3,3,2,2,2,2,2,1,1,1,2,3,1,2,3,1,3,4,3,3,3,3,4,2,1,1,1,1,2,3,1,1,1
DN0719,1,4,2,3,2,2,2,3,2,3,4,4,4,3,4,3,3,4,3,4,4,4,5,5,4,3,3,3,4,3,3,3,3,3,3,2,2,3,3,2
DN0720,1,1,2,2,1,1,1,4,5,4,5,4,4,3,4,3,3,2,3,5,5,5,4,2,4,4,2,5,5,4,4,2,3,2,3,5,4,5,4,3
DN0721,1,4,3,1,3,2,2,5,5,5,4,5,5,4,5,4,5,4,5,5,5,5,4,4,3,3,4,4,5,5,5,2,4,3,2,5,5,4,5,4
DN0722,1,1,1,4,3,2,2,2,4,4,3,2,2,1,2,1,3,2,4,3,3,3,3,2,2,3,2,1,3,3,2,5,3,4,5,3,4,3,3,1
DN0723,1,2,2,3,3,1,2,1,1,2,2,4,4,5,4,2,1,2,3,2,2,2,1,3,4,3,3,1,1,1,1,1,3,4,2,3,3,4,2,3
DN0724,1,2,3,4,5,4,3,3,2,4,3,3,4,3,5,2,3,2,4,4,4,3,4,4,4,4,5,5,5,3,4,4,3,4,5,3,4,5,5,4
DN0725,1,2,1,1,3,1,3,4,4,4,4,2,3,2,2,3,2,2,2,2,3,2,3,2,1,3,4,3,1,3,2,3,1,1,2,4,3,3,3,3
DN0726,1,3,2,2,2,2,2,3,4,4,4,2,1,2,1,1,3,2,2,3,4,4,5,3,2,2,2,2,3,3,1,3,3,3,4,1,2,3,3,2
DN0727,1,4,1,3,1,4,2,4,5,3,3,5,5,5,4,5,4,5,4,4,3,5,5,4,5,5,4,5,5,5,5,4,5,5,5,5,4,3,5,3
DN0728,1,1,3,2,3,2,2,3,4,2,4,4,3,4,4,4,4,4,4,3,2,3,2,4,1,4,3,1,2,2,1,3,5,4,3,2,2,3,2,1
DN0729,1,4,1,1,1,2,3,2,2,3,2,2,4,3,4,4,4,4,4,3,2,3,3,3,3,2,2,4,4,5,3,3,4,4,2,2,3,3,2,1
DN0730,1,2,4,4,1,2,2,2,2,3,3,3,3,3,3,4,2,3,3,3,3,2,3,1,1,1,1,2,3,3,3,3,3,3,2,2,1,2,1,1
DN0731,1,3,4,3,1,1,2,4,4,3,4,4,2,4,4,3,4,3,4,3,2,3,2,2,2,1,1,2,3,2,1,3,3,3,3,5,4,3,4,4
DN0732,1,1,1,3,1,3,2,2,1,3,3,5,4,3,3,3,4,3,4,4,4,5,4,5,4,3,4,4,5,5,3,4,4,4,4,3,3,3,4,2
DN0733,1,1,2,1,3,4,4,3,3,1,1,4,2,4,3,5,4,4,3,4,3,3,2,3,1,1,2,3,3,3,4,2,2,2,1,1,3,2,3,1
DN0734,1,1,2,4,2,2,2,1,2,2,3,3,3,3,2,3,4,2,3,3,4,4,5,4,2,3,3,3,5,3,3,4,5,3,4,3,2,3,3,3
DN0735,1,2,3,2,1,2,3,5,4,5,4,4,4,4,4,3,3,2,4,5,5,5,5,4,3,4,5,5,3,4,3,4,4,3,3,4,4,5,5,2
DN0736,1,4,2,3,3,3,3,4,2,4,4,4,4,5,3,5,5,4,4,3,2,3,3,3,3,4,3,3,3,2,1,2,3,2,3,3,2,3,3,2
DN0737,1,2,2,2,1,2,3,3,3,3,3,3,2,2,3,2,1,3,2,1,1,2,1,2,2,2,2,2,3,2,2,1,3,3,4,3,2,2,2,3
DN0738,1,2,2,2,5,3,2,4,3,3,3,2,3,3,3,3,5,3,4,5,4,4,4,4,3,4,3,3,5,5,4,4,1,3,2,1,2,3,3,3
DN0739,1,3,1,2,3,2,1,5,3,4,4,2,1,1,2,2,4,4,2,3,3,2,5,1,1,2,1,4,3,4,3,4,4,4,3,3,3,2,3,3
DN0740,1,5,2,3,2,2,2,5,3,5,5,4,5,5,4,5,3,3,3,3,3,5,4,3,4,4,2,4,4,4,5,3,2,2,2,3,2,4,4,1
DN0741,1,2,3,4,3,3,2,2,3,3,4,4,4,5,3,1,1,2,3,4,4,5,4,2,5,5,4,4,4,4,4,3,2,4,4,5,3,4,3,3
DN0742,1,1,2,4,2,1,1,2,4,3,2,4,4,5,3,2,1,2,1,2,5,4,5,4,5,3,4,2,2,2,2,5,5,4,4,4,4,2,3,3
DN0743,1,2,4,2,2,2,1,2,4,3,3,3,4,5,4,4,3,4,5,4,3,5,5,4,5,3,4,4,5,5,3,4,4,3,4,3,4,4,4,3
DN0744,1,4,1,4,2,2,2,2,2,2,2,1,3,2,2,2,3,4,2,1,2,2,1,3,3,2,3,4,3,4,5,4,4,3,4,3,2,2,3,1
DN0745,1,3,3,4,3,2,2,3,2,1,3,3,5,3,4,3,3,4,4,3,4,4,3,4,3,3,4,2,2,1,4,5,4,5,4,4,5,4,3,2
DN0746,1,1,1,1,1,3,3,3,4,5,4,5,4,3,4,4,3,3,3,3,4,3,3,5,4,4,4,3,3,4,4,2,1,2,4,3,2,3,4,2
DN0747,1,1,1,3,2,3,3,3,2,2,2,2,1,3,1,3,3,2,3,3,2,3,4,2,2,2,4,3,3,2,3,2,2,3,3,2,3,2,3,3
DN0748,1,2,2,3,1,1,1,2,3,2,2,3,2,3,4,1,2,2,2,3,2,1,1,4,2,3,3,4,3,4,3,3,2,3,3,3,3,2,3,2
DN0749,1,1,1,3,3,2,4,4,5,4,4,2,1,2,1,5,4,2,3,4,2,3,3,5,4,4,2,3,4,3,1,3,3,3,3,2,4,3,3,1
DN0750,1,1,1,2,1,2,2,3,5,3,3,1,2,3,2,3,3,3,2,4,5,4,4,3,2,2,4,3,2,2,3,3,4,2,4,4,3,2,3,1
DN0751,1,1,2,4,3,1,2,2,3,4,4,3,3,2,5,3,2,3,3,3,3,4,2,5,5,5,4,5,3,3,3,3,4,3,3,3,3,5,4,4
DN0752,1,2,2,1,1,2,3,2,2,3,2,4,4,5,3,3,4,3,3,2,3,1,4,3,4,3,3,4,2,3,2,3,1,2,3,2,3,2,2,3
DN0753,1,1,1,3,3,3,4,2,2,3,1,5,3,3,2,3,3,4,4,2,1,2,1,2,3,1,2,4,4,5,4,1,1,1,1,2,3,2,2,1
DN0754,1,2,1,4,1,2,2,4,3,2,3,4,3,4,4,4,2,3,3,3,2,1,4,3,3,3,3,2,4,4,4,2,2,2,3,4,1,3,3,1
DN0755,1,1,1,1,5,2,3,4,4,5,3,2,2,2,1,3,5,3,3,4,3,3,3,2,3,2,4,4,3,3,4,2,1,2,1,2,4,3,3,1
DN0756,1,3,1,4,1,4,1,5,5,5,3,3,3,2,3,2,5,4,5,5,5,4,4,4,5,4,5,3,4,5,5,4,5,5,4,4,5,5,4,3
DN0757,1,2,2,2,2,1,2,2,3,2,1,2,1,2,4,3,2,2,1,3,3,4,3,1,3,2,2,4,4,5,2,3,4,5,5,4,4,4,3,4
DN0758,1,4,4,3,3,2,2,3,2,3,3,4,5,5,3,3,5,4,4,1,2,3,2,3,3,4,4,4,4,3,4,1,2,2,3,3,2,3,3,2
DN0759,1,2,1,4,3,4,2,3,5,2,4,5,4,5,4,3,4,4,3,4,4,3,4,4,3,3,4,4,4,3,2,4,4,2,1,4,4,3,4,3
DN0760,1,1,1,3,1,1,1,4,3,4,4,3,4,4,2,3,3,5,3,3,5,4,3,3,2,3,2,4,3,5,3,5,5,5,5,4,5,3,4,2
DN0761,1,3,3,3,3,4,2,3,4,3,3,2,1,1,3,3,2,4,3,4,5,4,5,4,4,3,3,4,5,5,3,3,3,4,3,4,4,3,3,2
DN0762,1,1,2,4,2,2,3,2,2,1,3,4,4,3,4,4,5,3,4,3,2,3,4,4,4,4,4,5,5,4,4,2,3,4,2,3,4,4,3,3
DN0763,1,1,2,4,1,3,2,5,2,2,3,3,3,2,3,3,2,2,3,4,3,3,4,2,3,1,2,4,4,5,4,2,4,2,3,4,3,3,5,2
DN0764,1,1,4,3,1,2,2,3,4,4,3,4,4,4,4,2,4,3,4,2,4,2,3,2,1,4,2,2,5,5,2,2,3,2,2,4,3,3,3,1
DN0765,1,2,1,2,2,2,2,4,4,3,2,1,1,1,2,2,2,2,3,3,5,3,4,2,1,3,2,3,3,3,1,4,4,4,3,3,2,3,3,2
DN0766,1,1,3,2,5,2,1,2,2,3,1,3,3,3,4,4,3,3,4,4,4,4,4,3,4,3,4,3,3,2,4,3,2,2,2,3,3,2,4,2
DN0767,1,2,3,3,3,2,2,4,4,3,3,5,4,5,5,5,4,4,2,3,2,3,3,5,4,3,4,2,4,3,3,5,5,5,4,4,3,4,3,3
DN0768,1,1,3,3,1,2,3,5,4,3,4,3,4,5,3,4,4,4,4,5,5,5,4,3,4,4,5,3,3,4,3,4,4,3,3,4,5,4,5,4
DN0769,1,2,3,2,4,2,2,2,1,2,2,5,4,4,3,4,3,3,5,1,2,3,2,2,3,3,2,2,2,3,3,3,2,2,2,3,2,2,3,2
DN0770,1,1,1,4,3,1,2,4,2,4,3,5,4,3,3,4,5,4,4,5,3,1,4,2,3,2,4,4,2,4,4,4,4,3,4,4,4,4,3,4
DN0771,1,2,3,2,2,3,3,4,4,3,3,3,3,3,3,3,4,3,3,3,4,4,5,3,3,3,5,2,4,1,2,5,5,4,5,4,4,4,3,2
DN0772,1,4,2,4,3,2,2,3,3,3,4,1,1,2,2,3,4,5,3,3,4,2,4,3,3,5,3,3,4,4,4,3,5,4,3,3,2,3,3,2
DN0773,1,2,1,3,2,2,2,3,3,3,2,3,4,3,4,2,2,2,2,1,1,1,2,3,4,2,3,2,3,4,3,2,4,2,2,3,3,3,3,2
DN0774,1,3,2,2,3,1,3,2,1,2,2,2,2,1,3,2,2,2,1,1,2,1,2,1,4,2,4,1,2,1,3,1,1,2,2,1,3,2,4,1
DN0775,1,1,1,1,1,1,3,4,4,4,2,4,2,3,4,4,3,4,4,4,4,3,3,2,3,4,2,4,4,4,2,2,1,3,2,3,3,3,3,2
DN0776,1,2,3,1,5,2,2,1,2,3,1,2,2,1,3,3,3,2,2,3,3,1,3,4,5,5,5,3,2,1,2,5,3,4,5,3,4,2,4,3
DN0777,1,4,1,4,1,4,4,3,2,3,2,4,4,3,4,3,2,2,1,4,3,3,2,3,2,2,3,3,3,2,3,2,3,2,2,3,3,3,3,1
DN0778,1,2,1,3,1,2,3,2,3,2,2,3,3,2,2,2,3,4,3,2,3,1,3,3,4,3,2,3,3,3,4,1,1,2,1,2,3,2,3,1
DN0779,1,5,1,4,2,2,3,3,3,3,4,3,2,1,3,3,3,4,3,2,2,2,1,2,3,3,2,2,1,2,3,4,3,3,3,2,4,2,3,2
DN0780,1,2,2,4,2,2,2,4,3,4,4,2,1,3,3,3,2,3,3,2,3,4,2,1,3,3,3,4,3,5,4,4,5,4,4,4,3,3,4,4
DN0781,1,1,3,3,4,2,2,4,4,3,4,5,4,5,5,3,3,3,4,5,2,3,5,3,2,2,1,3,3,2,2,5,5,4,5,2,3,3,2,3
DN0782,1,1,2,3,4,2,4,3,5,3,4,5,4,5,3,4,4,5,3,3,3,3,2,1,2,1,2,3,3,3,2,3,2,3,3,3,2,2,3,1
DN0783,1,3,1,3,1,1,2,3,2,3,2,5,4,5,4,5,4,5,3,3,4,2,4,2,5,4,5,3,2,3,3,2,3,3,4,3,3,4,5,2
DN0784,1,2,1,4,1,3,1,4,4,4,3,3,3,4,3,3,5,3,4,4,4,4,3,5,5,4,4,3,3,2,4,3,3,4,1,3,3,3,3,2
DN0785,1,1,3,3,3,3,3,2,2,2,1,2,4,3,2,2,2,1,3,1,1,2,1,3,4,2,2,1,2,2,1,4,4,4,3,3,1,2,2,2
DN0786,1,3,4,4,3,2,4,5,4,3,5,1,1,1,3,3,2,3,1,3,2,3,3,3,3,2,3,3,5,2,4,2,3,4,2,1,1,2,2,2
DN0787,1,2,2,4,5,2,2,4,3,3,2,4,4,3,3,2,3,4,4,2,4,3,3,2,1,3,1,2,2,3,3,2,3,3,2,4,3,2,4,2
DN0788,1,1,1,2,3,1,4,2,2,1,3,2,2,1,2,5,3,3,4,3,3,3,1,3,2,3,2,5,4,4,5,3,3,3,3,4,3,3,4,3
DN0789,1,2,2,3,1,1,1,2,1,3,3,4,1,4,3,2,3,3,1,4,4,5,3,2,3,3,3,3,3,2,3,3,1,2,2,2,3,3,4,3
DN0790,1,1,1,3,2,2,3,2,3,3,4,3,3,4,4,1,3,2,3,4,2,5,4,3,3,3,3,2,3,3,4,3,3,2,3,5,3,3,3,2
DN0791,1,1,2,4,1,2,2,5,4,3,4,2,3,3,2,4,5,2,4,2,3,3,4,1,1,1,1,3,4,3,4,4,3,3,3,4,4,4,3,3
DN0792,1,4,3,4,4,2,3,4,2,3,4,3,3,3,3,3,3,3,3,5,4,3,5,4,4,1,3,3,3,4,5,2,2,1,1,2,3,4,3,2
DN0793,1,1,2,3,4,1,2,3,3,1,4,1,1,1,1,2,3,2,3,3,2,2,4,3,4,5,5,3,3,2,3,3,3,2,2,4,4,3,4,3
DN0794,1,2,3,3,3,1,3,1,2,1,1,4,4,4,3,3,3,2,3,3,3,3,3,3,2,3,2,4,2,2,3,5,5,4,4,2,2,2,1,1
DN0795,1,1,3,4,3,4,4,3,2,3,2,2,4,5,3,4,3,2,3,4,3,3,5,4,4,4,4,5,2,3,3,4,4,4,4,3,4,3,4,3
DN0796,1,1,1,4,1,1,4,4,3,3,2,2,1,1,3,3,5,2,3,3,4,3,4,4,4,4,5,4,3,5,5,4,3,4,2,3,5,4,4,4
DN0797,1,4,2,3,4,4,3,2,3,2,3,1,3,3,3,3,3,3,2,3,2,3,2,2,3,2,3,2,3,4,4,3,1,2,2,3,3,2,1,2
DN0798,1,3,2,4,2,2,1,4,5,3,2,4,3,4,4,3,3,4,3,5,5,4,3,5,3,4,4,3,3,4,5,4,4,4,5,4,5,5,5,3
DN0799,1,1,1,4,1,1,2,2,2,2,2,3,1,2,2,4,4,3,3,2,3,2,1,4,3,4,3,3,1,2,3,4,3,4,3,2,3,3,2,3
DN0800,1,4,2,4,2,3,4,3,3,3,3,5,5,5,3,2,5,4,3,2,3,2,4,3,3,4,4,2,4,4,4,2,3,2,2,2,3,4,4,2
DN0801,0,3,3,4,3,2,3,0,0,0,0,0,0,0,0,0,0,0,0,0,0,0,0,0,0,0,0,0,0,0,0,0,0,0,0,0,0,0,0,0
DN0802,0,2,1,2,4,3,2,0,0,0,0,0,0,0,0,0,0,0,0,0,0,0,0,0,0,0,0,0,0,0,0,0,0,0,0,0,0,0,0,0
DN0803,0,1,2,2,1,3,2,0,0,0,0,0,0,0,0,0,0,0,0,0,0,0,0,0,0,0,0,0,0,0,0,0,0,0,0,0,0,0,0,0
DN0804,0,2,2,2,5,4,2,0,0,0,0,0,0,0,0,0,0,0,0,0,0,0,0,0,0,0,0,0,0,0,0,0,0,0,0,0,0,0,0,0
DN0805,0,1,2,4,1,1,2,0,0,0,0,0,0,0,0,0,0,0,0,0,0,0,0,0,0,0,0,0,0,0,0,0,0,0,0,0,0,0,0,0
DN0806,0,1,4,2,1,1,1,0,0,0,0,0,0,0,0,0,0,0,0,0,0,0,0,0,0,0,0,0,0,0,0,0,0,0,0,0,0,0,0,0
DN0807,0,2,3,4,1,3,2,0,0,0,0,0,0,0,0,0,0,0,0,0,0,0,0,0,0,0,0,0,0,0,0,0,0,0,0,0,0,0,0,0
DN0808,0,2,1,3,3,2,1,0,0,0,0,0,0,0,0,0,0,0,0,0,0,0,0,0,0,0,0,0,0,0,0,0,0,0,0,0,0,0,0,0
DN0809,0,2,2,3,2,2,3,0,0,0,0,0,0,0,0,0,0,0,0,0,0,0,0,0,0,0,0,0,0,0,0,0,0,0,0,0,0,0,0,0
DN0810,0,2,2,3,1,1,3,0,0,0,0,0,0,0,0,0,0,0,0,0,0,0,0,0,0,0,0,0,0,0,0,0,0,0,0,0,0,0,0,0
DN0811,0,3,4,3,2,2,1,0,0,0,0,0,0,0,0,0,0,0,0,0,0,0,0,0,0,0,0,0,0,0,0,0,0,0,0,0,0,0,0,0
DN0812,0,1,2,2,3,3,2,0,0,0,0,0,0,0,0,0,0,0,0,0,0,0,0,0,0,0,0,0,0,0,0,0,0,0,0,0,0,0,0,0
DN0813,0,1,3,3,4,2,1,0,0,0,0,0,0,0,0,0,0,0,0,0,0,0,0,0,0,0,0,0,0,0,0,0,0,0,0,0,0,0,0,0
DN0814,0,1,3,3,2,2,2,0,0,0,0,0,0,0,0,0,0,0,0,0,0,0,0,0,0,0,0,0,0,0,0,0,0,0,0,0,0,0,0,0
DN0815,0,2,1,4,1,2,4,0,0,0,0,0,0,0,0,0,0,0,0,0,0,0,0,0,0,0,0,0,0,0,0,0,0,0,0,0,0,0,0,0
DN0816,0,1,1,2,1,4,2,0,0,0,0,0,0,0,0,0,0,0,0,0,0,0,0,0,0,0,0,0,0,0,0,0,0,0,0,0,0,0,0,0
DN0817,0,4,2,4,3,3,4,0,0,0,0,0,0,0,0,0,0,0,0,0,0,0,0,0,0,0,0,0,0,0,0,0,0,0,0,0,0,0,0,0
DN0818,0,1,4,1,2,2,2,0,0,0,0,0,0,0,0,0,0,0,0,0,0,0,0,0,0,0,0,0,0,0,0,0,0,0,0,0,0,0,0,0
DN0819,0,3,4,4,1,3,2,0,0,0,0,0,0,0,0,0,0,0,0,0,0,0,0,0,0,0,0,0,0,0,0,0,0,0,0,0,0,0,0,0
DN0820,0,2,1,3,5,2,3,0,0,0,0,0,0,0,0,0,0,0,0,0,0,0,0,0,0,0,0,0,0,0,0,0,0,0,0,0,0,0,0,0
DN0821,0,1,4,4,2,2,2,0,0,0,0,0,0,0,0,0,0,0,0,0,0,0,0,0,0,0,0,0,0,0,0,0,0,0,0,0,0,0,0,0
DN0822,0,3,3,3,2,1,2,0,0,0,0,0,0,0,0,0,0,0,0,0,0,0,0,0,0,0,0,0,0,0,0,0,0,0,0,0,0,0,0,0
DN0823,0,1,1,2,3,2,3,0,0,0,0,0,0,0,0,0,0,0,0,0,0,0,0,0,0,0,0,0,0,0,0,0,0,0,0,0,0,0,0,0
DN0824,0,2,3,3,4,2,2,0,0,0,0,0,0,0,0,0,0,0,0,0,0,0,0,0,0,0,0,0,0,0,0,0,0,0,0,0,0,0,0,0
DN0825,0,1,2,3,2,4,1,0,0,0,0,0,0,0,0,0,0,0,0,0,0,0,0,0,0,0,0,0,0,0,0,0,0,0,0,0,0,0,0,0
DN0826,0,1,4,4,2,2,2,0,0,0,0,0,0,0,0,0,0,0,0,0,0,0,0,0,0,0,0,0,0,0,0,0,0,0,0,0,0,0,0,0
DN0827,0,3,3,4,2,2,1,0,0,0,0,0,0,0,0,0,0,0,0,0,0,0,0,0,0,0,0,0,0,0,0,0,0,0,0,0,0,0,0,0
DN0828,0,1,1,4,1,1,2,0,0,0,0,0,0,0,0,0,0,0,0,0,0,0,0,0,0,0,0,0,0,0,0,0,0,0,0,0,0,0,0,0
DN0829,0,2,4,2,1,2,2,0,0,0,0,0,0,0,0,0,0,0,0,0,0,0,0,0,0,0,0,0,0,0,0,0,0,0,0,0,0,0,0,0
DN0830,0,2,3,1,2,2,3,0,0,0,0,0,0,0,0,0,0,0,0,0,0,0,0,0,0,0,0,0,0,0,0,0,0,0,0,0,0,0,0,0
DN0831,0,1,2,3,5,3,2,0,0,0,0,0,0,0,0,0,0,0,0,0,0,0,0,0,0,0,0,0,0,0,0,0,0,0,0,0,0,0,0,0
DN0832,0,4,3,2,1,1,3,0,0,0,0,0,0,0,0,0,0,0,0,0,0,0,0,0,0,0,0,0,0,0,0,0,0,0,0,0,0,0,0,0
DN0833,0,1,4,3,1,1,1,0,0,0,0,0,0,0,0,0,0,0,0,0,0,0,0,0,0,0,0,0,0,0,0,0,0,0,0,0,0,0,0,0
DN0834,0,2,2,3,3,2,2,0,0,0,0,0,0,0,0,0,0,0,0,0,0,0,0,0,0,0,0,0,0,0,0,0,0,0,0,0,0,0,0,0
DN0835,0,1,2,3,3,2,2,0,0,0,0,0,0,0,0,0,0,0,0,0,0,0,0,0,0,0,0,0,0,0,0,0,0,0,0,0,0,0,0,0
DN0836,0,1,2,3,5,3,2,0,0,0,0,0,0,0,0,0,0,0,0,0,0,0,0,0,0,0,0,0,0,0,0,0,0,0,0,0,0,0,0,0
DN0837,0,3,3,4,1,1,3,0,0,0,0,0,0,0,0,0,0,0,0,0,0,0,0,0,0,0,0,0,0,0,0,0,0,0,0,0,0,0,0,0
DN0838,0,1,2,2,4,4,4,0,0,0,0,0,0,0,0,0,0,0,0,0,0,0,0,0,0,0,0,0,0,0,0,0,0,0,0,0,0,0,0,0
DN0839,0,3,2,3,1,3,2,0,0,0,0,0,0,0,0,0,0,0,0,0,0,0,0,0,0,0,0,0,0,0,0,0,0,0,0,0,0,0,0,0
DN0840,0,3,2,3,3,1,1,0,0,0,0,0,0,0,0,0,0,0,0,0,0,0,0,0,0,0,0,0,0,0,0,0,0,0,0,0,0,0,0,0
DN0841,0,4,1,3,4,1,2,0,0,0,0,0,0,0,0,0,0,0,0,0,0,0,0,0,0,0,0,0,0,0,0,0,0,0,0,0,0,0,0,0
DN0842,0,4,1,1,2,2,2,0,0,0,0,0,0,0,0,0,0,0,0,0,0,0,0,0,0,0,0,0,0,0,0,0,0,0,0,0,0,0,0,0
