ID,OWNERSHIP,REVENUE,EXPERIENCE,MAIN_PRODUCT,NUM_BANKS,POSITION,COMP1,COMP2,COMP3,COMP4,SPEED1,SPEED2,SPEED3,SPEED4,DIGI1,DIGI2,DIGI3,DIGI4,REPU1,REPU2,REPU3,REPU4,RELA1,RELA2,RELA3,RELA4,STAFF1,STAFF2,STAFF3,STAFF4,COLL1,COLL2,COLL3,COLL4,DEC1,DEC2,DEC3,DEC4,WALLET_SHARE
1,1,2,2,1,2,2,4,4,3,4,2,3,2,4,5,4,4,3,5,4,5,4,4,3,3,4,3,4,4,4,4,4,5,5,4,3,5,4,1
2,4,1,2,1,2,3,4,4,4,3,2,3,2,4,5,5,5,5,5,5,4,4,5,5,5,5,4,5,4,5,5,5,4,4,5,5,5,5,3
3,2,2,2,2,1,3,4,3,3,4,4,4,4,3,4,5,5,5,4,5,4,5,4,4,5,4,5,5,5,5,4,4,4,4,4,3,3,3,2
4,2,2,2,1,3,1,4,4,4,4,4,4,3,4,4,3,4,3,4,5,5,5,3,3,3,2,2,3,2,3,5,5,3,4,5,3,3,3,1
5,1,2,1,3,2,1,4,5,4,4,4,4,3,4,4,3,4,4,5,4,5,5,3,2,4,3,5,5,5,5,3,4,4,3,5,5,5,4,3
6,1,3,3,2,3,2,2,2,4,2,4,4,4,3,4,5,4,5,5,5,4,5,3,3,3,4,3,4,4,4,4,3,4,4,4,4,4,4,4
7,1,4,1,2,3,2,3,4,4,4,2,3,3,3,2,2,2,2,4,3,3,4,4,4,4,4,3,4,4,4,4,4,3,4,3,3,4,3,1
8,3,4,4,1,3,2,4,4,3,4,4,4,4,4,3,4,4,4,3,4,4,3,5,5,4,4,4,4,4,4,4,5,5,5,4,4,5,4,2
9,2,2,2,5,2,3,4,3,4,4,4,5,4,4,3,3,3,3,5,4,5,5,3,3,3,3,4,4,3,4,3,4,4,4,3,3,3,4,1
10,2,1,3,2,2,1,5,4,5,4,4,5,5,4,3,3,4,3,5,3,4,4,4,5,4,4,4,5,4,4,4,3,2,3,4,5,4,4,3
11,1,4,4,3,1,1,4,5,4,3,2,2,2,2,3,3,4,4,4,5,3,4,3,4,4,4,3,3,3,2,3,2,3,4,4,3,3,3,2
12,4,3,3,1,2,2,4,4,4,5,4,4,4,3,4,3,3,3,4,4,4,5,2,2,2,1,4,3,4,2,4,4,5,4,3,4,4,4,2
13,3,1,3,2,1,3,3,3,4,3,2,2,2,3,3,3,3,4,4,4,4,5,3,3,3,4,3,4,3,4,3,3,4,4,3,2,4,4,2
14,1,4,2,1,2,2,4,4,4,3,3,3,3,3,3,3,3,3,2,2,2,2,2,3,3,3,3,3,3,3,3,4,4,3,3,3,3,3,2
15,1,3,2,2,1,3,5,4,4,4,3,4,4,4,5,5,5,5,4,4,4,4,3,3,3,2,5,5,5,5,2,2,3,2,4,5,5,4,4
16,1,2,3,5,1,2,5,5,5,4,4,4,4,4,5,5,5,5,4,4,4,4,4,5,4,4,4,4,4,3,3,4,4,4,4,5,4,4,4
17,1,2,4,2,1,4,3,3,3,2,4,3,3,4,3,3,4,3,4,4,4,5,4,4,3,4,4,4,4,4,4,4,4,4,3,3,3,3,2
18,2,2,3,1,1,4,4,4,4,4,4,4,4,4,5,5,5,5,5,5,5,4,4,4,4,4,5,4,5,5,5,5,4,4,5,5,5,5,4
19,2,1,3,1,3,2,3,3,4,3,2,3,2,2,4,4,4,4,5,5,5,5,4,5,4,4,3,3,3,3,3,3,3,2,4,4,4,5,2
20,1,1,3,2,3,2,3,4,4,3,4,4,4,4,3,3,4,3,4,4,4,4,5,4,5,4,4,5,5,5,3,3,1,3,3,3,2,3,1
21,2,3,3,1,2,2,5,5,3,5,4,3,4,4,3,4,5,5,5,5,5,5,4,5,5,5,3,3,3,2,3,4,3,4,5,4,5,3,3
22,1,1,1,1,1,2,3,4,4,4,5,5,5,4,4,4,4,4,5,5,5,5,3,3,2,3,4,3,4,3,5,5,5,4,4,4,4,4,2
23,1,1,3,3,1,3,4,3,4,3,3,3,2,4,4,3,4,5,4,4,4,4,3,3,5,4,3,3,3,3,3,3,3,4,4,2,4,4,2
24,1,2,4,2,1,3,2,2,3,3,4,4,4,3,4,5,4,5,4,4,4,4,4,2,4,4,4,5,5,4,3,2,3,2,4,3,4,3,2
25,2,2,2,1,1,3,4,4,4,5,4,3,3,3,3,4,3,4,4,5,4,5,4,4,3,4,4,4,5,5,4,4,4,5,4,5,4,5,4
26,3,4,3,4,3,3,3,4,4,4,4,5,4,5,3,3,3,3,5,4,4,5,3,4,4,3,4,4,4,5,3,3,4,4,4,3,3,5,1
27,1,1,2,1,1,2,4,4,3,3,3,3,3,4,3,1,2,2,3,3,4,3,3,4,3,4,3,4,3,3,3,3,2,3,2,2,2,2,2
28,2,1,3,5,2,1,3,3,3,3,4,4,4,3,2,3,2,3,4,3,4,3,5,3,4,4,3,3,3,2,2,3,3,3,3,2,3,3,1
29,2,3,1,1,1,3,4,5,5,3,3,3,4,4,4,3,4,4,4,4,5,4,3,3,4,3,3,3,2,3,5,4,4,5,5,4,4,4,2
30,1,2,3,4,1,2,1,2,2,1,2,2,2,3,3,3,2,3,4,4,4,3,4,3,3,3,4,4,5,4,5,4,4,3,1,2,1,1,3
31,2,1,4,2,2,3,3,4,4,4,4,3,4,3,3,3,3,4,4,5,5,5,3,3,4,4,4,5,5,4,4,3,4,4,4,4,4,4,1
32,1,2,2,3,2,2,4,4,3,3,3,3,3,2,5,5,5,4,4,3,3,3,3,4,3,3,5,4,4,5,4,3,3,3,4,4,4,3,2
33,1,1,3,5,1,1,4,3,3,3,4,4,4,3,5,5,4,4,5,5,4,5,5,4,4,5,3,3,3,3,4,3,3,3,5,5,5,4,4
34,4,1,4,1,1,4,4,4,5,5,3,3,3,3,4,4,4,4,4,2,3,2,5,5,5,4,5,5,5,4,4,3,4,3,5,4,4,4,3
35,4,2,4,5,2,1,3,3,3,3,5,5,5,5,4,4,4,4,3,4,5,4,3,4,5,4,4,3,4,4,4,4,4,4,2,3,3,2,1
36,3,2,2,2,1,4,5,5,4,4,4,3,3,4,5,5,5,5,4,5,5,4,4,4,4,4,5,5,5,5,3,4,3,4,4,4,5,5,3
37,1,4,3,2,1,4,4,3,3,4,3,4,4,4,5,4,4,4,5,5,5,4,5,5,4,4,4,4,4,4,2,4,4,5,5,5,5,5,4
38,1,2,2,1,4,3,5,5,5,5,5,4,4,4,3,3,4,4,5,5,5,4,5,5,4,5,4,4,5,5,4,4,5,4,5,5,5,5,2
39,2,2,4,2,2,3,3,4,3,2,5,4,4,3,2,2,3,2,3,4,4,3,4,4,4,4,4,4,3,3,3,2,3,3,3,3,3,3,1
40,2,2,4,1,2,2,3,3,3,3,4,4,4,4,5,5,4,4,3,3,2,4,4,4,4,4,5,5,4,5,4,3,4,5,5,3,4,4,1
41,1,1,3,2,2,3,5,5,5,5,4,4,5,4,5,5,5,5,4,4,4,3,5,5,4,4,5,5,5,4,2,4,2,3,4,4,4,4,2
42,2,2,4,2,2,2,4,4,3,4,3,3,3,3,4,4,4,3,4,4,4,5,3,3,4,3,4,4,4,4,5,5,5,5,4,3,3,4,1
43,1,1,3,3,2,2,2,2,4,2,4,3,3,3,4,4,5,4,4,3,3,4,4,3,4,4,3,3,3,2,4,5,5,4,3,3,3,4,2
44,4,4,3,3,2,2,3,3,3,4,3,2,4,3,4,4,5,4,3,3,3,3,4,5,4,5,4,3,3,4,3,4,3,3,2,3,2,3,2
45,1,1,1,2,3,2,4,5,4,5,4,4,4,5,5,4,4,5,4,4,5,4,4,5,5,4,5,5,5,5,4,4,4,3,5,4,3,4,2
46,2,2,4,1,1,2,4,3,3,4,3,4,3,3,2,2,1,1,3,2,3,3,4,4,3,3,5,5,5,4,2,3,3,2,3,2,2,2,1
47,1,1,2,1,2,2,3,2,3,2,4,3,4,4,3,3,4,3,5,4,5,4,4,3,4,4,2,3,3,2,4,5,5,5,3,3,3,2,1
48,2,4,4,1,2,2,1,2,2,2,4,4,4,3,4,5,5,5,5,5,4,5,4,2,3,3,3,4,3,2,2,4,3,3,3,3,3,3,2
49,2,2,4,1,3,3,5,5,5,3,4,4,4,5,5,3,4,4,4,3,3,4,5,5,5,5,5,5,5,5,5,5,4,4,5,5,5,5,2
50,1,2,3,1,2,2,3,3,3,3,5,4,5,4,3,5,4,5,4,4,3,4,4,3,4,4,4,2,3,4,3,3,3,4,3,3,3,3,2
51,4,1,1,1,2,4,2,3,2,2,4,3,4,3,3,3,3,3,2,3,2,2,3,2,2,4,4,4,4,4,4,4,4,4,2,2,2,2,1
52,3,3,2,5,1,3,1,2,2,1,4,4,3,4,4,4,5,3,4,3,3,3,3,4,4,4,4,4,4,4,4,4,3,4,3,3,3,4,2
53,4,1,2,2,2,3,4,4,3,5,3,3,3,3,4,4,4,4,4,4,4,4,3,3,4,4,5,5,5,5,1,2,2,3,5,4,4,4,2
54,4,3,2,1,1,2,3,3,3,4,3,3,3,3,3,3,3,4,4,4,4,4,4,4,3,3,3,4,3,3,3,4,3,3,2,4,3,2,2
55,2,1,1,2,2,3,4,4,4,4,3,3,3,4,5,5,5,5,5,5,4,5,5,4,5,4,5,4,5,4,3,4,2,4,4,4,4,5,3
56,4,1,4,1,1,1,5,4,5,4,3,3,5,2,3,4,4,3,3,3,2,2,3,3,3,3,4,3,4,4,4,3,3,3,4,4,3,4,4
57,1,1,3,2,2,3,5,5,5,5,5,5,5,5,4,4,4,4,5,5,5,5,5,5,5,5,5,5,5,4,5,5,5,5,5,5,5,5,4
58,1,2,2,2,1,1,5,5,5,5,4,4,4,4,5,5,4,4,4,4,3,4,5,5,5,5,2,3,3,3,3,3,3,2,4,4,3,3,4
59,1,2,3,2,2,4,4,4,4,4,4,3,3,4,4,4,5,4,5,5,5,4,3,3,4,4,2,3,3,3,3,3,4,3,3,3,2,2,2
60,1,1,3,2,3,4,3,3,3,3,5,5,5,5,4,4,5,5,4,4,4,3,3,3,5,4,4,4,3,3,4,3,3,3,4,4,4,5,2
61,1,3,3,5,1,2,3,2,2,3,4,4,5,4,3,2,4,3,3,3,3,3,4,3,3,2,3,3,4,4,3,4,4,3,3,3,3,3,2
62,1,2,3,4,2,2,4,3,4,3,3,3,3,2,4,4,4,4,3,3,2,2,4,3,3,3,2,3,3,3,3,4,4,5,3,3,3,4,2
63,3,2,4,2,2,3,4,4,4,4,4,3,4,4,3,4,3,4,5,4,5,5,4,5,5,5,3,3,3,3,3,4,3,3,4,3,4,3,2
64,1,2,3,2,1,2,4,4,4,4,4,4,3,5,4,3,4,4,5,5,4,4,4,4,4,4,3,4,4,4,4,5,4,5,5,4,5,5,3
65,1,2,4,2,3,3,4,5,5,4,5,5,5,5,5,5,5,5,5,5,4,5,5,4,4,5,5,5,4,5,3,4,3,3,5,5,5,5,2
66,2,2,4,1,1,1,4,4,4,4,3,3,2,2,3,4,4,3,4,4,4,4,5,4,4,5,3,3,3,4,4,4,4,4,2,4,3,4,2
67,1,1,2,2,2,1,5,4,4,4,5,4,4,5,3,3,4,3,4,4,4,4,3,2,3,3,4,4,5,5,4,5,4,4,4,4,4,4,3
68,3,1,4,1,2,4,5,4,5,5,5,4,5,5,3,3,3,2,2,2,3,3,4,3,3,4,3,3,4,4,3,4,3,3,2,3,3,3,3
69,1,3,1,2,2,3,3,3,4,3,3,3,3,3,4,4,4,4,3,3,3,4,2,2,2,2,3,3,3,3,4,3,4,4,3,3,4,3,1
70,5,4,4,2,2,3,3,4,4,3,4,3,5,4,2,3,3,3,5,4,5,4,4,4,3,3,5,5,5,5,4,4,4,4,3,3,4,3,2
71,3,2,3,1,1,2,3,4,4,4,3,4,4,2,3,3,4,2,5,5,4,5,1,2,2,1,4,4,4,3,3,3,5,5,3,3,3,3,2
72,1,1,4,5,1,3,4,3,3,3,4,3,4,4,4,4,3,3,5,4,4,4,4,5,4,4,4,4,4,4,3,3,3,4,4,4,3,4,3
73,1,2,4,4,3,2,4,5,4,4,3,4,5,3,4,5,5,5,5,5,5,5,5,5,5,5,5,5,5,5,3,3,4,4,5,4,5,5,1
74,3,2,4,3,2,2,3,3,3,3,4,4,5,4,4,4,4,5,4,4,4,4,4,4,4,4,3,2,3,3,4,3,3,3,5,3,4,4,1
75,2,1,4,2,3,3,3,4,3,4,5,5,4,5,3,5,4,4,4,3,3,3,3,2,3,3,4,5,5,4,3,4,4,4,4,3,4,4,1
76,2,1,2,4,3,2,4,4,3,3,4,3,2,4,4,4,4,3,4,3,4,4,3,3,4,4,5,5,5,5,4,3,4,3,4,4,4,3,2
77,3,2,1,1,3,2,5,4,4,4,2,2,2,2,4,3,4,4,4,4,4,5,3,3,3,3,3,5,3,3,5,4,4,5,5,3,4,4,1
78,1,2,3,3,2,2,3,3,3,4,3,4,3,4,3,3,4,4,4,3,3,3,3,3,2,3,4,5,5,4,2,3,3,3,3,4,3,4,2
79,1,1,2,1,2,3,3,3,3,4,4,4,4,4,4,3,4,4,4,3,4,4,5,5,5,5,4,3,3,3,4,5,4,5,4,4,4,4,2
80,1,1,3,3,3,2,5,5,5,5,5,5,5,5,5,5,5,4,5,5,4,4,5,4,5,4,4,4,4,4,2,3,3,3,4,5,5,5,3
81,3,1,2,1,2,3,4,3,3,4,4,3,4,4,4,4,5,5,5,5,4,5,3,3,3,3,3,4,5,5,3,2,4,3,4,4,4,4,2
82,2,2,4,4,1,2,4,4,3,4,4,4,5,4,5,5,5,4,2,3,3,3,5,4,4,5,5,5,4,4,4,4,4,3,5,4,5,5,3
83,1,1,3,4,3,2,3,5,4,4,4,4,4,4,3,3,3,3,5,5,4,5,5,4,5,5,4,4,4,4,3,4,3,4,4,4,4,5,1
84,1,1,4,1,3,3,2,3,3,2,5,4,4,4,5,5,5,5,4,3,3,4,5,5,5,5,5,5,5,5,5,4,5,5,5,4,5,5,1
85,1,3,2,2,2,2,3,4,4,3,3,4,3,3,3,3,4,4,3,3,3,2,5,5,5,5,4,4,3,4,2,3,2,2,4,4,3,5,2
86,1,1,4,5,1,1,3,2,2,3,2,4,3,3,2,2,2,3,5,4,4,5,3,3,3,3,4,4,4,5,2,2,4,2,3,4,3,3,3
87,2,2,4,2,2,1,4,4,3,3,4,4,4,3,4,3,3,3,5,4,4,3,5,5,5,5,3,3,4,3,2,1,2,2,4,3,3,4,2
88,2,1,3,4,3,2,4,3,4,4,5,5,5,5,5,4,4,5,5,5,5,5,5,5,4,3,5,5,5,4,4,4,5,3,5,5,5,4,2
89,4,1,3,2,3,3,4,5,5,4,4,3,4,4,4,5,5,5,5,5,5,4,4,3,4,4,4,4,5,4,4,5,4,4,5,4,4,5,2
90,2,1,4,2,1,1,4,5,5,4,3,4,4,4,4,4,4,4,5,5,5,5,4,4,4,4,4,4,4,4,5,5,5,5,5,5,4,4,4
91,1,2,2,1,1,3,3,4,4,4,3,2,3,3,3,2,2,2,4,4,3,3,3,3,3,3,4,4,4,4,3,4,4,4,3,3,3,4,3
92,2,3,3,1,3,2,5,4,4,4,5,4,5,5,4,4,3,3,4,5,4,4,4,4,4,4,4,4,2,3,5,5,5,4,5,4,5,5,3
93,3,3,3,3,2,2,4,4,4,5,5,5,5,5,5,3,4,4,4,4,5,5,3,3,3,4,3,2,3,2,4,4,4,4,4,4,5,4,2
94,2,2,2,2,2,4,4,3,3,3,5,4,4,4,4,4,4,4,5,5,5,5,5,4,4,4,4,4,4,4,4,4,3,3,5,4,4,4,2
95,3,2,2,2,4,2,4,4,4,5,3,3,3,3,4,4,4,5,3,4,2,2,4,4,4,4,2,2,2,2,3,3,2,3,4,3,4,3,1
96,2,1,1,2,1,2,3,3,2,3,3,4,4,3,4,5,4,5,4,4,3,4,3,3,3,4,5,4,4,4,4,3,4,4,3,4,4,3,3
97,2,1,1,2,2,1,4,3,3,3,2,1,2,3,4,4,3,3,4,4,3,4,4,4,4,4,4,5,5,5,2,2,3,3,3,3,2,3,2
98,2,3,2,4,1,1,4,5,5,5,4,4,5,4,3,3,4,3,2,2,3,3,4,5,5,5,5,4,4,5,4,5,5,5,4,4,4,5,2
99,1,1,4,5,2,2,3,2,1,3,3,2,4,3,2,3,3,2,3,3,3,4,4,4,4,4,2,3,2,3,2,3,4,2,3,2,3,3,1
100,1,1,3,2,3,1,3,3,3,3,4,4,4,4,5,4,5,4,2,3,3,3,3,3,4,3,5,4,5,5,4,4,4,5,3,4,4,4,2
101,1,1,4,3,2,3,2,3,3,3,3,3,4,4,5,5,4,5,4,4,4,5,4,3,5,5,5,5,5,5,3,3,3,4,4,3,4,3,2
102,2,1,3,3,4,2,4,3,4,3,4,3,5,4,4,5,3,4,5,4,5,5,3,4,5,4,4,5,4,5,4,4,4,5,5,4,3,4,1
103,1,1,2,2,2,2,4,4,4,4,3,3,4,4,3,4,3,4,4,4,4,4,4,4,4,4,4,5,4,5,4,4,4,4,4,4,3,3,3
104,2,2,3,5,2,1,4,5,4,4,5,4,5,5,5,5,5,4,5,5,5,5,5,5,5,5,5,4,4,4,4,3,3,4,5,5,4,3,2
105,4,2,3,1,1,2,4,4,4,4,3,4,4,3,4,4,4,4,3,3,2,3,3,2,3,3,4,4,4,4,4,4,3,3,3,3,2,2,1
106,1,3,1,1,2,3,4,3,3,3,5,5,4,5,3,4,3,3,4,5,4,4,2,3,2,3,4,3,3,3,3,4,4,3,3,4,4,4,1
107,1,3,3,4,2,4,3,3,3,4,4,4,4,4,3,3,4,4,4,5,4,3,2,2,2,2,4,4,3,4,3,4,3,3,4,4,4,4,3
108,3,1,2,2,1,1,4,4,4,4,3,4,3,4,5,4,5,4,3,3,2,3,4,4,3,4,5,5,4,4,3,4,3,3,4,3,4,4,3
109,1,1,3,4,2,4,4,4,5,4,4,4,5,4,3,3,4,4,5,5,5,5,5,5,5,5,5,5,5,5,5,5,5,5,4,4,4,4,3
110,1,2,3,4,2,2,5,5,5,5,3,4,3,4,4,4,3,3,5,4,4,4,4,4,4,4,3,3,3,3,5,4,4,5,5,4,5,5,3
111,1,2,2,1,3,2,4,3,3,4,3,3,2,3,4,4,4,4,4,4,3,4,3,4,3,3,3,4,4,4,4,4,3,4,4,5,3,3,4
112,1,1,1,4,2,2,4,4,3,3,5,4,5,5,4,4,4,4,3,3,4,3,3,3,3,3,3,3,3,4,4,5,5,5,4,4,4,5,2
113,4,2,4,2,3,1,3,3,3,3,4,5,4,5,4,4,4,4,4,4,3,4,3,3,3,3,5,5,5,5,3,3,3,3,4,4,5,5,2
114,3,2,3,2,1,1,2,2,3,3,4,3,4,3,3,2,3,3,3,4,4,3,4,2,4,3,4,3,4,3,5,5,4,4,3,3,2,3,3
115,2,2,1,2,1,2,4,4,4,5,5,5,5,5,5,4,5,4,4,5,5,5,5,5,5,5,3,4,3,3,5,5,4,4,5,5,5,5,3
116,3,2,4,4,2,2,4,3,3,4,2,2,3,3,5,4,5,5,4,3,4,4,3,3,3,3,5,4,4,4,3,2,3,2,3,3,2,3,1
117,3,1,1,1,2,4,5,5,5,5,4,4,3,4,3,3,3,3,5,5,4,5,5,5,5,5,5,5,5,5,5,5,5,5,4,4,5,4,2
118,1,4,3,2,1,2,3,5,4,4,4,5,4,4,5,5,5,4,3,4,4,3,4,4,3,4,4,4,4,4,5,5,4,5,3,3,4,3,2
119,4,3,4,3,3,1,5,5,5,5,3,3,4,4,4,3,3,3,3,3,3,3,4,4,4,4,4,4,5,4,4,4,4,4,4,4,4,4,2
120,2,1,2,3,3,3,3,2,2,3,1,1,1,1,4,4,4,4,3,4,3,3,2,3,4,4,4,3,4,4,4,3,4,4,3,2,3,3,1
121,3,3,2,3,2,2,5,4,5,4,3,4,4,4,4,5,5,4,2,3,2,2,5,5,4,5,5,5,5,5,4,4,5,3,5,5,3,4,4
122,4,2,2,1,1,2,3,3,4,4,4,3,3,4,4,4,3,3,4,4,4,5,4,4,4,5,3,4,4,3,5,4,3,4,4,4,4,4,3
123,1,3,2,1,3,3,2,3,3,3,3,4,3,3,4,3,3,3,2,2,3,3,3,3,4,3,3,3,4,4,1,1,2,2,3,1,3,2,1
124,1,3,1,1,2,4,5,4,5,4,4,4,4,4,5,5,5,4,4,4,4,5,3,4,4,4,4,3,4,3,3,3,3,3,4,4,4,5,1
125,1,2,3,3,3,3,4,4,4,4,4,4,4,5,4,4,3,4,5,5,5,5,4,5,4,4,3,3,3,3,4,4,4,4,5,4,5,3,2
126,2,1,1,1,3,3,4,3,4,4,4,3,4,3,4,4,4,3,3,3,3,3,4,4,5,4,4,3,3,3,4,3,3,3,5,4,4,4,1
127,3,1,3,1,3,3,3,3,3,3,5,4,4,4,4,4,4,4,4,4,4,4,3,3,4,4,4,4,4,5,4,3,4,3,3,3,3,3,1
128,3,2,4,5,2,4,4,4,4,3,3,2,3,3,4,4,4,4,4,4,4,4,3,3,4,5,3,4,5,4,2,3,3,3,4,4,4,4,3
129,1,2,4,1,1,2,5,5,5,5,5,4,4,5,5,5,5,5,4,5,5,5,4,4,4,4,5,5,4,4,5,4,5,5,5,5,5,5,4
130,2,1,3,5,2,1,5,5,4,5,5,4,5,5,4,5,4,3,4,4,4,4,4,3,4,4,5,4,5,4,5,4,5,4,3,3,4,3,1
131,1,1,2,3,2,2,5,5,5,5,4,3,3,3,5,5,4,5,4,4,4,3,3,4,4,3,4,5,5,4,4,4,4,3,5,4,4,4,3
132,1,3,3,3,3,2,4,4,3,4,3,4,2,3,4,3,4,3,4,4,4,5,4,5,4,5,3,3,3,3,4,4,3,4,4,5,4,4,3
133,1,4,3,1,1,3,5,5,4,5,3,3,4,3,5,5,5,5,5,4,4,4,5,5,5,5,4,5,5,3,5,5,5,5,4,5,4,5,4
134,1,2,3,1,1,3,4,4,4,4,3,3,3,3,4,4,4,4,3,3,4,3,5,5,5,5,4,5,4,4,5,5,5,5,5,5,4,4,4
135,4,1,2,3,3,2,4,4,3,4,5,4,5,4,3,3,3,3,4,4,3,4,3,3,2,3,4,4,4,4,4,4,4,5,5,3,4,4,1
136,1,1,4,3,3,1,3,3,3,3,3,3,3,3,5,4,4,4,3,3,4,3,4,5,5,5,4,3,4,4,5,5,5,5,4,4,3,4,1
137,2,1,3,3,3,3,4,3,4,3,2,3,4,3,3,3,3,4,5,4,5,5,4,3,3,4,3,4,4,3,3,3,3,4,4,4,3,2,1
138,2,4,2,1,3,2,2,1,2,2,3,3,3,3,4,3,2,3,3,3,4,2,4,4,4,4,2,3,4,4,3,4,3,3,2,2,2,2,1
139,1,1,2,3,2,3,4,5,5,4,5,5,5,5,4,4,4,3,5,5,5,5,3,3,4,3,5,5,5,5,3,4,3,4,5,4,5,4,2
140,4,2,3,3,2,2,3,4,3,4,3,4,4,4,5,5,4,4,5,5,4,4,4,4,3,4,4,4,5,5,4,4,4,3,5,4,4,5,2
141,4,1,4,2,3,2,4,4,4,5,4,3,3,3,5,5,4,5,5,4,3,4,4,4,4,4,4,3,4,4,3,4,4,4,5,4,5,5,2
142,1,2,3,3,2,1,4,3,4,4,4,3,4,3,4,4,4,5,5,5,5,5,3,3,3,2,4,4,3,4,3,4,4,4,4,4,5,4,3
143,2,2,4,4,2,1,3,3,2,3,5,5,5,5,5,5,4,5,4,4,4,5,5,4,5,5,4,4,4,3,3,5,4,5,4,4,4,5,3
144,1,3,1,2,1,3,5,5,5,5,4,3,4,4,4,4,3,3,5,4,4,5,5,5,5,5,4,5,4,4,5,5,5,5,4,4,4,4,2
145,1,1,3,1,2,4,4,3,3,4,5,5,5,4,4,3,4,4,5,5,4,4,4,4,4,5,4,5,4,5,2,2,3,3,5,5,5,5,2
146,1,1,3,2,3,3,5,5,5,5,4,4,5,4,4,3,3,4,5,4,4,5,5,5,5,5,2,3,3,2,4,3,4,3,4,4,4,3,2
147,2,1,1,1,1,1,4,4,4,4,3,4,4,4,3,4,3,4,4,4,4,4,4,4,4,4,2,3,3,3,4,4,4,4,4,4,3,4,2
148,2,3,2,2,1,2,4,5,4,5,5,5,5,5,4,4,3,4,5,4,4,5,4,5,5,4,4,4,3,3,4,3,3,3,5,4,5,5,2
149,1,3,4,2,2,3,3,4,3,3,3,3,3,3,5,4,5,4,4,5,5,4,2,2,2,4,5,5,4,5,3,4,3,3,4,3,3,3,1
150,1,2,2,1,1,3,3,3,3,4,3,4,3,3,4,4,3,4,3,4,3,2,5,5,5,4,3,3,4,3,4,4,3,4,4,4,5,4,4
151,4,2,3,1,1,1,2,2,4,2,2,3,3,4,4,5,4,4,4,4,3,4,5,5,5,5,4,5,4,4,3,2,3,3,4,3,3,3,2
152,1,2,2,1,2,1,4,5,4,4,5,5,4,4,3,3,5,4,4,4,4,5,3,4,4,3,3,3,3,2,4,3,4,3,3,3,3,2,2
153,1,1,1,3,3,3,4,5,3,3,5,5,5,5,4,3,4,3,1,2,2,2,2,2,2,2,2,3,3,4,3,4,4,4,3,3,4,3,1
154,2,4,2,4,2,2,5,5,5,5,5,5,5,5,4,4,4,4,5,5,5,5,5,4,4,4,5,5,5,5,3,4,3,3,4,3,4,4,1
155,5,2,4,1,1,2,3,4,4,3,5,4,4,5,4,4,3,4,4,3,4,3,3,3,3,3,5,4,4,4,4,4,5,4,3,3,4,4,3
156,1,2,4,5,1,1,4,3,3,4,3,3,4,3,3,4,4,3,2,2,2,3,3,4,5,4,5,4,4,4,3,3,2,3,1,3,2,3,1
157,2,2,4,2,2,2,5,5,5,5,3,3,4,3,3,3,4,5,4,4,4,4,5,4,4,4,5,5,5,5,5,5,5,4,5,5,5,4,2
158,3,1,3,1,2,3,4,4,4,4,3,2,3,3,4,4,5,4,4,5,5,4,3,3,4,3,4,4,4,3,4,4,4,4,4,3,4,3,1
159,1,1,1,1,3,4,4,4,5,4,5,5,5,5,4,3,4,4,4,5,5,5,5,4,5,5,3,3,3,3,5,4,4,5,5,5,5,5,3
160,2,3,3,2,2,2,3,2,3,4,4,4,5,5,5,5,5,5,2,3,2,3,5,4,5,5,4,5,4,4,5,4,5,5,5,5,5,4,4
161,1,1,3,3,3,2,3,3,3,4,4,4,3,3,4,3,2,3,5,5,5,4,5,4,4,5,2,1,3,2,3,4,4,2,5,4,3,4,1
162,2,2,4,3,1,1,4,3,3,4,4,4,5,4,3,3,3,3,4,2,3,4,4,3,4,4,3,4,3,4,2,1,1,2,4,3,3,3,2
163,2,1,1,1,2,2,5,5,4,5,4,4,3,4,5,5,5,5,5,5,4,4,2,3,3,3,5,5,4,4,4,4,3,5,5,5,4,4,4
164,2,2,3,1,1,2,3,2,4,3,4,4,4,4,2,3,2,3,4,4,4,4,5,4,4,4,5,4,4,4,4,3,4,3,3,3,3,3,2
165,1,1,2,2,4,2,4,4,4,4,5,4,4,4,3,4,3,3,4,4,4,4,4,4,4,4,5,5,5,5,5,5,4,5,4,4,4,4,1
166,3,2,2,1,2,2,3,2,4,4,5,5,5,4,5,5,5,4,5,4,5,5,2,3,3,3,4,4,3,4,3,4,3,4,3,3,4,3,1
167,1,2,3,1,2,2,3,3,2,2,3,3,4,4,2,2,2,2,3,3,3,3,5,5,5,4,4,3,4,3,3,3,3,4,3,4,3,4,3
168,1,1,3,1,1,1,4,4,4,4,3,3,3,2,4,4,5,3,3,3,2,2,5,5,5,5,4,5,5,5,4,5,5,5,5,5,5,5,4
169,1,2,3,3,1,2,3,3,3,2,4,4,4,4,5,5,5,5,5,5,5,5,4,4,4,4,3,4,3,4,4,3,2,2,4,4,4,5,2
170,2,2,3,4,2,1,5,5,4,4,5,5,5,5,3,2,2,1,3,4,4,4,5,5,5,5,4,4,4,4,4,4,4,4,3,3,3,3,1
171,2,2,3,2,1,1,4,3,4,4,4,4,5,4,3,3,2,4,5,3,2,4,5,4,4,4,4,4,4,4,3,4,3,4,4,3,4,4,1
172,1,4,4,4,2,4,5,5,4,5,4,5,4,4,2,4,2,3,4,4,4,4,4,3,4,4,5,5,4,4,3,4,4,4,4,4,4,5,3
173,2,3,4,1,1,2,3,3,3,3,3,2,2,3,5,5,4,4,4,4,4,4,4,3,3,3,4,5,4,3,4,4,3,3,4,3,3,4,4
174,1,1,4,2,2,2,5,5,5,5,5,4,5,5,5,5,5,5,5,5,4,4,5,5,5,5,3,3,3,4,4,3,3,4,4,4,5,5,1
175,2,1,4,1,3,3,3,4,4,3,3,2,3,3,4,4,4,2,5,4,4,5,3,3,5,3,3,3,3,3,4,3,3,5,3,5,3,4,2
176,1,1,2,2,3,4,5,4,4,4,4,5,5,4,5,5,4,4,4,3,3,4,5,5,5,5,5,4,4,5,5,5,5,5,4,4,4,3,2
177,2,2,3,5,3,2,4,2,3,3,3,4,4,4,5,5,4,5,4,4,3,4,3,4,4,3,4,4,3,4,4,4,4,4,3,3,3,3,1
178,1,1,3,2,1,3,4,4,4,4,5,4,5,5,5,5,5,5,4,4,4,5,4,3,5,4,4,4,4,3,4,3,4,4,4,5,5,4,4
179,4,2,2,1,1,2,3,3,3,3,4,4,5,4,5,4,4,4,5,5,5,5,4,5,5,4,4,4,5,5,3,3,3,3,4,4,4,4,2
180,1,2,4,2,2,2,3,4,3,3,4,3,4,3,1,2,1,2,3,3,3,3,3,3,3,3,3,3,4,3,3,4,4,4,2,3,2,3,2
181,1,1,1,1,2,2,5,5,5,5,5,5,5,4,3,4,4,4,5,5,5,5,4,4,4,4,4,5,5,4,5,5,5,5,4,5,4,5,4
182,1,3,4,4,2,3,5,4,5,4,3,3,4,4,3,4,4,4,4,4,5,5,5,5,4,5,5,5,5,5,4,5,3,4,5,5,5,5,4
183,4,1,3,2,1,3,4,4,4,3,3,4,5,3,5,3,4,4,4,4,4,4,5,5,4,5,4,3,4,5,3,4,2,4,2,3,4,3,3
184,3,1,3,2,1,2,3,2,3,2,3,4,3,2,3,3,4,3,4,4,3,4,4,4,4,4,5,5,5,5,3,3,3,3,3,3,3,3,1
185,1,2,3,2,1,1,4,4,5,4,4,3,4,3,5,5,4,4,5,4,3,4,4,4,3,4,4,3,3,3,4,4,3,3,4,4,3,4,3
186,2,2,4,2,3,3,4,3,4,3,5,4,5,3,4,4,5,4,4,5,5,4,4,3,4,4,5,4,5,5,1,2,2,2,3,3,3,3,1
187,3,2,3,1,1,1,3,2,2,2,4,4,3,4,4,4,3,3,5,5,5,5,4,4,4,4,5,5,5,5,4,4,4,4,4,4,4,3,3
188,2,2,3,3,2,2,5,4,4,4,3,3,3,3,4,4,4,5,4,4,5,4,5,4,5,4,3,2,3,2,3,4,3,3,4,4,3,3,3
189,2,1,1,1,1,3,4,4,3,5,3,4,4,4,4,4,5,4,5,4,4,5,3,3,3,4,4,4,4,4,2,2,2,2,4,5,5,5,4
190,1,3,3,3,2,3,5,4,5,5,5,5,5,5,5,4,5,4,3,4,4,4,5,5,5,5,5,5,5,5,5,5,5,4,5,5,5,5,4
191,1,3,2,3,2,3,3,3,2,2,3,3,2,3,4,5,5,5,4,4,4,4,5,4,4,4,5,5,5,5,3,4,3,3,3,4,4,5,3
192,4,2,3,3,3,3,1,2,1,1,4,4,4,3,4,4,4,4,4,3,4,3,2,3,3,3,3,3,5,4,4,3,3,3,2,2,2,2,1
193,4,1,3,2,3,2,3,4,5,4,5,5,5,5,5,5,5,5,5,5,5,5,4,4,3,3,4,3,4,4,5,5,5,4,5,5,5,5,2
194,2,2,3,2,2,3,4,4,4,4,5,4,5,5,4,3,3,4,4,4,4,4,4,4,4,4,5,5,4,5,3,4,3,3,5,5,5,5,2
195,1,2,1,1,3,2,4,3,4,2,5,5,5,5,5,5,5,4,5,5,5,5,4,5,5,4,5,5,5,5,3,4,3,4,4,4,4,5,2
196,1,1,1,3,4,2,3,3,2,3,4,3,4,4,4,3,4,3,3,4,2,3,5,5,5,4,2,3,3,3,3,4,3,5,3,3,3,3,1
197,2,4,3,1,3,1,5,5,5,5,5,5,5,4,4,4,4,4,5,4,4,5,4,4,4,5,4,3,3,3,4,5,4,5,5,4,4,4,1
198,4,1,1,2,3,2,2,3,3,3,3,3,3,2,5,4,5,4,4,5,3,3,2,3,2,2,3,5,3,4,2,2,3,2,2,3,3,3,2
199,4,4,1,1,1,2,5,5,5,4,3,4,3,3,4,4,4,4,3,3,2,3,4,4,5,4,5,5,5,5,5,4,4,4,3,4,3,3,4
200,3,2,1,1,2,2,3,4,2,3,1,2,1,2,3,3,3,2,5,5,5,5,3,3,4,4,4,4,4,4,4,4,4,4,3,2,3,3,1
201,2,1,4,2,1,3,3,4,3,3,5,5,5,5,5,5,5,5,4,5,5,4,5,5,5,5,5,4,5,5,2,3,3,3,5,5,5,5,4
202,1,2,3,1,1,2,3,4,4,3,4,5,5,4,5,4,5,4,2,2,2,4,4,4,4,4,4,3,3,3,4,5,4,4,4,4,3,3,3
203,1,3,2,3,4,1,3,3,3,3,2,2,2,3,3,2,2,3,4,4,3,4,5,5,4,4,2,2,1,2,4,3,4,4,1,1,1,2,1
204,4,3,2,1,2,4,3,3,4,4,4,2,4,3,4,4,5,4,3,3,3,4,4,4,4,4,3,3,4,3,3,3,3,4,4,5,4,4,2
205,2,3,2,1,3,1,3,3,4,2,2,3,3,3,2,1,2,3,4,3,3,4,5,4,5,5,3,3,3,4,3,5,3,4,4,4,3,3,1
206,1,2,4,2,3,2,4,4,4,5,4,5,4,5,4,4,4,4,5,5,5,5,5,5,5,4,3,4,4,4,5,5,5,4,5,4,5,5,2
207,1,2,3,1,3,2,3,3,4,3,4,4,4,4,2,2,2,3,4,4,4,4,3,3,3,2,2,3,2,1,3,3,3,4,3,2,4,2,1
208,2,3,2,1,4,2,3,2,3,3,2,2,3,3,4,5,5,5,4,5,3,4,5,5,5,5,2,3,2,3,4,4,4,4,3,3,2,3,1
209,1,1,2,3,1,1,3,3,3,3,4,4,4,3,3,4,4,4,3,4,3,4,4,3,2,4,2,2,3,3,2,2,2,2,3,2,2,3,2
210,1,2,1,1,1,1,3,3,2,3,3,3,3,3,3,3,4,3,4,4,4,4,3,3,4,3,5,5,4,4,3,3,4,4,4,4,4,4,3
211,2,1,3,3,2,1,3,3,2,4,5,5,5,5,5,5,5,5,5,5,5,5,5,5,5,5,5,4,5,5,4,5,5,4,5,5,5,5,4
212,2,4,4,1,1,2,4,4,5,5,4,5,5,4,3,3,3,2,3,3,2,3,5,5,5,5,5,5,5,4,4,3,4,4,3,3,3,3,3
213,2,4,2,1,1,2,4,4,5,3,3,4,4,4,4,3,4,4,3,4,4,4,3,4,4,3,4,4,3,3,2,2,2,3,4,3,3,4,2
214,1,1,1,3,2,2,3,3,3,4,3,4,4,4,3,2,4,3,4,4,4,4,3,3,3,4,3,3,3,4,5,5,4,4,3,4,4,3,3
215,2,2,1,1,3,3,3,3,3,4,4,3,3,4,3,3,3,3,5,5,5,5,4,3,4,4,4,5,5,4,3,4,4,4,5,5,4,4,3
216,1,4,4,1,2,3,3,3,3,4,5,5,5,4,4,4,5,5,3,3,3,3,5,5,5,5,4,4,5,4,3,3,3,3,4,4,4,4,4
217,1,1,2,2,2,1,4,3,3,4,3,4,4,4,3,4,4,3,2,3,3,2,4,3,4,4,4,5,4,4,4,4,4,3,3,4,3,3,2
218,3,2,4,1,2,2,3,3,2,3,5,4,5,4,5,4,5,5,5,5,4,4,4,4,5,5,2,3,2,3,5,5,4,5,5,4,5,4,2
219,2,4,3,4,1,3,3,3,2,3,2,2,2,3,3,4,3,2,3,4,3,4,4,3,4,4,3,2,3,2,1,1,1,1,3,3,2,2,1
220,3,1,3,1,1,2,4,4,4,5,3,4,4,4,4,4,4,5,4,5,5,5,5,5,5,5,4,3,3,3,3,3,4,4,4,4,4,5,2
221,2,2,2,3,3,2,5,4,4,4,4,5,4,5,3,3,3,3,3,3,3,3,4,4,3,3,5,5,4,4,3,2,1,3,4,4,4,5,2
222,2,1,2,4,2,2,4,4,4,3,5,4,4,3,4,4,5,5,5,5,5,4,5,5,5,5,5,5,5,4,4,5,4,4,5,4,4,4,3
223,1,4,3,2,3,4,5,4,5,4,4,5,5,4,4,5,4,5,5,5,5,5,4,4,3,4,4,3,3,5,4,3,3,4,5,4,4,4,2
224,1,4,4,4,1,3,2,2,2,2,4,4,5,5,3,4,4,4,3,4,3,3,4,4,3,5,3,3,5,4,4,4,4,4,4,4,3,3,3
225,1,4,3,2,3,2,4,4,4,3,4,5,4,5,3,3,2,2,2,3,3,4,4,3,4,4,4,4,4,3,4,3,2,3,3,2,2,3,1
226,1,2,3,5,2,3,4,4,4,3,4,4,4,3,5,4,4,4,4,4,3,5,4,4,4,4,4,3,5,4,3,2,3,3,3,3,3,3,1
227,4,3,1,1,2,2,4,4,4,5,3,4,4,3,4,4,5,5,5,4,5,4,4,3,4,4,4,4,4,5,3,3,3,4,5,4,4,4,2
228,1,3,4,3,2,3,4,3,3,3,1,3,2,2,3,3,3,3,4,4,4,4,5,5,5,5,4,4,4,4,4,4,4,3,2,2,3,4,1
229,4,1,4,2,3,2,5,5,5,5,3,3,3,3,3,4,4,2,4,4,4,4,3,3,3,3,4,3,4,4,4,5,3,4,5,4,4,4,2
230,2,3,2,2,2,2,3,3,4,3,4,4,4,5,5,5,4,5,5,5,5,5,4,3,4,3,4,4,4,4,3,4,3,3,5,4,5,4,2
231,3,1,4,2,2,3,4,4,3,3,4,4,4,3,4,5,4,4,4,3,4,3,5,4,5,5,5,4,4,4,4,4,5,5,4,4,5,5,3
232,2,2,3,3,4,2,3,4,4,3,3,4,4,4,5,3,4,5,3,3,4,2,4,4,4,4,4,5,5,4,3,4,3,3,4,3,3,4,1
233,2,1,3,1,3,2,4,4,5,5,4,4,4,4,3,3,4,5,5,5,5,5,3,2,3,3,5,4,4,5,4,5,4,5,5,5,5,5,4
234,2,1,3,1,2,4,3,3,3,3,2,3,3,2,3,3,3,3,2,3,2,2,3,3,3,3,5,5,5,4,3,3,3,3,3,3,3,2,1
235,1,1,4,3,3,1,3,3,3,3,2,2,3,2,5,5,5,4,3,4,4,3,3,2,3,2,4,3,3,4,4,3,3,4,2,3,2,2,1
236,2,2,3,3,2,2,3,5,4,4,4,4,4,4,5,4,5,4,5,5,5,5,4,3,4,3,3,4,3,3,4,4,4,5,4,4,4,4,2
237,1,1,2,5,1,1,4,4,3,3,5,5,5,5,2,3,3,3,4,4,3,4,1,2,1,1,4,4,4,4,2,3,3,2,2,3,2,3,3
238,1,2,2,3,2,3,3,4,4,4,5,4,3,4,4,4,4,5,3,3,3,3,4,4,4,4,3,3,3,3,2,3,3,3,3,3,4,4,1
239,2,1,4,5,4,3,5,3,4,3,4,4,4,3,4,3,3,4,4,4,3,3,3,2,3,2,3,3,3,4,5,4,4,3,3,4,4,4,2
240,1,1,2,3,4,2,5,5,3,5,4,4,4,5,5,5,4,4,4,4,4,4,3,4,4,4,5,4,4,5,5,5,5,5,4,4,5,5,2
241,4,2,3,1,2,3,5,4,5,5,3,4,5,4,5,5,5,5,4,4,5,4,4,4,3,3,4,4,5,5,3,3,3,4,4,5,5,5,4
242,4,3,3,1,2,2,3,4,3,2,5,4,5,4,4,4,4,4,5,5,5,4,4,4,4,4,3,3,3,3,5,5,5,5,4,4,4,3,3
243,4,1,3,3,1,3,5,5,5,4,3,4,4,5,3,4,3,4,4,4,3,4,3,3,5,5,4,5,4,4,5,5,5,5,4,4,4,4,3
244,1,2,3,2,4,2,2,2,2,2,4,4,4,4,3,2,1,2,4,4,5,4,4,4,4,4,3,3,3,4,3,3,4,3,4,4,4,4,1
245,1,3,4,1,4,2,4,4,4,4,4,3,3,4,3,3,2,2,4,3,3,4,5,4,4,5,4,4,4,3,3,4,4,4,4,3,3,4,1
246,4,2,2,2,2,4,3,3,4,3,3,3,4,3,2,2,3,2,4,4,3,4,3,4,4,3,4,4,4,4,2,2,2,2,3,3,3,2,1
247,2,1,2,5,3,2,2,3,2,1,3,3,3,3,4,4,4,4,4,4,3,4,3,4,3,3,4,4,4,4,3,3,3,3,3,3,3,4,2
248,4,1,2,2,3,1,4,4,4,4,5,5,5,5,4,4,5,4,5,5,5,5,5,5,5,5,4,4,4,4,3,2,3,3,5,5,3,4,2
249,4,3,4,2,2,2,3,4,3,3,5,5,5,5,3,3,3,4,4,4,4,4,3,3,3,3,4,4,3,4,4,4,4,4,3,3,3,2,2
250,3,1,3,2,1,4,3,2,3,2,3,3,3,3,3,3,4,4,4,4,4,4,3,2,3,3,3,3,3,3,4,5,4,4,3,3,3,3,3
251,1,3,2,1,2,2,5,5,5,5,3,3,3,4,4,4,5,5,3,4,4,4,4,3,3,4,5,5,5,5,5,4,4,3,5,5,5,5,3
252,1,2,4,2,2,1,3,3,3,3,3,5,4,3,3,5,4,3,3,3,3,4,5,5,5,5,3,4,4,5,4,3,3,4,4,3,3,4,2
253,3,4,4,2,2,2,3,3,3,3,5,5,5,3,3,1,3,2,5,5,5,4,4,4,4,4,3,4,3,3,2,3,3,3,4,3,4,4,1
254,1,3,4,1,2,2,5,4,3,4,4,4,4,4,4,4,4,4,5,3,4,5,4,5,5,3,5,5,5,4,3,4,4,4,3,4,4,4,3
255,1,4,4,3,4,1,4,4,4,3,2,2,1,1,3,2,2,1,3,3,2,3,2,3,2,2,3,3,3,3,3,4,4,3,2,2,2,2,1
256,2,2,2,2,1,3,4,4,4,3,5,5,5,5,5,5,5,4,4,4,4,4,5,5,4,5,4,3,4,4,4,4,4,4,5,5,4,4,4
257,4,3,4,3,2,4,5,5,5,5,5,5,5,5,5,4,5,5,5,5,5,4,5,4,5,4,5,5,5,5,4,5,3,4,5,5,5,5,3
258,2,2,3,4,2,2,4,4,4,4,2,2,3,3,3,4,3,4,4,4,3,3,4,4,5,4,3,3,3,3,3,4,3,4,3,4,3,4,3
259,2,2,4,1,2,2,3,3,3,3,4,4,3,3,4,4,3,3,5,5,4,4,3,5,4,4,4,4,4,4,4,4,5,5,5,4,4,3,1
260,1,2,3,2,2,2,4,5,4,3,5,5,5,5,4,5,5,4,5,5,5,5,5,5,5,4,5,4,5,4,4,4,4,5,5,4,5,4,2
261,2,3,4,2,1,1,4,4,3,3,5,5,5,5,3,3,2,3,2,3,3,3,3,4,3,3,4,4,3,4,4,4,4,4,3,3,3,3,2
262,5,4,3,4,1,4,4,4,4,5,5,4,4,5,5,4,5,4,3,3,3,3,4,4,4,4,5,4,5,5,4,5,5,3,4,4,4,3,4
263,1,3,2,1,2,2,2,2,2,2,3,4,4,4,3,3,4,3,4,4,4,4,4,3,2,3,4,5,5,5,4,5,4,5,3,4,4,2,3
264,2,2,3,3,2,2,5,5,5,5,4,4,4,4,5,5,4,4,4,3,4,4,3,3,3,3,3,4,3,4,5,4,4,4,4,5,4,4,3
265,3,2,4,2,1,3,4,5,4,5,4,4,3,4,4,3,3,3,5,5,5,5,4,3,4,4,3,3,4,3,4,3,4,4,5,5,5,4,3
266,3,3,4,1,3,2,4,4,4,4,5,5,5,4,3,4,3,3,5,5,4,5,4,4,3,4,2,3,3,3,5,5,5,4,4,4,4,5,2
267,2,1,1,1,2,3,4,4,4,4,3,3,3,3,3,2,4,3,4,3,3,4,3,3,3,3,4,4,4,4,4,3,4,4,2,3,3,3,2
268,2,1,2,2,2,1,5,5,4,5,2,3,3,4,3,3,3,4,5,5,5,5,4,4,4,5,3,4,4,4,4,5,5,4,5,4,4,4,2
269,1,2,2,3,3,3,4,4,5,5,5,5,5,5,4,4,3,4,5,4,4,5,4,5,4,4,4,5,5,5,4,5,5,5,4,4,4,3,3
270,1,1,3,1,1,4,5,5,5,5,4,4,4,4,5,4,4,5,4,5,5,4,4,4,5,4,3,4,4,5,3,2,1,2,5,5,5,5,4
271,3,1,4,2,1,3,4,4,4,4,5,5,5,5,3,4,4,4,4,4,4,4,5,5,4,5,4,2,3,2,4,5,5,5,5,3,4,4,1
272,3,1,2,2,3,4,3,4,3,4,3,3,3,4,4,4,4,3,5,5,5,5,3,4,3,3,2,2,3,3,4,4,3,3,4,5,5,4,2
273,3,1,3,3,2,1,4,3,4,4,4,4,4,4,4,4,3,4,5,5,5,5,5,4,4,4,4,5,5,4,5,4,3,4,4,3,3,3,2
274,4,1,4,1,2,2,3,3,3,4,3,4,4,4,2,3,3,3,4,4,4,4,4,4,5,4,4,4,4,4,4,3,5,4,3,2,2,4,1
275,2,4,3,4,3,2,3,3,3,4,4,4,4,4,3,3,3,3,4,5,4,4,3,2,3,2,3,4,4,3,3,3,4,3,3,2,2,2,1
276,2,2,3,1,3,2,2,3,2,2,3,2,2,2,5,4,4,5,5,5,4,5,5,5,5,5,2,4,2,3,4,4,4,4,3,3,3,3,1
277,3,2,3,2,4,2,4,4,3,4,4,3,4,3,2,3,2,2,3,3,5,3,3,3,2,4,5,3,4,4,3,4,4,2,3,2,3,3,1
278,2,2,3,1,2,2,3,2,3,2,2,3,3,3,5,4,5,3,3,3,4,4,3,3,4,3,5,4,5,4,5,4,5,4,2,2,4,4,1
279,2,1,2,1,2,1,4,4,4,5,5,5,5,5,4,3,3,4,5,5,5,5,5,4,5,5,4,4,3,5,3,4,3,3,4,4,4,4,2
280,3,4,3,2,2,2,4,4,4,5,4,5,4,4,4,3,3,4,5,4,4,5,4,5,5,4,4,4,4,3,4,3,4,4,3,5,4,4,3
281,4,3,3,1,1,1,4,4,4,3,1,3,1,2,4,4,4,4,4,4,4,3,3,4,3,3,4,3,4,4,2,2,2,3,4,4,4,4,3
282,1,1,4,3,2,3,4,4,3,5,5,5,5,5,4,4,4,3,4,4,4,4,5,4,5,4,3,3,4,3,4,4,4,4,4,4,5,5,3
283,1,2,3,1,1,2,5,5,5,5,5,5,5,5,4,4,3,4,3,3,2,3,5,4,5,5,4,4,5,5,4,4,3,3,5,5,5,5,3
284,1,3,4,2,4,1,4,5,4,4,3,4,3,3,4,3,4,4,4,4,4,3,5,4,5,4,5,4,4,4,5,3,3,4,4,4,5,3,1
285,2,4,2,1,2,2,2,2,2,4,2,3,2,2,4,3,4,4,5,4,4,4,2,2,3,3,2,2,2,2,3,4,3,2,2,2,2,2,1
286,1,2,3,1,2,2,4,3,4,4,5,5,5,5,2,2,3,2,4,4,4,3,3,3,4,3,5,3,3,4,2,2,3,3,2,3,3,2,1
287,2,2,1,1,2,3,4,3,3,3,2,3,3,2,3,3,3,2,5,5,5,4,2,2,2,3,4,4,4,5,4,5,4,4,3,2,4,4,1
288,2,1,2,2,1,2,3,3,2,4,4,2,4,4,4,5,3,5,4,4,3,4,4,4,5,4,4,3,3,4,5,4,4,5,4,3,2,3,3
289,1,4,3,2,1,2,4,3,2,3,4,3,4,3,5,5,5,5,3,4,3,3,4,4,3,5,4,3,4,3,3,2,3,3,3,3,3,2,2
290,2,1,4,2,2,3,3,4,4,3,4,3,4,4,3,3,2,2,3,3,3,4,4,3,4,5,3,2,2,3,4,5,3,4,4,4,4,5,4
291,1,4,1,2,1,2,3,4,4,4,4,4,4,5,3,4,3,4,3,5,4,5,5,4,4,5,5,4,4,4,5,4,4,4,5,5,4,5,4
292,1,2,3,2,2,1,4,5,5,4,4,3,3,3,4,4,4,4,5,5,4,5,5,5,5,5,4,4,4,3,3,4,4,3,3,4,4,4,1
293,3,2,4,1,3,2,5,5,5,4,3,3,3,3,5,5,5,5,4,3,4,3,4,4,4,4,2,2,2,3,3,3,5,4,4,4,5,4,1
294,1,2,2,2,3,4,4,5,3,5,3,3,3,3,2,3,3,2,5,4,5,5,4,5,4,4,3,4,3,4,2,2,2,3,3,3,4,3,2
295,1,1,3,5,2,2,4,3,3,3,3,4,4,3,4,4,4,2,5,5,5,5,3,5,4,4,5,4,5,5,5,4,5,4,3,4,3,4,1
296,2,1,3,2,1,2,3,3,3,4,3,4,4,3,2,4,3,4,3,3,4,3,4,3,5,4,3,2,3,3,3,3,2,2,4,3,3,3,3
297,3,1,3,3,3,1,4,4,5,5,4,3,4,4,5,5,5,5,5,5,5,5,4,3,3,3,5,5,5,5,4,3,3,4,5,5,5,5,2
298,1,1,2,1,3,1,3,4,3,4,2,2,3,4,5,5,5,5,4,3,3,3,4,4,4,4,4,5,4,4,5,4,4,5,4,3,4,3,1
299,2,3,2,3,1,2,3,4,4,4,5,5,5,4,4,3,4,4,5,5,4,4,3,3,2,2,5,5,4,5,3,3,3,3,4,4,4,4,4
300,1,2,4,3,3,2,4,5,5,5,4,4,4,3,2,3,3,3,5,5,5,5,3,4,4,4,4,4,3,4,3,3,2,2,4,5,4,4,2
301,1,1,3,2,2,1,4,5,4,4,3,4,3,3,4,4,5,4,5,5,5,5,5,5,5,4,3,4,5,3,4,4,4,4,4,3,4,4,1
302,2,4,1,5,3,4,5,3,4,4,3,4,3,4,4,5,5,5,4,3,4,4,4,3,3,3,4,4,4,4,3,4,4,4,4,4,3,4,2
303,2,3,4,1,4,3,3,3,3,4,4,3,4,4,4,3,3,4,1,2,2,2,2,3,3,3,3,4,3,4,4,4,3,4,2,2,1,2,1
304,2,4,1,1,1,2,4,3,3,3,3,3,3,3,4,4,4,3,4,5,4,5,5,5,5,5,5,5,4,5,4,4,4,4,4,4,3,4,4
305,2,4,3,3,3,3,4,3,3,4,4,4,4,4,5,5,5,4,4,5,4,4,3,3,4,5,4,3,3,3,5,5,4,5,3,4,3,3,2
306,4,1,2,3,2,1,5,4,3,3,3,3,4,3,4,4,5,5,3,2,4,4,3,4,4,4,4,3,4,4,3,4,4,4,3,3,3,3,1
307,2,2,4,1,4,2,3,4,3,3,5,4,5,5,4,3,3,4,5,5,3,5,4,5,4,5,3,4,3,4,4,4,4,5,4,4,4,4,1
308,1,3,2,1,2,3,3,4,4,4,3,4,4,4,4,4,3,4,2,3,3,3,5,5,5,5,5,5,5,5,3,2,3,2,4,4,4,4,1
309,3,2,2,1,3,3,2,3,3,3,3,3,4,4,4,5,5,4,3,5,3,4,5,5,5,5,4,4,4,5,3,5,4,5,2,3,3,4,1
310,1,1,2,1,1,3,3,3,3,3,4,3,4,4,5,5,4,5,3,3,3,3,5,5,4,4,3,4,4,4,4,4,5,4,4,4,4,4,2
311,2,3,2,3,2,2,4,5,4,4,4,3,3,4,4,4,4,3,4,3,3,3,4,4,3,4,3,3,3,3,4,5,5,4,4,5,4,4,3
312,1,1,4,2,1,4,4,4,5,4,5,4,5,5,3,4,3,4,4,5,5,5,3,4,4,5,5,4,5,4,3,3,3,3,4,4,4,4,2
313,1,1,4,1,4,1,3,2,3,3,4,2,3,3,4,4,5,3,3,3,3,4,2,2,2,1,4,3,4,4,3,3,4,2,4,3,4,3,1
314,4,2,2,2,3,3,3,2,3,2,3,4,4,3,3,2,3,2,3,4,4,3,2,2,4,3,4,4,4,4,4,4,5,4,4,3,3,3,2
315,3,2,3,1,3,4,3,3,4,3,5,5,5,4,5,4,5,5,5,4,4,5,3,5,4,3,4,2,4,4,5,5,4,4,4,5,4,4,3
316,2,2,3,1,4,1,3,4,4,3,4,4,4,4,4,4,3,4,4,5,5,5,3,3,3,3,5,4,5,4,4,5,3,4,4,3,4,4,1
317,1,1,4,2,1,3,4,4,3,4,4,4,4,3,5,5,5,4,5,5,4,4,3,3,3,4,3,3,3,4,4,3,4,5,4,4,4,4,3
318,1,3,3,5,2,1,4,4,4,5,2,2,3,3,4,3,4,4,2,2,3,3,3,2,2,3,3,4,3,3,3,4,3,3,4,4,3,3,2
319,1,1,3,4,1,2,3,3,3,3,5,4,5,5,5,5,5,5,5,5,4,5,4,3,3,4,5,5,5,5,4,5,5,5,4,4,4,4,4
320,1,1,3,1,1,2,3,4,3,4,4,5,5,5,4,5,5,5,5,5,5,5,5,5,5,5,3,3,4,3,5,4,5,5,4,3,4,4,2
321,2,3,3,4,1,2,4,4,4,3,3,2,3,3,3,3,4,4,3,3,2,3,5,5,5,5,4,5,5,4,4,3,2,3,4,4,4,4,2
322,2,4,1,3,2,4,3,3,3,4,5,5,5,5,5,5,4,5,4,3,4,3,5,3,4,5,5,5,5,5,4,4,3,3,4,3,4,3,1
323,2,3,3,3,1,3,4,4,4,4,4,4,4,4,5,5,5,5,4,5,4,4,4,4,3,4,4,3,3,3,4,4,3,4,4,4,4,3,3
324,1,3,2,2,1,2,4,5,4,4,3,3,3,2,5,5,4,4,3,3,5,4,2,2,2,3,3,4,4,2,5,3,3,4,4,4,3,4,3
325,4,2,4,2,1,3,5,5,5,5,5,5,5,4,4,4,3,4,5,5,5,4,3,3,3,3,5,4,5,4,3,3,3,3,4,5,5,4,4
326,2,2,1,1,1,4,3,4,5,3,3,3,4,3,3,3,3,3,2,2,2,2,2,3,3,3,4,4,5,3,3,4,2,1,2,3,2,2,4
327,2,1,3,1,4,1,3,3,3,3,5,4,5,5,4,4,5,5,4,4,4,4,5,4,4,4,4,4,4,5,4,4,4,5,4,4,3,4,1
328,2,2,3,1,3,4,3,4,4,3,4,2,4,3,3,4,3,3,5,5,4,4,4,3,3,4,4,4,5,4,4,4,3,3,4,4,4,4,1
329,1,2,3,1,4,1,5,5,4,5,5,5,4,4,5,5,5,5,3,3,4,4,3,3,4,3,5,5,5,5,3,4,4,4,4,5,4,4,1
330,1,1,1,2,2,3,3,3,3,3,3,3,3,3,3,3,4,3,4,4,4,4,3,2,3,3,2,2,3,3,3,3,3,3,3,4,4,4,3
331,1,2,3,3,1,2,5,4,4,5,5,4,4,4,2,2,2,2,4,4,4,4,4,3,3,4,3,3,3,3,3,4,4,3,3,2,2,3,1
332,3,2,3,2,3,1,4,4,4,4,3,2,2,2,4,4,4,3,2,3,3,2,4,4,4,3,5,3,4,3,3,3,4,4,4,5,5,4,3
333,1,1,3,1,2,2,5,5,4,5,4,4,4,4,3,3,4,3,5,4,4,5,4,4,5,4,4,5,5,5,3,3,4,3,3,4,3,3,2
334,1,1,3,5,2,3,4,4,4,4,5,5,5,5,5,4,4,4,4,4,4,4,3,2,3,3,4,4,4,4,3,3,4,4,4,4,4,5,4
335,1,2,3,4,1,2,5,5,4,4,4,5,4,4,4,3,5,5,4,4,5,4,4,5,4,5,3,4,3,3,4,4,4,4,3,3,3,4,1
336,1,1,4,3,1,1,5,5,3,5,4,4,3,4,4,4,4,5,4,4,4,5,4,3,4,4,4,4,4,4,4,4,4,3,3,4,4,5,4
337,3,3,2,5,1,2,4,5,4,4,4,3,4,4,5,5,5,5,5,5,4,4,4,4,3,4,3,3,4,3,4,4,3,3,4,5,5,3,4
338,2,2,4,2,2,4,3,3,3,3,3,2,3,3,5,3,3,4,4,4,5,5,4,4,4,4,4,4,5,4,2,3,2,3,3,2,4,4,1
339,2,2,3,5,2,2,3,3,4,3,2,2,3,2,4,3,4,5,4,5,5,4,4,4,4,4,3,3,3,3,4,3,4,4,3,3,3,2,1
340,1,2,1,1,1,2,5,5,5,5,5,3,5,4,5,4,4,4,5,5,5,4,3,4,4,4,5,4,4,4,3,4,3,3,5,4,4,4,3
341,2,3,1,2,1,2,2,3,2,3,4,4,4,3,4,3,4,4,3,3,3,4,4,3,3,4,3,2,3,3,3,4,3,2,4,3,4,4,2
342,2,1,2,1,3,1,4,4,3,4,4,5,5,5,4,3,4,4,5,4,4,5,5,5,4,4,5,4,5,4,4,4,5,4,5,5,4,5,1
343,1,2,4,1,1,3,5,5,4,5,4,3,4,4,4,5,4,5,5,5,5,5,4,4,4,3,4,3,3,4,2,2,2,3,5,5,5,5,4
344,2,2,3,1,2,3,2,2,2,2,4,3,3,4,3,4,4,5,5,5,5,4,5,5,5,4,4,4,4,4,5,4,4,5,4,4,3,3,2
345,1,1,4,2,3,2,5,5,5,5,5,5,5,4,5,5,5,5,5,5,5,5,4,5,4,5,4,5,4,4,5,5,5,5,5,5,5,5,4
346,2,3,3,3,1,2,5,5,5,4,5,3,3,5,5,5,5,5,5,5,5,5,5,5,5,5,4,4,4,3,3,3,3,3,5,5,5,5,4
347,2,3,3,2,1,3,3,3,4,4,3,2,3,3,4,3,4,4,4,5,4,4,4,3,3,2,5,4,5,5,4,5,5,4,3,3,2,3,3
348,1,2,2,1,2,2,4,4,3,4,3,3,4,3,5,5,4,4,4,4,5,4,4,4,4,4,3,4,4,4,3,3,3,4,4,2,3,2,1
349,1,3,2,3,2,3,4,4,4,4,4,3,4,4,4,3,3,3,4,5,3,4,3,4,3,3,3,3,3,4,3,5,5,4,4,5,4,4,3
350,2,3,3,2,2,3,5,5,5,5,5,5,5,5,5,5,5,5,4,3,3,3,5,4,5,4,5,5,5,5,4,4,3,4,3,5,4,3,3
351,2,2,1,2,3,3,5,4,4,5,3,3,4,3,4,4,4,4,4,5,5,4,3,3,3,3,5,4,5,4,5,4,5,5,3,3,3,3,1
352,3,3,2,3,1,2,3,3,3,2,3,4,4,4,3,2,3,3,5,4,5,5,4,4,4,4,4,3,4,4,4,4,3,5,5,4,4,4,2
353,2,2,3,1,2,2,4,4,4,4,4,5,4,4,5,4,4,4,4,4,4,4,4,4,4,4,5,5,5,5,3,3,3,3,4,3,3,4,1
354,1,2,3,1,2,4,4,4,4,4,4,3,4,4,3,3,2,2,5,5,5,5,4,4,3,3,5,5,5,5,3,3,3,4,5,5,4,5,3
355,1,2,4,4,1,2,4,4,4,4,4,4,4,4,2,2,3,2,5,5,4,5,4,3,3,4,3,4,4,4,2,3,3,3,3,3,3,4,3
356,2,3,4,1,2,2,3,4,4,3,3,4,3,3,3,3,5,4,3,3,4,3,4,4,4,4,5,4,3,4,4,4,4,4,2,3,2,2,1
357,1,1,3,2,1,2,5,4,4,4,3,2,3,3,4,4,4,4,4,3,3,3,5,4,4,4,3,3,3,3,4,4,4,4,3,3,3,3,1
358,2,3,3,4,2,2,3,4,4,3,3,4,3,3,2,4,3,4,3,2,2,3,3,3,3,2,4,3,3,3,4,4,3,4,4,4,3,4,1
359,4,3,3,3,1,2,3,4,4,2,4,4,4,3,4,3,4,2,4,3,4,3,4,4,5,4,4,4,4,4,4,4,3,3,4,4,4,4,3
360,2,1,4,1,2,2,3,3,2,3,4,4,5,4,2,4,3,3,3,3,3,3,5,5,5,5,5,4,4,4,3,3,3,3,4,3,4,4,1
361,1,3,1,1,2,1,4,3,4,4,4,3,3,3,5,4,4,4,3,4,3,3,4,5,4,3,3,3,4,4,3,3,3,3,3,3,4,4,2
362,2,1,3,1,3,2,4,4,4,4,3,2,3,3,5,4,5,3,5,5,5,5,3,4,3,3,4,4,5,5,5,5,5,5,4,4,4,5,2
363,2,1,4,2,1,3,3,3,4,4,3,4,4,4,4,4,4,4,4,3,3,4,4,4,5,4,4,3,4,5,4,3,3,4,3,5,3,3,4
364,2,3,3,2,2,2,5,5,4,5,3,3,4,3,5,5,5,4,5,4,4,4,5,4,4,4,2,4,3,3,4,4,4,4,4,4,4,3,3
365,4,1,3,1,2,2,5,5,5,4,5,5,5,5,5,4,4,5,3,3,4,4,4,4,3,3,4,4,3,3,3,3,3,3,4,4,3,3,2
366,1,3,3,5,3,3,5,4,4,4,3,3,3,3,4,3,2,3,5,5,4,5,3,2,3,3,3,3,3,4,4,5,4,4,2,3,3,2,1
367,4,3,2,2,2,1,5,5,5,4,4,4,5,4,4,5,5,5,5,5,5,5,5,4,5,4,4,4,4,4,3,4,3,4,5,5,5,5,4
368,4,2,2,1,2,2,3,2,2,2,2,3,3,3,2,3,3,3,5,4,5,5,3,3,3,4,5,4,5,5,4,5,5,5,2,2,2,3,1
369,1,1,2,2,3,1,4,4,3,5,4,4,4,5,4,4,4,4,4,4,5,5,5,3,3,4,4,4,4,4,5,4,4,5,3,4,5,3,2
370,1,1,1,3,3,2,5,5,5,4,4,3,4,4,5,4,4,4,4,4,4,4,3,2,3,2,3,4,3,4,3,3,3,3,4,4,3,3,1
371,1,2,1,1,2,2,3,3,4,4,3,3,3,2,4,5,4,4,3,4,3,2,4,3,3,4,4,5,4,4,4,4,3,3,5,3,3,3,1
372,1,4,4,1,2,2,4,4,3,4,4,4,4,5,5,5,5,5,5,5,5,5,4,4,4,3,4,4,4,4,4,4,3,4,5,5,5,5,3
373,1,2,2,3,3,1,4,3,4,4,4,3,4,3,3,3,4,4,3,4,4,4,4,4,4,4,4,4,4,4,3,2,3,2,3,3,3,4,1
374,2,1,3,2,4,2,3,4,4,3,4,4,4,5,5,4,5,5,5,5,5,4,4,4,5,5,4,4,5,4,3,3,3,3,4,4,5,4,1
375,1,2,2,2,3,2,3,4,3,3,4,3,2,2,4,3,4,4,5,4,5,5,5,4,5,5,4,5,4,4,4,4,4,4,4,3,3,4,1
376,1,2,4,2,2,2,3,3,4,3,2,3,3,2,5,5,4,5,3,2,3,2,4,3,3,3,3,3,3,4,4,3,4,3,2,2,2,3,1
377,3,3,2,1,1,2,3,4,2,3,3,3,4,4,4,4,4,4,5,4,5,5,2,2,3,3,5,4,5,4,4,4,4,4,5,4,5,4,1
378,1,1,3,1,2,3,4,4,4,3,4,4,3,3,4,4,5,4,5,5,5,5,5,5,5,5,2,3,3,4,3,4,3,4,4,4,3,4,3
379,3,3,4,2,3,1,3,3,3,3,4,5,4,4,5,5,5,5,5,5,4,5,5,5,5,5,4,4,4,4,4,5,4,4,5,5,5,5,3
380,1,2,4,1,2,2,5,4,4,4,4,3,3,4,4,3,4,3,4,3,5,3,5,5,4,4,4,3,4,5,3,4,3,3,5,5,4,5,2
381,1,4,2,1,2,1,3,4,4,3,4,4,5,4,4,4,5,4,4,3,3,3,4,3,4,4,5,5,4,5,5,5,5,5,4,4,4,4,2
382,2,1,4,4,3,1,5,5,5,5,2,2,2,3,5,5,4,5,4,3,4,4,3,4,4,3,5,5,4,5,4,2,2,2,4,4,4,4,3
383,2,2,3,5,2,2,4,5,4,4,5,4,4,4,4,3,3,3,3,4,4,4,2,3,4,3,3,4,4,3,1,1,1,1,2,3,3,2,2
384,3,4,3,3,3,2,3,4,4,3,3,4,4,4,3,4,3,4,4,4,4,4,5,4,5,5,5,5,5,5,4,4,4,4,4,4,4,4,3
385,2,1,2,4,2,3,3,2,3,3,4,4,4,4,5,5,5,5,4,3,4,4,3,5,3,4,4,4,3,3,2,2,1,3,2,3,3,4,1
386,3,4,1,1,2,2,2,2,2,2,2,3,3,2,3,3,3,4,3,2,3,2,3,2,3,4,4,3,5,5,3,3,3,4,2,3,2,3,1
387,1,2,3,5,2,4,2,2,3,3,4,3,4,3,3,4,5,4,4,5,4,5,3,3,3,3,4,4,4,4,4,3,2,4,3,3,3,3,1
388,1,1,3,1,3,1,2,3,3,3,3,3,3,3,5,5,5,5,5,5,5,5,5,5,5,5,3,4,3,4,5,5,5,5,5,5,5,4,3
389,3,1,3,5,1,1,5,4,5,5,4,5,4,5,4,3,3,3,4,4,4,5,5,5,5,5,5,4,4,3,3,4,5,4,4,4,4,5,4
390,3,2,3,5,1,1,4,4,3,4,4,4,4,4,3,3,3,3,5,4,4,5,5,5,4,5,4,3,4,4,5,4,3,3,4,4,3,4,3
391,5,1,4,3,4,2,5,4,5,4,5,5,5,4,4,5,4,5,5,5,5,5,4,5,5,5,5,5,5,5,5,5,4,5,5,5,5,5,2
392,1,2,2,5,1,2,2,2,2,2,4,4,4,4,2,2,4,2,4,5,4,4,4,4,3,3,3,3,4,3,4,4,4,4,2,2,3,3,2
393,1,1,3,2,2,3,3,3,2,4,3,3,3,3,4,4,4,3,5,5,4,5,2,2,1,2,4,3,3,3,3,3,3,3,3,3,3,2,2
394,3,2,2,1,2,1,4,4,4,4,2,3,3,3,4,4,4,4,5,4,5,4,4,4,5,4,5,4,5,4,5,4,4,5,5,5,5,5,3
395,1,1,4,2,2,4,3,4,3,4,4,3,4,3,3,3,3,4,4,3,4,4,4,5,3,4,3,4,3,3,3,2,3,3,3,3,3,3,1
396,4,3,3,2,2,3,3,3,4,3,5,5,5,5,3,3,3,3,3,3,3,3,4,3,4,3,4,5,4,5,4,4,4,5,2,2,2,3,1
397,3,4,4,1,1,2,4,4,4,4,3,4,4,3,5,5,5,5,4,4,4,4,4,5,4,4,3,5,4,4,3,2,2,3,3,3,4,3,2
398,2,4,1,2,2,1,5,5,4,5,5,5,4,4,4,4,3,5,5,4,5,4,3,3,2,3,5,4,5,5,5,4,3,4,4,4,4,3,2
399,3,3,1,5,2,1,5,5,4,3,5,4,5,5,5,5,5,5,5,4,4,4,5,5,5,5,4,4,4,4,5,5,5,4,5,5,5,5,2
400,3,1,2,1,2,1,4,3,3,3,5,5,5,5,4,3,4,4,5,4,5,4,4,4,4,3,3,4,3,3,4,5,5,5,5,4,4,5,2
401,1,3,2,3,1,1,4,3,4,4,2,3,2,3,3,3,3,3,4,5,4,5,4,4,5,4,5,5,5,4,2,3,2,2,4,3,4,3,2
402,4,1,2,4,2,2,5,5,5,5,4,4,4,3,3,4,5,4,5,5,5,5,4,5,5,5,3,3,3,2,3,3,3,2,4,4,4,4,3
403,2,1,4,4,1,2,2,3,2,2,2,3,3,3,4,5,5,4,5,5,5,5,5,4,5,4,5,5,5,5,4,4,4,5,4,4,4,4,2
404,3,1,2,5,1,2,5,5,4,5,2,2,1,3,3,2,3,3,4,5,4,4,4,3,3,3,5,4,5,4,4,4,4,4,3,3,3,4,2
405,1,2,2,2,1,4,4,4,5,5,5,5,4,4,5,5,5,5,4,3,4,3,4,4,4,3,4,4,4,5,4,4,4,4,4,4,5,3,3
406,4,3,4,5,1,3,2,4,2,3,3,3,3,3,3,3,4,2,3,2,4,3,4,3,3,3,3,3,2,2,3,2,2,2,3,3,3,4,2
407,1,2,3,3,3,4,2,3,3,2,2,3,4,3,3,2,1,3,3,3,4,3,3,3,3,3,2,4,3,4,3,3,3,2,3,3,3,3,2
408,1,2,4,1,2,1,3,4,3,4,3,3,3,4,4,5,4,5,2,2,3,3,4,4,5,5,4,3,4,4,4,5,5,4,5,4,5,5,2
409,4,1,1,2,4,2,5,4,5,4,5,5,5,5,4,4,4,4,5,5,5,5,5,4,5,5,5,5,5,5,4,4,4,4,5,5,5,5,1
410,1,4,3,3,4,2,5,5,5,5,4,3,3,4,4,3,3,4,4,3,3,4,5,5,5,4,4,5,5,5,4,4,4,3,4,4,5,4,2
411,1,2,1,1,2,1,3,3,4,4,2,3,3,4,2,2,1,1,3,4,3,4,4,5,4,5,2,2,3,3,3,3,3,3,2,3,3,3,2
412,4,2,1,2,1,1,3,3,3,2,4,3,4,4,5,5,5,5,4,5,5,5,4,4,4,4,5,5,4,5,3,4,3,3,4,5,4,4,3
413,4,1,4,3,2,3,4,4,4,4,5,4,5,4,4,3,3,3,5,4,4,4,1,1,1,1,4,4,5,5,4,4,3,4,4,4,4,4,1
414,2,3,2,1,3,3,3,4,3,2,4,4,4,3,4,3,4,4,4,4,4,4,4,4,5,5,5,5,5,4,4,4,4,4,3,3,3,3,1
415,2,2,3,2,2,2,2,2,1,3,3,3,3,4,4,4,4,4,4,3,3,4,3,3,4,3,4,3,5,4,5,5,5,5,4,3,3,3,1
416,2,1,3,3,1,2,3,3,3,3,5,5,5,5,4,4,4,5,3,4,4,4,3,3,3,3,2,1,2,2,2,3,2,2,3,2,3,3,1
417,1,1,2,2,2,2,5,5,4,5,4,5,5,4,4,3,4,4,4,3,4,3,3,4,3,4,4,4,4,4,4,4,4,4,4,4,4,4,3
418,1,2,4,1,3,1,3,3,2,3,5,4,4,3,2,2,2,3,5,5,5,5,4,3,3,3,3,4,3,2,3,2,3,2,2,1,2,2,1
419,2,2,1,1,3,2,4,5,4,4,2,2,3,3,3,4,3,3,4,4,4,4,5,4,5,5,4,4,4,4,3,4,4,4,4,4,4,4,2
420,3,1,3,1,1,1,4,3,3,3,2,3,2,3,3,3,3,3,3,4,3,4,2,2,2,2,3,4,4,4,3,4,4,4,3,3,2,3,3
421,3,4,4,4,2,1,3,4,3,4,5,5,5,5,3,4,3,2,2,2,2,2,3,3,3,3,4,4,4,3,2,2,2,2,4,3,4,5,1
422,3,1,3,1,1,4,4,3,3,4,4,4,3,4,4,4,3,3,5,5,5,5,4,3,4,4,4,5,4,4,2,4,3,3,3,3,3,3,1
423,1,2,4,2,1,2,5,4,5,5,5,4,5,4,5,4,5,4,5,4,5,5,4,4,5,5,4,4,4,3,3,3,4,3,5,4,4,5,3
424,2,4,1,1,3,3,3,4,4,4,5,5,5,5,5,4,4,5,4,4,4,4,4,5,4,4,3,3,3,2,3,2,3,4,5,4,4,4,2
425,1,2,3,1,1,2,4,3,3,4,5,4,5,4,3,3,3,3,4,4,4,4,4,4,4,4,2,2,2,2,4,4,4,4,4,4,4,5,4
426,2,2,2,4,1,2,3,4,4,3,3,3,3,2,5,5,5,5,4,4,4,3,2,2,3,3,3,4,3,3,4,5,4,5,3,3,2,3,2
427,2,2,3,3,1,2,4,4,3,4,2,2,2,2,5,4,4,5,5,5,4,5,4,4,3,4,4,4,4,4,3,3,4,4,4,3,4,4,3
428,4,1,4,1,3,1,3,3,3,3,5,5,5,5,4,4,4,4,3,3,3,2,4,4,5,3,4,3,3,3,3,4,4,4,4,4,4,5,1
429,1,4,2,2,3,1,3,3,2,3,4,3,3,3,5,5,5,5,5,5,5,5,5,5,5,5,3,3,4,3,4,4,4,5,5,4,4,4,2
430,1,2,3,1,2,3,5,5,5,5,5,4,3,4,5,5,5,5,3,3,3,4,2,2,2,3,3,3,3,4,5,4,4,3,4,3,3,3,1
431,1,3,2,2,3,3,4,4,4,4,4,3,3,3,3,2,3,3,5,4,4,4,4,4,3,4,4,4,4,4,3,3,3,4,4,4,4,4,3
432,3,1,3,3,1,2,4,3,3,3,3,3,3,3,2,3,3,4,4,4,4,3,3,2,2,3,4,4,3,4,5,4,4,5,2,2,2,2,1
433,2,1,3,1,2,2,3,3,3,3,4,3,3,3,1,2,1,2,3,3,4,4,1,2,2,3,3,3,4,3,4,4,3,4,2,2,2,2,1
434,1,1,4,1,2,4,4,3,4,4,5,4,4,4,3,4,4,4,3,4,4,5,4,4,5,5,5,5,5,5,4,4,4,3,5,5,5,5,3
435,1,2,3,2,1,1,4,4,4,4,3,4,3,3,4,3,4,5,3,3,3,3,4,5,4,4,4,3,2,3,3,3,2,3,5,3,4,4,3
436,2,2,2,4,2,2,3,3,4,3,5,5,5,5,4,4,4,4,5,5,5,5,5,4,5,4,5,5,4,5,4,4,3,4,5,5,5,5,3
437,1,3,1,5,4,2,4,5,5,5,2,3,3,3,4,3,3,3,2,3,2,3,4,4,4,4,3,4,4,3,4,3,4,4,4,4,4,4,1
438,3,2,2,1,1,3,3,4,4,4,4,2,3,3,3,2,3,3,5,5,4,5,4,4,3,4,5,5,5,4,3,2,3,2,2,3,3,3,1
439,2,4,2,3,2,4,2,3,4,4,4,5,5,4,5,4,5,4,4,4,4,5,4,4,4,4,5,4,4,4,3,3,3,4,4,5,5,4,3
440,1,1,2,2,1,2,3,4,4,3,5,4,4,4,5,5,5,5,3,3,3,3,5,5,5,5,5,5,5,5,5,4,4,4,3,4,4,4,3
441,1,3,4,2,1,3,5,5,4,5,4,4,4,4,4,3,3,3,4,4,4,4,4,4,4,5,5,4,4,4,5,4,4,4,5,5,5,5,4
442,5,3,3,3,3,3,4,3,4,3,5,5,5,5,4,4,3,5,4,3,3,3,4,4,4,4,2,3,3,3,3,4,3,3,5,5,5,5,1
443,1,3,3,4,2,2,2,2,3,3,3,3,3,3,2,2,3,2,4,5,4,4,3,3,3,3,3,4,4,3,3,2,3,3,3,3,4,3,2
444,1,3,1,5,2,2,5,5,5,5,4,4,4,4,5,4,5,4,3,4,3,4,3,2,3,3,4,4,5,4,3,4,4,4,4,5,4,4,2
445,3,3,4,2,3,2,3,4,4,4,3,2,3,3,3,4,4,3,5,3,4,4,2,3,2,2,4,4,4,3,4,4,3,3,3,2,3,4,1
446,4,2,3,1,1,4,4,4,5,5,4,5,5,4,3,3,3,2,3,3,3,3,4,4,3,3,4,3,3,3,4,3,4,3,3,3,3,2,1
447,5,1,1,3,2,2,3,4,5,3,4,3,3,3,3,2,3,3,4,3,4,3,4,4,4,4,4,3,4,4,5,4,5,5,3,4,3,3,2
448,3,1,3,1,2,3,5,5,5,5,3,3,3,3,3,3,3,3,4,4,4,4,4,3,4,4,4,3,3,3,5,3,4,4,3,3,3,3,2
449,1,4,3,2,2,2,5,5,5,5,3,3,3,3,5,5,5,5,5,4,4,4,5,4,4,5,4,5,4,5,5,5,4,5,5,4,4,5,3
450,1,2,1,1,4,3,4,3,3,3,5,5,5,4,3,3,3,4,4,4,4,4,2,3,4,3,4,5,4,5,4,5,4,5,4,3,3,3,1
451,3,3,3,2,3,2,5,5,5,5,3,3,4,3,4,4,4,4,3,4,3,4,5,5,5,5,5,5,5,5,4,3,4,3,5,4,5,4,1
452,2,2,3,1,2,2,4,4,5,4,3,4,3,4,4,5,3,4,5,5,5,4,4,3,3,3,4,4,4,4,3,3,3,3,4,4,3,4,3
453,2,1,2,1,3,3,4,3,3,4,4,4,4,3,3,3,4,2,5,5,4,5,3,4,3,4,3,3,4,3,3,2,3,2,4,4,3,2,1
454,4,1,4,4,1,3,3,3,3,3,3,3,3,3,5,5,5,5,5,5,5,5,5,4,4,4,5,5,4,4,4,5,5,5,4,4,4,4,4
455,1,2,4,1,1,3,3,4,4,4,2,3,3,2,3,3,3,3,4,3,4,4,4,4,5,5,4,5,5,3,3,3,2,3,4,3,4,3,2
456,2,2,3,2,1,1,4,4,3,3,2,3,1,3,4,4,4,3,5,5,4,5,5,5,5,5,3,3,3,3,4,4,3,3,3,4,3,4,3
457,1,1,3,1,2,3,4,5,4,5,4,4,4,4,2,3,3,3,2,3,3,4,3,3,4,4,3,4,3,4,4,3,3,3,3,4,3,3,3
458,2,2,3,1,2,1,4,5,5,4,4,3,3,2,5,5,5,4,5,5,4,5,2,2,2,2,3,3,2,2,4,3,3,2,4,4,3,4,3
459,1,1,3,1,2,2,2,2,3,2,5,5,5,5,4,4,4,4,5,5,4,4,3,5,5,4,5,5,5,5,5,4,4,4,5,5,5,5,2
460,1,2,3,1,3,2,5,4,5,5,3,3,4,4,4,4,3,4,4,5,3,5,4,5,4,4,5,4,5,5,5,4,5,4,5,5,4,4,1
461,1,1,1,4,2,2,5,5,5,5,4,4,4,3,5,5,5,5,5,5,5,5,5,5,5,5,4,4,4,4,3,3,3,3,4,5,4,5,2
462,2,3,3,1,2,2,3,4,3,4,3,4,4,4,3,4,4,4,3,4,5,4,4,4,5,5,5,4,3,5,4,4,5,4,3,3,3,3,3
463,3,1,4,5,1,4,4,5,5,4,5,5,4,4,4,5,5,4,5,4,5,4,4,4,3,4,5,4,5,5,3,4,4,3,4,5,5,5,3
464,2,2,3,2,1,1,4,4,5,4,3,4,3,3,3,3,4,4,4,5,4,5,4,3,3,3,2,4,3,4,3,3,3,4,4,3,4,4,4
465,4,1,1,2,2,3,3,5,4,5,3,4,5,5,3,3,4,3,4,3,3,3,2,2,2,2,4,4,3,4,4,4,4,4,4,3,4,3,1
466,1,1,4,2,2,2,3,4,4,3,2,3,3,3,3,4,3,4,5,4,4,4,3,3,3,3,5,4,3,4,2,3,3,3,3,3,3,2,1
467,1,2,2,2,3,1,4,2,3,3,1,3,3,3,4,3,3,3,2,3,3,3,4,4,3,4,2,3,3,2,4,3,4,3,3,3,2,3,1
468,3,2,2,3,1,1,4,3,3,3,4,4,3,4,5,5,5,5,5,4,3,4,5,5,5,4,4,3,5,4,5,5,4,4,5,5,5,5,4
469,1,2,2,1,1,4,5,4,4,3,2,2,1,2,2,2,2,3,3,3,4,3,4,4,4,5,4,4,4,3,2,3,2,3,4,4,4,3,3
470,4,1,2,1,2,3,5,5,4,4,4,4,3,4,5,5,5,5,5,5,5,5,5,4,5,4,5,5,4,4,4,4,4,4,4,5,4,4,4
471,1,2,4,4,1,4,3,3,4,4,4,3,4,4,4,4,4,4,4,3,4,4,4,4,4,3,4,2,3,3,5,5,4,4,3,3,4,4,1
472,4,3,3,4,1,4,3,3,3,3,3,3,3,3,4,4,5,4,2,3,2,3,4,4,3,4,5,5,5,4,5,5,4,5,3,3,4,3,3
473,1,3,2,4,3,2,4,3,4,5,5,4,5,5,5,5,5,5,5,4,4,4,3,4,4,5,5,3,4,5,4,5,4,5,5,5,5,5,3
474,4,1,4,2,1,2,5,4,5,5,5,5,5,5,3,3,4,4,4,4,3,4,5,5,5,5,4,3,4,4,3,4,4,5,5,4,5,5,3
475,2,2,4,3,2,3,4,4,4,3,4,4,4,4,4,4,5,5,3,3,4,4,4,4,5,4,5,5,5,5,3,4,4,5,5,4,4,5,2
476,5,1,4,2,2,2,2,2,3,3,2,3,2,2,2,2,2,1,3,3,3,4,3,4,4,4,3,3,3,4,3,4,3,4,1,1,1,1,1
477,1,1,2,2,1,2,5,4,4,5,4,3,4,3,3,3,3,3,5,5,5,5,3,2,2,2,5,4,4,4,3,4,4,3,4,4,4,4,3
478,2,4,3,1,2,2,4,4,5,5,4,4,4,4,3,3,4,4,4,5,4,3,4,3,4,4,4,4,4,4,4,4,4,4,4,4,4,3,1
479,4,1,4,2,3,2,4,4,5,4,4,4,4,4,2,3,4,2,5,5,3,4,4,5,5,4,4,3,3,3,4,4,4,4,4,5,3,4,3
480,2,2,4,1,2,2,4,4,4,4,4,2,3,3,3,3,4,3,3,3,3,4,3,2,3,3,3,4,4,3,3,3,3,3,4,3,3,3,2
481,2,2,1,1,3,1,3,3,3,4,3,3,3,3,3,4,4,4,4,2,4,4,3,2,3,3,5,5,5,5,3,4,3,4,3,3,4,2,1
482,2,2,1,4,1,2,4,4,4,5,3,3,3,3,5,4,5,5,5,5,4,5,5,5,5,5,4,5,5,5,4,3,4,4,4,5,4,5,4
483,2,2,3,1,3,2,3,2,3,2,4,4,3,4,4,4,4,4,4,5,5,5,3,3,3,2,5,4,5,5,3,4,4,4,4,5,4,4,3
484,2,1,4,1,1,2,3,4,4,4,4,3,4,4,3,3,3,3,5,4,3,4,5,4,4,4,3,3,3,2,2,3,2,3,3,4,3,3,2
485,2,1,3,1,2,2,3,4,4,4,4,4,3,4,4,4,3,4,3,2,1,2,4,3,3,4,3,2,3,3,4,3,4,2,2,2,3,3,1
486,4,2,3,4,2,3,2,2,3,2,2,3,2,3,4,4,4,4,5,5,4,4,3,3,3,4,4,5,5,5,5,5,4,4,3,2,3,2,1
487,1,1,1,2,4,1,3,3,3,3,4,4,4,4,3,3,4,4,4,3,3,3,3,2,2,2,4,5,4,4,4,3,4,3,3,3,3,3,1
488,1,2,3,2,2,2,4,4,3,4,4,3,3,3,4,4,4,4,5,5,5,5,4,4,4,4,4,5,5,5,5,4,4,5,4,3,4,3,1
489,4,1,4,3,1,3,4,3,4,2,2,3,2,3,4,3,4,4,2,3,2,2,5,5,5,5,4,3,4,4,5,5,5,4,5,4,4,4,4
490,4,1,3,3,1,2,4,4,5,4,3,4,4,4,3,3,3,3,4,4,4,4,4,4,4,4,2,3,3,4,2,3,2,2,4,3,4,3,1
491,2,2,4,1,3,2,3,4,4,4,4,4,4,3,3,3,3,3,5,5,5,5,3,4,4,3,3,3,3,3,3,3,3,4,3,3,3,3,1
492,2,1,4,3,2,3,4,4,5,5,4,3,5,4,3,3,4,4,4,4,4,5,5,5,5,5,3,3,3,3,5,5,5,5,5,5,4,5,4
493,1,2,2,3,3,2,4,5,4,3,2,3,2,3,4,4,3,4,5,5,4,5,4,4,4,4,5,4,5,5,4,5,5,5,3,4,4,3,3
494,1,2,3,2,1,3,4,3,3,3,5,4,4,4,4,4,4,3,4,5,3,4,4,5,5,4,5,5,5,5,3,3,3,4,4,4,4,4,4
495,2,3,2,1,2,3,4,5,4,5,5,4,5,4,5,5,4,5,5,4,4,5,5,4,5,5,5,3,4,5,3,4,2,3,4,4,5,5,4
496,1,1,4,4,1,2,3,4,3,4,4,3,3,4,4,4,4,4,4,4,4,5,2,3,3,2,5,4,5,4,4,5,4,4,4,3,4,4,1
497,2,1,3,2,4,2,4,4,4,5,2,3,3,2,4,4,4,5,4,4,3,4,2,3,3,2,5,5,5,5,4,4,4,4,3,3,2,3,1
498,1,1,3,1,2,1,5,5,5,5,5,5,5,5,4,4,4,4,4,4,4,4,4,5,5,4,4,3,4,3,3,3,4,2,5,4,5,4,2
499,4,2,4,2,4,2,3,4,4,4,3,2,3,3,3,3,3,4,5,5,5,5,5,4,5,4,5,5,5,5,3,3,3,4,3,3,3,3,3
500,5,2,3,1,1,2,4,4,4,4,3,5,3,2,4,3,3,2,4,5,4,5,2,4,3,3,5,5,5,5,3,3,3,3,3,4,3,5,3
501,2,1,4,1,2,2,4,4,4,4,3,3,3,3,2,3,3,3,5,5,4,5,4,4,5,4,4,4,4,4,4,4,5,4,5,4,4,4,3
502,2,4,3,3,2,2,4,3,4,3,4,4,5,2,4,4,4,3,4,5,5,5,2,3,2,2,4,4,3,4,2,4,3,3,4,3,3,4,2
503,1,1,2,1,2,2,2,2,2,3,4,3,4,3,3,4,5,4,4,4,4,4,4,3,4,4,5,4,5,5,5,4,5,5,4,4,4,4,1
504,3,2,3,2,3,1,3,3,3,4,4,4,4,4,3,3,4,3,3,3,4,2,5,5,5,5,3,4,3,4,4,4,5,4,4,5,5,4,2
505,2,2,4,2,4,2,2,3,3,2,2,2,2,3,3,4,3,4,3,3,3,3,4,4,3,5,3,3,2,2,3,3,3,3,3,3,3,3,1
506,1,3,2,1,3,2,5,5,4,5,3,2,3,2,5,4,4,4,5,4,4,4,5,5,5,5,4,4,5,5,3,4,4,4,4,4,5,4,1
507,4,2,4,5,3,3,5,5,5,4,5,4,4,5,3,5,4,5,4,3,4,4,4,5,5,4,5,5,5,5,4,4,3,4,5,5,5,4,3
508,3,3,4,1,1,1,3,4,3,3,3,4,5,3,3,3,2,2,4,3,4,3,5,4,4,5,3,3,3,4,4,3,2,3,3,3,3,2,2
509,4,1,2,1,2,2,4,4,5,5,2,3,2,3,5,4,5,5,3,3,3,3,5,5,5,4,3,3,2,3,3,3,3,3,4,3,5,3,1
510,2,3,4,1,4,4,3,3,3,2,4,5,4,5,5,5,5,5,5,5,5,5,4,5,4,5,2,2,3,4,5,4,2,4,5,5,5,5,2
511,2,1,2,1,1,1,3,3,3,3,4,4,3,4,2,2,3,3,1,3,2,2,4,3,3,4,3,4,3,3,5,5,5,4,3,3,3,3,2
512,1,3,2,1,3,2,3,4,4,3,4,4,5,4,3,3,4,4,5,4,4,4,4,4,5,5,3,3,3,3,5,5,3,5,3,3,2,3,2
513,4,2,2,3,3,1,5,4,4,4,3,4,4,4,4,4,5,5,5,5,5,5,4,5,5,5,3,4,3,4,5,4,4,4,4,3,5,4,1
514,3,3,4,5,2,2,4,4,3,4,2,2,2,2,3,4,4,4,4,4,4,3,3,3,3,3,5,4,5,4,4,3,4,3,3,4,3,2,2
515,1,2,3,1,4,2,4,4,4,4,3,4,3,3,2,1,1,1,4,5,5,4,3,3,3,3,4,5,4,5,3,3,3,2,2,3,3,3,1
516,1,2,2,3,2,2,5,4,3,4,5,5,5,5,3,3,3,3,4,4,4,4,4,5,3,5,5,5,5,5,4,4,4,4,5,4,5,5,1
517,1,2,3,3,2,2,4,3,4,3,2,2,3,3,4,3,3,3,4,3,4,4,4,3,4,4,3,3,3,2,4,4,4,4,3,3,4,3,2
518,3,3,3,4,1,4,3,3,2,2,4,3,3,2,3,3,2,3,2,2,3,2,4,4,3,4,4,3,3,3,4,3,2,2,1,2,2,2,1
519,5,1,1,2,2,2,3,3,2,3,4,4,3,3,4,4,4,3,5,5,3,4,3,2,3,3,4,5,4,4,4,5,5,4,3,3,3,3,1
520,1,1,4,1,1,1,4,5,4,4,3,2,1,2,4,3,5,3,3,4,4,5,5,5,5,5,4,4,5,4,5,5,5,5,3,4,2,4,4
521,2,1,4,1,2,3,3,3,3,3,5,5,5,5,5,4,5,5,4,4,3,3,3,5,3,4,4,4,5,5,4,4,5,4,4,4,4,3,3
522,1,1,3,3,3,2,4,5,3,4,3,3,2,2,4,4,3,4,4,4,3,4,3,4,3,4,4,4,3,4,5,4,5,4,3,2,4,3,1
523,4,3,4,3,4,4,4,4,4,3,4,5,4,4,4,5,4,4,5,5,4,5,3,4,3,4,5,5,5,5,5,5,4,4,5,4,5,5,1
524,3,1,3,1,1,2,5,5,5,5,3,4,2,2,4,5,4,4,5,5,5,5,5,5,5,5,4,3,4,4,4,3,5,3,5,5,5,5,4
525,3,4,4,2,2,3,4,4,4,5,5,5,4,5,5,5,5,5,5,5,5,4,5,5,5,4,5,4,5,5,2,3,4,3,5,4,4,4,3
526,2,1,3,4,4,2,2,2,3,2,5,4,4,4,4,5,3,4,4,4,4,4,4,3,4,3,5,3,4,4,4,5,4,5,3,3,3,3,1
527,1,1,3,3,1,3,4,3,5,4,3,4,4,4,2,2,3,3,3,3,3,3,5,5,4,4,4,4,4,4,3,5,4,5,4,3,3,2,1
528,1,3,2,5,1,4,5,5,4,4,2,4,4,3,5,4,5,4,4,5,5,5,5,4,5,5,5,5,5,5,4,4,4,4,4,3,5,3,1
529,1,2,4,3,1,2,4,5,5,3,4,4,4,4,5,4,5,4,5,5,5,5,3,3,4,3,5,5,5,5,4,4,4,4,5,4,5,5,2
530,3,2,3,2,2,2,4,4,4,3,3,3,3,3,4,4,4,5,5,4,4,5,5,5,5,5,4,5,4,5,3,3,4,3,5,4,4,5,2
531,3,2,2,2,1,2,3,3,2,3,4,5,4,5,5,5,5,5,2,3,2,2,4,4,3,3,4,4,4,3,5,4,3,4,4,4,4,5,3
532,5,2,1,3,4,2,4,4,4,5,3,3,4,3,5,4,4,5,5,4,5,5,4,3,3,3,5,5,5,5,3,3,4,4,4,5,5,3,2
533,5,1,3,1,2,2,3,3,3,3,5,5,5,5,3,5,4,4,5,5,5,5,2,2,3,2,3,2,2,2,4,3,3,2,3,3,3,3,1
534,2,4,3,2,2,2,2,4,3,4,4,3,3,4,5,5,5,5,2,3,3,3,3,3,3,3,3,3,3,2,4,4,4,4,2,2,2,2,2
535,3,4,3,3,1,2,4,3,4,4,5,4,5,5,5,4,4,4,5,4,5,4,5,5,5,5,4,5,5,5,2,3,3,3,4,5,5,4,4
536,4,2,4,1,2,2,3,3,3,4,3,3,4,4,2,1,3,1,4,4,3,4,4,4,5,5,4,4,4,4,4,5,4,4,3,4,4,3,3
537,3,1,1,3,2,2,4,4,4,5,2,2,2,1,3,4,4,3,4,4,4,4,4,4,4,4,4,5,4,4,3,3,3,3,5,4,4,3,3
538,1,2,3,2,3,2,4,4,2,3,5,4,4,4,5,5,5,5,5,3,3,4,5,5,5,5,5,4,4,5,3,3,2,4,3,3,4,3,1
539,2,1,2,5,3,1,4,3,4,2,4,4,5,4,3,3,4,3,5,5,5,5,2,3,3,4,5,4,4,4,3,3,2,3,3,2,4,5,1
540,1,1,4,1,2,1,4,3,4,3,4,4,4,4,4,3,5,5,4,4,4,4,4,5,5,4,3,3,4,5,3,3,4,4,3,4,3,3,3
541,4,1,4,1,3,1,5,4,4,5,5,5,5,5,5,4,3,4,3,4,4,3,5,4,5,4,5,5,5,5,4,4,5,5,3,4,3,4,2
542,2,2,3,2,3,2,3,4,4,4,4,4,5,3,5,4,5,5,2,3,2,2,4,4,4,3,5,4,4,4,4,4,4,4,3,3,3,3,1
543,1,3,3,1,3,2,4,4,4,4,2,4,4,3,5,5,5,5,5,5,5,5,5,5,4,4,5,5,5,5,4,4,4,3,3,4,4,5,2
544,2,2,2,3,1,2,4,4,5,3,3,3,3,4,3,2,2,2,4,5,4,4,5,4,4,4,5,5,5,5,2,3,2,3,4,4,3,4,3
545,2,3,3,3,1,2,4,5,4,4,4,4,4,4,5,4,5,4,5,5,5,5,4,4,5,5,4,4,5,4,4,4,4,4,5,5,5,5,3
546,1,2,4,1,1,3,4,4,4,4,3,2,2,2,3,4,3,4,4,4,4,4,5,4,4,5,4,4,4,4,4,3,4,4,4,3,3,3,2
547,1,1,3,2,2,1,3,2,3,3,5,5,5,5,5,4,4,5,4,4,4,3,5,5,5,5,4,3,2,3,4,4,4,4,3,3,4,4,1
548,2,2,2,2,2,3,4,3,4,3,3,5,3,4,4,4,4,4,3,4,3,3,4,4,4,4,2,4,4,4,4,3,4,4,2,1,2,2,1
549,2,4,3,2,2,3,4,3,3,3,4,5,4,4,5,4,4,4,3,3,3,2,3,3,3,2,3,4,3,3,4,4,4,4,4,4,5,4,2
550,3,1,4,4,3,3,5,5,4,4,3,2,3,3,5,3,4,5,2,3,3,3,3,3,4,4,4,5,5,5,4,4,5,5,3,3,3,3,1
551,2,3,2,3,3,4,3,3,3,3,4,4,4,4,5,5,5,5,3,3,3,3,3,4,4,4,3,3,3,3,2,1,3,3,2,3,2,3,1
552,3,2,2,3,3,1,4,3,3,3,5,5,5,5,3,3,4,3,4,4,3,5,3,4,4,3,5,5,4,5,2,3,3,1,3,2,3,3,1
553,2,2,3,3,2,1,3,4,4,4,3,3,3,4,3,2,3,2,4,5,5,5,4,4,4,5,5,4,5,4,4,4,4,4,4,5,5,5,4
554,2,2,4,2,2,4,5,4,5,4,5,3,5,5,3,3,4,4,4,5,4,4,4,5,4,3,5,3,4,4,5,5,5,5,4,4,5,4,2
555,3,2,1,4,1,2,5,5,5,4,5,4,4,4,3,4,4,4,5,5,5,5,5,5,5,5,4,5,5,4,5,5,5,5,5,5,5,4,4
556,1,3,2,3,1,2,4,4,4,4,3,3,3,4,4,3,3,3,5,5,5,5,3,3,3,3,3,4,4,4,5,5,5,5,3,5,4,4,4
557,1,3,2,3,1,3,4,4,4,4,4,4,4,4,4,4,3,3,5,4,4,4,2,2,2,2,3,3,3,4,4,3,3,4,5,4,4,5,3
558,1,2,2,4,2,3,4,4,4,4,5,4,5,5,3,3,3,3,4,4,4,4,4,4,4,3,3,2,3,2,3,1,2,2,3,4,4,3,1
559,3,1,3,1,2,4,4,4,4,5,4,3,3,4,3,3,4,3,4,4,4,4,3,4,4,3,3,3,4,4,2,2,3,2,4,3,3,4,1
560,2,2,3,3,3,4,2,3,4,3,3,4,4,4,4,4,4,3,2,3,2,2,4,3,3,4,3,3,3,3,1,3,2,3,2,4,3,3,2
561,2,4,3,1,1,3,5,4,4,5,2,2,2,2,3,4,3,3,5,4,4,4,4,4,4,4,4,4,4,4,3,3,4,3,2,2,2,2,1
562,1,1,3,1,3,2,3,3,4,4,2,2,3,3,4,4,4,4,5,5,5,5,4,4,5,4,4,4,4,3,4,4,4,5,4,4,3,3,2
563,1,2,2,1,2,3,5,4,5,4,4,2,2,3,4,4,4,4,3,4,3,3,2,2,2,3,3,4,4,4,4,4,5,3,4,4,4,4,2
564,1,2,4,5,2,1,3,3,3,3,4,4,3,5,4,3,3,4,5,5,5,5,4,3,4,5,4,4,5,4,4,4,4,4,5,4,4,4,3
565,1,3,3,4,2,2,5,3,4,5,3,2,3,3,4,3,4,4,3,3,3,2,3,4,3,5,4,5,5,5,2,3,2,3,2,3,2,2,1
566,2,1,4,3,2,4,3,3,3,4,3,4,3,5,4,4,3,4,2,3,3,3,4,4,3,3,4,4,4,3,3,2,3,3,2,2,3,2,1
567,1,2,3,3,2,2,4,4,2,3,5,5,4,5,2,3,2,3,5,5,5,5,5,5,5,5,3,3,3,5,3,3,4,5,4,4,3,4,2
568,2,3,2,2,2,2,4,4,4,4,5,4,5,5,3,2,2,2,5,4,4,4,5,5,5,4,3,4,4,3,4,5,4,4,5,4,5,5,2
569,4,1,3,4,1,1,4,4,3,3,4,4,4,4,5,5,4,5,5,5,4,5,4,3,5,4,5,4,4,5,4,4,4,3,4,4,4,4,2
570,1,1,2,2,1,3,5,5,5,5,4,5,4,4,3,4,4,5,4,3,4,4,3,3,3,3,5,4,5,4,3,3,3,3,5,4,4,5,3
571,2,4,3,2,2,2,4,4,3,5,3,2,4,4,5,5,4,5,4,3,3,4,3,4,4,5,5,5,5,5,5,4,5,4,4,5,5,4,4
572,3,1,1,1,3,3,3,3,4,3,5,5,5,5,4,5,4,4,4,4,3,4,4,3,3,4,5,5,5,5,4,4,4,4,3,4,3,4,2
573,1,3,2,3,2,2,4,5,4,4,3,2,3,4,5,5,4,4,2,3,4,3,4,3,4,4,4,3,4,4,4,2,3,3,4,5,4,4,4
574,2,2,4,3,3,3,2,2,2,2,5,5,5,5,3,4,3,3,3,3,3,2,4,3,4,3,4,4,4,3,3,2,3,3,3,4,4,3,2
575,3,1,2,2,2,3,3,4,4,4,3,4,4,4,4,4,3,5,5,5,4,5,2,4,2,3,4,4,4,5,4,5,3,4,5,4,4,4,3
576,4,3,4,1,4,2,5,4,4,4,3,2,2,3,5,5,5,5,5,5,5,5,4,4,4,4,5,5,5,5,4,5,3,4,5,5,5,5,1
577,1,2,2,3,3,2,5,4,4,4,5,5,5,4,2,3,2,2,4,5,3,4,5,4,5,4,4,4,5,5,5,5,5,5,5,5,5,5,4
578,4,2,3,1,2,2,5,4,5,5,5,5,5,4,4,5,5,5,3,4,3,4,5,5,5,4,5,4,5,4,5,4,5,5,5,5,5,5,3
579,2,2,3,3,2,4,3,3,4,4,4,4,5,4,5,5,5,5,4,4,3,3,3,4,4,4,3,3,3,3,4,3,3,4,3,2,3,3,1
580,1,2,3,5,3,3,4,4,3,4,5,5,4,4,4,5,4,5,4,3,3,3,4,4,4,4,4,3,3,3,3,3,3,4,5,5,4,5,3
581,2,1,2,2,2,4,3,3,3,3,3,3,3,5,4,4,5,4,5,4,4,4,4,5,4,4,3,3,4,4,3,3,3,3,5,4,4,5,2
582,5,2,2,1,2,2,3,3,5,3,3,3,4,4,3,4,4,4,3,4,3,4,4,4,5,5,4,3,4,5,4,4,4,2,5,4,5,5,2
583,2,4,1,3,1,3,4,4,3,3,4,3,4,4,4,3,3,3,3,2,3,2,3,3,2,3,2,2,2,3,3,3,4,3,3,3,3,4,3
584,1,1,2,3,3,3,3,3,3,3,4,4,4,4,3,4,4,4,5,4,4,4,3,3,2,3,5,4,4,4,4,4,5,4,4,3,4,4,1
585,2,2,3,2,3,3,3,3,3,3,4,4,4,3,2,2,2,3,4,4,4,3,4,4,4,4,4,4,5,5,5,4,4,4,4,4,4,4,1
586,1,1,4,5,1,4,3,3,3,3,2,3,3,2,4,3,3,3,5,5,5,5,2,2,2,2,3,3,3,4,4,4,4,4,5,3,4,4,2
587,1,3,4,1,2,2,4,4,5,5,5,5,4,4,3,3,3,3,4,5,4,4,3,4,4,4,5,5,5,4,5,4,4,5,5,5,5,5,3
588,1,1,4,2,2,1,5,5,5,5,3,4,4,4,5,5,5,5,3,3,4,3,4,3,4,4,4,4,5,3,4,4,3,4,3,4,4,4,2
589,1,4,4,3,1,3,2,2,2,2,5,4,5,4,5,4,4,4,2,2,1,2,2,3,3,2,4,5,4,5,5,3,4,4,2,2,2,2,1
590,1,2,3,4,4,3,3,2,4,3,5,5,5,4,4,5,5,4,5,5,5,5,3,3,3,4,4,4,4,3,2,3,3,3,5,4,4,3,2
591,1,1,2,1,1,2,4,4,3,4,4,4,4,5,5,4,5,5,3,4,4,4,4,5,4,5,3,3,3,3,3,4,4,3,4,5,4,4,4
592,2,1,4,3,1,2,3,4,4,4,4,4,4,4,4,3,4,4,3,3,4,3,5,4,4,3,4,3,4,3,2,2,2,3,3,3,3,3,1
593,1,1,3,2,2,2,4,4,4,5,4,3,3,2,5,5,4,4,5,5,5,5,5,4,3,4,5,4,4,3,3,3,3,3,3,3,4,3,1
594,1,2,3,2,3,2,4,5,3,3,5,5,5,5,5,4,4,3,5,5,5,4,5,4,5,5,4,4,4,4,3,4,2,4,3,4,3,3,1
595,4,1,1,1,1,2,3,3,3,4,5,5,5,5,4,4,4,3,4,4,4,4,3,3,3,4,3,4,4,3,4,4,4,3,4,3,4,3,2
596,2,3,3,4,2,3,4,4,4,4,4,3,4,4,4,4,4,4,5,5,4,5,4,5,5,5,5,5,5,4,4,3,3,5,5,5,5,4,3
597,2,2,3,1,2,3,5,4,4,4,5,4,5,5,5,4,5,4,5,5,5,5,4,4,4,4,4,4,4,4,3,2,3,3,5,5,5,4,2
598,1,1,4,1,1,2,3,2,3,2,4,4,2,3,4,4,4,3,4,4,3,4,3,3,3,3,4,4,4,4,4,4,3,4,4,4,4,3,3
599,1,2,3,1,1,2,3,3,3,3,3,3,3,3,5,5,4,5,4,3,3,3,5,4,5,5,3,2,4,2,4,3,3,3,4,4,4,4,3
600,1,2,3,4,2,2,3,3,4,4,3,4,3,3,3,3,2,2,5,5,4,4,4,4,4,4,4,4,4,4,2,2,1,2,3,2,4,3,1
601,1,1,4,3,2,2,3,3,4,3,4,4,4,3,3,4,4,3,4,5,4,4,4,4,3,3,4,3,4,4,3,4,2,3,3,3,3,3,2
602,1,1,1,3,4,3,5,5,5,5,4,3,3,4,5,4,4,5,4,5,4,4,3,3,3,3,4,5,5,5,3,2,3,3,5,4,4,4,2
603,1,1,3,1,3,4,4,4,3,3,5,4,4,5,4,4,4,4,4,3,4,4,4,4,4,5,3,3,4,3,4,5,5,4,3,4,4,4,1
604,1,3,1,2,4,2,4,5,4,3,4,4,5,4,4,5,3,3,5,5,5,4,4,4,4,4,3,3,3,4,5,4,4,4,4,4,4,3,2
605,1,2,3,2,1,3,5,5,4,5,3,3,4,3,4,5,5,4,4,4,3,3,5,5,5,5,5,4,5,5,4,3,5,5,4,4,4,4,4
606,2,2,4,3,4,4,4,3,2,2,3,5,4,4,3,4,4,4,4,3,5,4,3,4,3,4,4,4,4,3,2,2,2,3,3,3,3,3,1
607,1,3,2,4,2,3,3,2,2,3,5,5,5,4,4,4,4,4,5,5,5,5,4,3,3,4,3,3,3,3,5,5,3,4,5,4,5,5,2
608,1,3,4,1,2,2,3,3,2,3,4,4,3,4,5,4,4,5,3,4,4,4,4,4,4,4,2,3,2,2,4,4,4,5,3,2,3,3,1
609,2,2,2,3,1,4,4,5,5,4,5,5,4,5,4,4,5,5,2,2,3,3,5,4,5,4,5,5,5,5,1,1,3,2,3,3,3,3,1
610,2,3,4,1,1,2,4,3,3,3,3,2,3,3,5,5,5,5,3,2,2,3,4,4,4,4,5,5,5,4,2,4,4,3,3,3,2,3,1
611,1,1,4,2,2,2,3,3,4,4,4,5,5,5,4,3,4,5,5,5,5,5,5,4,4,4,3,2,2,2,4,5,4,5,4,5,4,4,2
612,3,1,4,1,2,1,5,5,5,5,3,3,4,3,5,5,5,5,5,5,4,4,4,4,4,4,4,4,3,4,5,4,4,5,5,4,5,5,2
613,2,1,1,1,1,2,3,4,4,4,3,3,3,3,4,3,3,3,5,4,4,4,4,4,4,3,5,5,5,4,4,3,4,4,4,3,3,3,1
614,1,1,4,1,2,1,4,4,4,4,4,3,4,4,3,4,3,4,4,4,4,4,5,5,5,5,4,3,4,3,4,4,3,4,4,5,4,3,4
615,3,2,3,2,1,2,3,3,3,5,2,4,3,2,2,1,2,3,4,5,3,5,5,4,4,4,3,3,3,3,3,3,3,3,3,4,4,4,2
616,4,4,2,1,2,2,5,5,4,5,4,4,4,4,5,5,5,5,3,4,3,4,4,3,4,4,4,4,4,4,4,4,4,4,4,5,4,4,3
617,1,1,4,3,2,3,5,4,5,5,4,3,4,3,4,3,3,3,4,5,5,5,5,5,5,5,4,3,3,4,5,4,4,4,5,5,4,5,4
618,1,1,2,2,3,3,4,5,4,4,4,5,5,5,4,3,4,4,4,4,4,4,2,2,2,2,2,2,3,3,4,2,3,3,3,3,4,4,2
619,3,2,4,1,3,2,4,5,5,4,4,4,3,4,2,4,3,3,3,3,3,3,5,5,5,5,4,5,4,4,5,5,5,4,3,4,3,4,1
620,3,4,1,3,2,3,3,3,3,3,2,3,3,3,4,5,5,4,3,4,4,4,3,2,3,2,3,2,2,2,3,4,3,3,3,3,3,3,2
621,1,1,3,1,2,3,3,3,3,3,5,5,5,4,4,4,4,5,4,4,4,4,4,3,4,3,4,4,5,4,3,3,4,3,3,3,4,5,2
622,1,2,3,2,2,3,4,3,5,5,3,3,4,3,4,3,3,3,4,4,4,5,4,4,4,4,5,4,5,5,4,5,5,4,4,4,4,3,3
623,1,1,1,3,3,1,4,4,4,3,3,3,4,3,4,4,4,4,4,4,4,4,4,4,4,2,2,4,3,3,3,4,5,4,3,2,3,3,1
624,2,1,2,1,2,3,4,3,3,4,4,4,4,4,4,3,3,3,1,2,1,1,5,4,5,4,4,4,4,2,4,4,5,5,3,3,4,3,2
625,2,4,1,1,1,4,4,3,3,3,3,4,5,4,4,3,3,2,3,3,3,3,2,3,3,2,4,4,4,4,3,3,3,2,3,3,3,4,1
626,1,4,3,2,1,3,3,3,2,3,3,4,3,4,1,1,2,1,3,3,2,3,2,3,3,3,3,4,4,3,3,3,3,3,3,4,3,3,3
627,2,1,2,4,2,2,4,5,4,4,5,4,4,5,3,4,3,2,5,5,5,5,3,4,3,3,4,3,3,2,4,4,5,4,4,4,3,4,3
628,3,4,3,2,2,2,4,4,5,4,4,4,3,4,4,5,5,4,4,4,3,3,3,5,5,4,5,5,5,5,5,3,4,4,4,4,5,4,3
629,1,2,2,3,3,3,4,4,4,4,5,5,5,5,2,3,3,3,5,4,4,5,3,4,5,3,5,5,5,4,3,3,2,4,4,4,4,4,2
630,1,3,2,2,1,2,3,3,3,3,3,4,3,4,1,2,2,3,5,4,4,5,3,3,4,4,3,4,3,4,3,3,4,4,3,3,3,3,2
631,2,2,3,1,2,1,3,4,3,3,4,5,3,4,4,4,4,3,3,2,4,2,3,3,4,3,4,2,3,3,3,3,3,3,2,3,3,3,2
632,4,2,1,2,3,2,3,2,2,2,4,4,4,3,2,2,2,3,4,4,3,4,3,3,3,2,3,3,3,3,4,4,5,4,5,3,4,4,1
633,2,2,4,3,3,3,5,5,5,5,4,5,5,5,5,5,5,5,4,4,5,4,5,4,5,4,5,4,5,5,5,5,5,5,5,5,5,5,3
634,2,2,4,1,2,3,4,3,4,3,4,3,4,4,5,5,5,5,4,4,3,4,5,5,5,4,4,4,4,4,3,4,4,4,3,4,3,3,2
635,1,1,3,1,2,1,4,4,4,4,5,5,5,5,3,5,4,4,4,3,4,3,4,5,4,3,5,4,5,5,5,5,5,5,4,4,4,4,2
636,2,1,3,1,2,4,3,4,3,4,4,4,4,4,5,5,5,4,4,4,4,4,4,5,3,4,3,3,4,3,4,4,4,4,3,3,4,5,2
637,2,1,4,2,4,2,5,5,5,5,4,3,3,4,5,4,4,5,5,5,5,5,3,4,5,4,3,3,3,3,4,5,4,3,5,3,4,4,1
638,1,2,2,5,1,3,2,2,4,3,4,5,4,4,3,3,3,4,4,4,4,4,4,4,4,3,3,3,4,4,4,5,5,5,4,3,3,3,2
639,1,1,1,1,4,3,3,3,4,3,5,5,5,4,3,3,2,3,5,5,5,5,4,5,5,5,4,4,4,4,4,5,4,4,4,4,4,3,1
640,1,2,2,2,2,3,4,4,3,3,3,3,2,3,3,3,4,4,4,5,4,4,3,3,4,3,3,4,3,2,3,4,5,2,3,3,3,4,2
641,1,4,4,1,2,4,5,4,4,5,3,2,2,2,4,3,3,4,3,2,3,3,2,2,3,3,3,3,2,3,2,3,2,3,2,3,3,3,2
642,1,1,1,5,1,2,5,4,5,5,3,3,3,4,3,4,4,3,4,4,5,4,3,2,4,2,4,4,4,3,3,4,3,3,3,4,3,3,2
643,1,2,3,1,2,3,5,5,4,5,2,3,2,3,4,3,4,3,5,3,3,4,3,3,3,2,4,2,3,3,4,3,4,4,3,4,4,4,1
644,1,2,4,2,2,1,3,4,3,4,3,3,3,3,2,2,4,3,2,3,2,3,3,3,4,3,4,3,4,4,3,4,4,3,3,3,3,4,1
645,1,3,4,3,1,3,4,2,3,4,5,3,4,4,4,3,4,3,5,5,4,5,4,3,4,4,4,5,4,5,4,4,5,5,4,4,4,4,3
646,4,1,3,3,2,3,4,4,4,3,3,3,3,3,3,4,4,3,4,4,4,4,5,4,4,4,4,3,3,3,3,3,3,3,3,3,4,4,2
647,2,2,1,2,4,3,4,3,4,4,2,3,2,3,4,4,4,4,5,5,5,5,4,3,4,3,5,5,5,4,2,2,3,2,5,4,4,4,2
648,2,3,4,1,2,2,5,5,5,5,4,4,4,4,3,3,4,3,4,4,4,4,5,4,5,4,3,3,4,3,3,3,4,3,5,4,4,4,2
649,3,4,3,2,3,3,3,3,2,4,5,5,5,4,4,4,5,5,4,4,4,4,4,4,4,5,4,4,5,4,4,4,4,4,3,3,4,4,2
650,2,2,1,1,1,1,4,4,5,4,2,2,2,3,3,3,3,2,4,4,5,4,4,5,4,4,2,3,3,3,4,3,3,4,4,3,3,3,1
651,1,2,1,1,2,1,4,4,4,4,4,4,4,4,4,3,3,3,5,5,5,5,4,4,5,4,4,3,4,3,4,4,5,4,4,3,4,4,1
652,2,2,4,2,1,3,5,5,5,5,5,4,5,5,4,3,4,3,3,3,3,2,5,5,5,5,4,3,3,3,5,5,5,5,4,4,3,4,3
653,2,3,3,1,2,2,3,3,2,3,4,4,3,4,3,3,3,3,2,2,1,2,3,3,3,3,4,4,4,4,4,4,3,3,3,3,2,2,2
654,3,2,4,1,4,3,3,3,3,3,5,5,5,5,3,3,3,4,4,5,4,5,4,5,5,5,4,3,4,4,4,3,3,4,4,4,3,4,1
655,2,1,4,2,2,2,5,4,4,5,5,5,5,5,5,5,5,5,4,4,5,4,4,4,5,3,4,4,4,4,3,4,4,4,4,4,5,4,2
656,1,4,3,5,1,1,3,4,3,4,4,4,4,5,4,4,4,3,4,4,5,5,3,4,4,3,3,3,3,3,5,4,4,5,5,4,4,5,2
657,1,2,3,2,2,3,4,3,4,4,3,3,3,3,5,5,5,5,4,3,5,4,3,3,3,4,3,3,3,3,3,2,3,3,3,4,3,3,3
658,1,2,3,1,2,2,4,4,3,3,3,3,3,3,3,4,4,4,3,4,3,4,3,3,3,3,3,4,3,3,3,3,4,4,3,4,3,2,3
659,2,1,2,1,2,2,4,3,4,3,4,3,4,3,3,4,3,3,2,2,2,2,4,3,4,4,3,4,4,4,3,4,4,5,5,4,4,4,3
660,2,2,3,5,3,3,3,2,3,3,5,5,5,5,4,4,4,3,5,5,5,5,5,5,5,5,3,3,3,3,4,4,4,4,4,5,5,5,2
661,1,2,4,1,3,2,5,5,5,4,4,2,3,3,5,5,5,5,3,4,3,4,4,3,4,3,5,5,5,4,5,5,4,5,4,4,4,4,1
662,5,2,3,1,2,2,5,5,4,4,4,4,4,4,3,3,3,4,4,3,4,4,5,5,5,5,3,3,3,3,4,4,4,4,4,3,5,3,2
663,2,1,4,2,2,2,4,3,3,3,4,5,5,4,3,3,3,3,5,5,5,5,3,3,3,3,3,3,3,3,2,2,2,3,2,2,3,3,2
664,1,2,3,2,1,3,3,4,3,3,4,4,5,4,3,5,3,3,3,4,4,4,4,4,5,4,4,5,5,5,4,4,3,4,4,4,5,5,2
665,1,4,3,2,1,3,4,4,3,3,4,4,4,4,5,4,5,4,5,5,5,5,4,3,3,5,4,4,4,4,4,4,3,4,4,4,3,4,2
666,1,1,3,1,2,3,4,3,3,2,4,5,4,5,3,3,3,2,5,4,5,4,3,4,3,4,3,3,4,2,3,2,3,4,3,3,4,3,2
667,1,4,3,1,2,1,3,3,4,4,5,4,4,4,5,4,5,5,5,5,5,5,3,4,4,4,4,3,5,5,3,3,3,4,4,3,3,3,1
668,1,2,3,5,2,3,3,3,3,4,5,5,5,5,5,5,5,5,4,3,3,4,4,5,5,5,3,4,4,3,4,4,4,4,3,4,4,4,2
669,1,3,2,1,2,3,4,3,4,4,3,3,4,3,4,3,3,3,5,5,5,5,4,3,4,5,3,3,4,3,4,3,3,3,4,4,4,4,2
670,1,3,3,3,1,3,3,3,3,2,4,4,4,4,3,4,3,3,2,2,2,2,3,4,3,3,2,3,3,2,2,2,3,2,2,2,2,2,2
671,1,2,1,3,2,2,2,1,2,3,5,5,5,5,4,2,2,2,4,4,4,4,2,3,3,2,5,5,5,5,4,4,3,4,4,4,4,4,2
672,4,3,3,2,1,3,5,5,5,5,4,4,5,5,5,5,5,4,3,4,4,4,5,5,5,5,3,4,4,5,3,2,3,3,5,4,5,4,2
673,1,3,3,1,1,3,5,4,5,5,4,5,4,4,4,4,4,4,5,5,5,5,4,3,3,3,3,3,3,3,4,4,4,4,4,4,5,4,2
674,2,2,3,1,3,1,4,5,4,4,5,5,5,5,5,5,5,5,5,5,4,5,3,4,3,3,5,5,5,5,4,5,5,5,4,5,4,4,2
675,1,1,4,2,1,2,5,4,4,4,4,4,4,4,5,5,5,5,4,4,4,4,5,5,4,5,4,5,5,5,4,4,5,5,4,4,4,4,2
676,5,2,3,4,2,4,4,4,4,4,5,5,5,5,5,5,4,5,5,5,5,5,4,2,4,3,4,3,3,4,5,5,5,5,5,5,5,4,3
677,1,3,3,4,1,1,5,5,5,4,4,4,3,4,4,4,4,3,4,5,5,4,5,5,4,5,3,3,4,3,2,3,2,2,5,4,4,4,3
678,1,3,3,1,3,4,2,3,3,3,3,4,3,4,5,4,4,4,4,5,4,3,3,4,3,4,5,4,4,4,3,3,4,4,4,4,4,4,1
679,4,3,3,1,2,3,5,5,5,5,4,4,4,4,5,5,5,5,4,4,4,4,4,4,5,5,4,5,5,4,3,4,3,5,5,4,4,5,3
680,3,2,1,4,1,3,3,4,4,3,5,4,4,5,4,3,3,3,4,3,4,4,5,5,5,5,2,3,2,3,4,4,4,4,4,4,3,3,2
681,3,3,2,3,2,2,3,4,3,2,5,5,4,5,4,4,3,4,5,4,4,4,3,3,3,3,5,5,5,5,3,3,4,4,4,3,4,3,1
682,1,1,2,4,3,2,4,5,4,4,4,4,4,4,3,3,3,3,5,4,4,4,4,3,3,4,4,4,4,4,3,3,3,4,3,4,5,4,1
683,1,2,3,1,4,4,4,5,4,5,5,4,5,4,5,5,4,5,5,4,5,5,4,4,4,4,5,5,5,5,3,3,4,4,5,5,5,5,3
684,2,1,1,2,1,2,5,5,5,5,4,3,3,3,5,5,4,5,3,3,3,3,5,5,5,5,5,5,5,5,3,4,3,3,4,5,5,5,4
685,4,1,2,3,3,3,3,4,4,3,4,4,5,4,4,3,3,3,5,5,5,5,4,5,4,3,4,4,3,4,5,5,5,5,5,4,5,5,1
686,2,2,2,3,4,2,5,5,4,5,5,3,5,5,3,3,3,3,4,4,4,4,4,4,4,3,5,5,5,5,4,4,4,4,5,5,5,4,2
687,2,2,4,2,3,1,3,4,4,5,5,5,5,5,3,3,1,3,4,4,4,4,4,5,5,4,3,3,4,4,5,5,5,5,5,4,5,5,1
688,1,2,2,1,2,1,4,5,4,4,3,3,3,3,3,4,4,3,4,4,4,3,4,3,3,4,3,3,3,3,4,4,4,4,2,3,2,1,2
689,3,2,3,2,2,2,3,2,2,2,3,3,4,3,4,4,3,4,4,4,4,3,4,3,3,4,4,4,3,3,3,3,3,4,5,3,4,4,1
690,1,2,2,1,2,4,3,3,3,3,3,3,3,3,4,3,4,4,2,2,2,2,2,3,4,3,5,4,5,5,3,3,2,4,4,4,3,4,3
691,1,1,3,2,3,2,2,3,2,2,2,2,3,3,3,4,3,2,3,4,3,2,5,5,4,5,4,4,3,3,5,3,4,4,2,2,2,2,1
692,2,2,2,5,2,2,4,3,4,4,5,5,5,5,3,2,4,2,4,4,4,4,3,4,3,3,4,5,4,4,3,3,3,4,3,4,3,4,1
693,2,1,2,2,2,2,2,3,3,3,5,4,4,5,4,3,4,3,4,4,5,5,3,3,3,3,4,4,4,4,4,5,5,5,3,3,3,4,2
694,1,1,3,3,2,2,4,4,4,5,5,4,4,4,3,3,4,4,4,4,4,4,4,4,3,3,4,4,3,4,3,2,3,3,4,3,4,3,1
695,1,2,1,1,3,2,5,4,4,4,5,5,5,5,3,3,3,3,3,4,5,3,5,5,5,4,3,3,4,3,4,4,4,3,3,4,3,4,1
696,2,2,1,3,3,3,4,5,4,4,4,5,4,3,4,3,5,4,5,5,5,5,3,3,3,2,5,5,5,4,5,5,4,5,5,4,5,5,1
697,1,2,2,5,1,2,5,4,5,5,4,4,3,4,4,3,3,5,5,5,5,5,5,5,5,5,4,3,4,4,5,5,4,4,5,5,5,5,4
698,2,2,1,1,3,2,4,3,4,3,4,3,3,3,3,2,3,3,4,3,4,5,4,5,4,3,2,1,2,1,4,4,3,4,4,4,3,3,1
699,1,2,1,1,2,1,4,3,4,4,4,3,4,3,3,3,3,3,4,4,4,5,4,4,5,4,3,4,4,4,3,3,3,4,3,2,3,3,1
700,2,3,2,2,3,4,3,5,5,4,2,3,2,2,5,5,5,5,4,4,4,5,3,3,2,3,5,4,5,3,4,2,3,4,3,3,2,4,1
701,2,2,4,1,2,2,4,4,3,3,5,4,5,4,4,4,4,4,4,5,4,4,5,5,5,5,4,4,4,4,5,4,4,4,5,5,5,5,3
702,1,2,3,3,2,1,5,5,5,4,4,4,5,3,4,5,4,4,4,4,4,5,3,3,4,4,4,5,4,5,5,5,5,5,5,4,5,4,3
703,1,1,3,4,3,3,5,5,5,5,4,5,5,5,5,5,5,5,4,4,5,4,5,4,5,5,4,4,3,4,5,4,3,3,4,5,5,5,3
704,1,1,2,2,1,2,5,4,4,4,3,3,4,4,5,5,5,5,3,3,5,4,2,3,3,4,4,5,4,4,3,3,2,2,5,3,3,4,2
705,1,2,4,1,3,2,3,2,3,2,4,3,3,4,3,2,3,2,5,5,5,5,3,3,4,3,3,2,3,3,2,1,3,2,3,3,2,3,2
706,5,2,3,2,2,2,3,2,3,3,2,3,3,3,4,5,4,4,4,5,4,4,3,4,3,4,5,3,5,4,3,2,2,4,4,4,2,3,3
707,1,2,1,3,2,3,5,5,5,5,4,4,4,4,4,3,3,4,5,5,4,5,2,3,4,4,5,5,5,5,4,3,4,3,5,4,4,4,1
708,3,2,3,1,2,2,4,4,5,4,5,5,5,5,5,4,4,4,5,5,5,5,5,5,5,5,4,3,4,4,5,5,5,5,4,5,5,4,3
709,1,2,1,2,2,3,3,4,4,4,3,3,3,4,3,4,3,4,4,5,5,4,4,4,4,3,3,2,2,2,5,4,4,5,2,3,2,2,1
710,2,3,2,2,2,3,4,5,5,5,4,4,5,4,3,3,3,3,3,3,3,4,5,5,5,5,3,4,3,3,3,5,4,5,4,3,4,4,2
711,3,3,3,2,1,2,4,3,3,3,3,4,4,3,3,3,3,3,5,4,3,4,2,2,2,2,3,4,4,3,4,3,3,4,3,3,3,3,2
712,2,2,4,1,1,2,3,3,3,4,3,2,3,4,3,2,2,2,4,4,5,5,5,5,4,5,3,3,3,3,2,3,4,3,3,4,3,3,3
713,2,4,3,3,1,2,4,4,3,2,3,3,3,2,4,4,4,4,4,4,5,5,5,5,5,5,4,4,4,4,5,4,5,4,4,4,4,4,3
714,1,1,3,1,4,3,3,3,3,3,4,4,4,3,3,4,4,4,3,3,3,3,3,4,3,3,4,4,3,4,3,3,4,3,3,3,3,3,1
715,1,1,4,1,4,2,3,3,4,4,2,2,2,2,4,4,3,4,4,3,3,3,5,4,5,4,3,4,3,3,1,2,1,1,2,2,3,2,1
716,4,1,2,4,2,2,5,4,5,4,4,4,4,3,3,3,4,4,5,5,4,5,3,4,4,4,3,3,3,3,4,3,3,3,5,4,3,5,3
717,3,2,2,3,3,2,4,3,3,3,2,3,3,4,4,3,4,3,3,3,3,4,4,2,3,3,4,5,5,5,3,3,3,2,3,3,4,2,1
718,4,3,3,1,2,4,5,5,4,5,5,5,5,5,5,4,4,4,4,3,4,4,4,4,4,4,4,5,5,5,3,4,2,4,3,4,3,4,2
719,1,1,3,1,2,2,4,4,4,5,5,5,5,5,3,3,3,4,5,5,5,5,5,5,4,5,5,5,5,5,4,4,4,4,4,5,4,4,3
720,2,4,3,1,3,4,4,3,2,3,4,3,3,4,3,3,4,5,4,3,4,4,3,3,4,3,5,3,4,4,3,4,3,5,4,4,3,4,2
721,4,1,4,1,4,2,4,3,4,4,5,4,5,5,3,4,4,3,4,3,5,4,4,4,3,4,5,5,4,5,3,3,3,3,3,3,4,4,1
722,1,4,3,1,2,1,3,3,2,2,3,3,3,3,3,4,3,3,3,4,4,4,4,4,5,5,4,4,4,4,4,5,4,5,3,3,3,3,1
723,1,2,3,1,3,2,4,3,3,3,4,5,4,4,2,2,2,2,3,4,3,4,4,3,4,4,5,5,5,5,3,2,3,3,3,3,3,3,1
724,3,1,2,2,1,2,5,5,5,5,2,4,3,4,5,4,5,5,3,4,4,4,4,5,4,4,4,3,4,4,5,5,5,5,5,5,4,5,4
725,2,2,4,3,4,2,4,3,3,3,5,4,4,4,3,3,3,4,3,4,4,3,4,4,4,3,4,4,5,4,3,4,3,3,3,2,3,3,1
726,3,1,4,2,1,1,4,4,3,3,3,3,3,3,5,4,4,5,4,4,3,4,3,4,4,4,4,4,4,4,4,4,4,4,3,4,4,4,3
727,1,1,4,3,2,4,4,3,4,2,4,4,4,4,5,5,5,4,5,5,5,4,4,4,3,5,3,4,4,5,5,3,3,4,2,3,4,2,1
728,3,1,1,1,2,3,3,3,3,3,2,2,3,3,3,2,3,3,4,4,5,4,4,3,3,3,3,4,3,3,3,3,4,4,3,3,4,3,1
729,1,3,3,5,2,3,3,3,4,3,5,5,4,4,2,3,3,4,4,3,4,4,4,3,3,3,3,3,4,4,4,4,4,5,2,3,3,3,1
730,1,2,1,3,1,1,3,5,4,4,4,3,4,3,5,5,5,5,5,5,5,4,4,5,4,5,4,4,4,3,5,4,3,4,4,5,4,3,4
731,1,1,2,3,4,1,3,4,4,3,4,4,4,5,5,4,5,5,4,4,4,4,4,4,2,4,4,4,3,3,3,3,4,3,3,4,3,4,1
732,3,2,1,3,1,1,5,4,3,3,3,4,4,2,2,3,4,3,3,2,3,3,4,4,5,4,3,3,2,3,3,3,3,3,3,3,4,3,2
733,2,2,3,4,2,3,4,4,3,2,4,4,4,3,4,4,4,4,4,5,3,4,3,3,3,4,3,4,4,4,5,5,5,5,5,4,5,4,2
734,2,1,3,2,1,4,3,3,3,3,3,5,5,5,4,4,4,4,5,5,5,5,4,3,5,4,4,4,5,4,3,4,3,4,4,3,3,3,1
735,1,2,1,1,2,2,5,4,5,5,3,3,4,3,4,4,4,5,4,5,4,5,4,4,4,3,4,5,5,4,4,4,4,4,5,4,5,5,2
736,3,1,3,2,2,1,4,4,5,4,5,4,5,5,4,3,5,3,5,5,5,5,3,4,5,4,3,4,3,4,3,3,3,3,4,4,4,4,3
737,1,1,3,3,2,2,5,4,5,5,5,5,5,5,4,3,3,3,5,5,5,5,2,3,3,3,2,3,3,4,4,3,4,3,4,4,3,4,3
738,3,2,2,3,1,2,4,4,5,4,4,3,3,4,4,3,3,3,3,4,3,4,4,3,3,3,4,4,4,5,5,4,4,4,4,2,3,3,3
739,2,1,2,2,1,2,3,2,2,3,4,5,4,4,3,3,4,5,3,3,3,2,3,3,3,3,2,3,3,3,3,4,4,4,2,3,3,3,2
740,1,2,3,1,2,2,5,5,5,4,5,4,5,5,3,3,4,4,3,4,3,3,4,5,4,4,5,5,5,4,2,2,3,2,4,3,4,3,3
741,2,2,4,2,3,3,4,4,4,4,2,3,3,4,4,4,4,4,3,4,4,4,5,4,4,5,5,4,4,4,3,4,4,3,4,3,3,4,1
742,1,1,1,4,3,1,3,2,3,1,3,2,2,3,3,2,3,2,4,4,4,4,4,3,3,3,5,4,4,4,3,3,3,3,2,3,3,3,1
743,3,2,1,2,1,1,3,3,3,4,5,3,4,4,3,3,3,3,5,5,5,5,3,4,3,3,5,5,5,5,4,4,4,4,4,4,4,4,3
744,2,1,2,2,2,4,5,4,4,4,3,3,4,3,5,5,5,5,5,4,5,4,3,3,2,3,4,4,4,4,2,3,3,2,5,5,5,4,3
745,1,4,4,1,1,2,5,4,4,5,5,5,5,5,5,4,4,4,4,4,4,4,5,4,4,4,4,3,4,5,2,3,3,3,3,3,4,3,2
746,4,2,3,2,1,1,4,5,5,4,4,4,5,4,4,4,3,4,3,3,3,4,4,5,5,5,5,5,4,5,3,4,4,3,5,4,4,3,3
747,1,3,3,4,2,2,3,3,4,4,4,4,3,3,5,5,5,4,4,5,4,5,5,5,5,5,4,5,4,5,3,4,4,3,4,4,5,4,3
748,2,2,2,3,2,1,3,2,4,3,3,4,3,3,3,4,3,4,2,2,3,3,4,4,4,4,4,3,4,4,3,3,4,3,3,3,3,2,1
749,4,1,3,3,1,2,3,4,3,4,5,5,5,5,5,5,5,5,5,5,5,5,5,5,5,5,5,5,5,5,2,3,2,3,5,5,5,5,4
750,2,2,1,2,1,3,4,3,3,3,3,3,4,2,4,4,4,3,5,5,4,4,5,5,5,5,4,3,4,4,3,3,2,3,3,2,4,3,2
751,1,4,3,2,1,2,3,3,3,2,3,4,3,4,3,4,3,5,4,4,4,3,3,4,4,4,4,3,4,3,4,4,5,4,3,2,3,3,2
752,4,2,4,1,3,2,5,4,4,5,5,3,4,5,4,4,3,3,5,4,4,5,4,5,4,5,4,4,5,5,3,3,4,4,5,4,5,4,2
753,2,3,3,3,4,3,3,2,2,3,3,2,3,3,4,3,3,4,4,4,4,4,4,3,3,4,2,3,3,3,3,4,3,3,2,1,2,2,1
754,1,3,4,2,1,2,5,4,4,4,5,4,5,5,5,5,5,5,5,4,5,4,3,4,4,3,5,4,4,4,4,4,3,5,4,4,4,3,3
755,1,1,3,2,1,3,2,2,2,2,3,4,3,3,5,4,4,4,4,2,4,3,3,2,3,4,4,4,4,4,2,3,2,3,4,3,3,4,2
756,3,1,2,2,3,3,3,3,3,3,4,4,4,4,4,4,4,5,4,5,4,5,4,4,4,4,4,4,4,4,3,3,3,3,4,3,4,3,1
757,2,2,4,4,4,1,4,3,4,3,4,4,4,4,4,3,3,3,4,5,5,4,4,5,4,4,3,5,4,4,3,4,4,3,4,4,5,4,1
758,2,2,1,1,2,3,5,5,5,4,5,4,5,4,5,5,4,5,3,3,4,4,5,5,5,5,4,4,5,3,5,4,5,4,5,5,5,5,3
759,4,3,3,3,1,2,4,3,4,3,4,5,4,4,3,2,2,3,5,5,5,5,4,4,4,4,4,4,5,4,2,3,4,3,4,3,4,3,2
760,3,3,2,1,1,4,1,2,2,3,3,4,3,4,5,5,5,5,4,4,4,5,5,5,4,5,5,4,4,5,3,3,4,4,4,4,5,5,4
761,1,2,1,2,2,2,3,2,2,3,3,3,4,3,4,3,3,4,5,5,4,5,3,3,3,4,4,4,4,3,3,3,3,3,2,3,3,3,1
762,1,1,3,1,2,4,3,4,3,4,4,4,4,4,5,4,5,4,5,5,5,5,4,3,3,4,3,4,3,4,4,4,3,3,5,5,5,5,3
763,1,3,2,1,1,3,5,5,4,5,5,5,5,5,3,3,4,3,5,4,4,5,4,3,3,4,5,4,4,5,4,4,4,4,5,4,5,5,3
764,3,1,3,2,2,2,5,4,5,4,3,4,3,4,5,5,5,5,4,4,4,4,3,3,3,3,4,3,4,5,4,4,4,3,5,5,4,5,2
765,1,3,3,1,1,2,4,4,5,5,4,4,3,4,3,3,3,3,5,5,5,5,5,4,5,5,3,5,4,3,3,3,4,4,4,5,5,4,4
766,2,2,1,2,3,4,4,5,5,4,3,3,3,3,3,3,4,3,3,4,2,4,3,4,3,3,4,4,4,4,2,2,2,2,4,3,4,4,1
767,3,2,2,4,2,3,3,3,4,4,5,4,5,5,3,3,3,3,4,4,4,4,5,4,5,4,2,2,3,2,4,4,3,5,4,3,3,3,2
768,3,1,3,1,1,1,5,4,4,4,4,4,4,3,2,2,2,2,4,4,4,4,4,3,5,5,4,3,4,5,4,5,4,4,4,4,4,4,3
769,1,2,2,3,2,3,2,2,2,3,3,3,4,2,4,4,3,3,3,2,3,3,3,2,3,3,4,3,4,5,2,2,3,3,1,3,2,2,1
770,3,2,3,2,2,2,4,3,3,4,3,4,3,3,5,5,5,5,5,5,5,5,5,5,5,5,5,4,5,5,4,3,3,3,5,5,4,4,3
771,1,2,3,2,4,1,3,2,2,3,3,3,4,4,5,5,5,5,3,3,3,3,4,3,4,3,4,4,4,3,5,4,4,4,3,4,4,3,1
772,3,1,4,1,2,2,4,3,4,4,3,3,2,2,4,4,3,4,3,3,2,3,5,4,5,5,5,5,4,4,5,4,5,5,5,4,4,4,4
773,1,3,3,1,1,2,3,3,3,4,4,4,4,3,5,4,5,5,4,5,5,4,4,4,3,3,4,5,5,4,2,2,3,2,2,2,2,1,1
774,1,3,3,1,3,3,5,4,4,4,5,5,5,5,4,4,5,4,5,5,5,5,5,5,5,4,5,5,5,5,4,4,4,4,4,4,4,4,2
775,3,1,3,1,1,2,3,3,3,4,3,3,2,3,3,4,5,4,3,4,3,3,5,4,4,4,4,2,3,4,4,4,4,3,4,3,3,3,2
776,1,1,2,1,3,3,3,3,3,4,3,3,3,3,3,3,4,4,5,4,4,5,4,4,4,4,4,4,4,5,4,4,3,3,3,4,4,4,3
777,1,1,2,3,2,1,4,3,4,3,5,5,5,5,4,5,4,5,5,5,5,5,2,2,2,2,5,5,5,5,2,2,1,2,5,4,4,5,2
778,2,2,4,4,2,2,3,2,3,3,3,3,3,3,5,4,5,4,4,4,4,4,4,4,4,4,3,2,2,2,4,4,3,4,3,3,3,3,2
779,2,2,3,3,1,2,5,5,5,5,5,5,5,5,3,4,4,4,5,5,5,5,5,5,5,5,4,4,5,5,5,5,5,5,5,5,5,5,4
780,2,2,4,3,2,2,3,3,2,3,5,3,4,4,4,3,5,3,2,3,2,2,4,4,4,3,5,4,4,5,3,3,3,4,2,3,2,3,2
781,2,1,4,1,3,1,4,3,4,4,4,4,5,4,5,4,5,4,5,5,5,5,4,4,5,5,5,5,5,5,3,3,3,3,5,5,5,5,3
782,2,2,4,1,3,2,4,5,5,5,4,4,5,3,4,4,5,4,5,4,5,4,3,2,2,3,4,3,4,4,3,3,3,4,4,4,4,5,1
783,1,2,4,1,1,2,2,2,3,2,3,2,3,3,3,4,2,3,5,4,5,4,4,3,3,3,3,3,3,3,4,4,4,5,3,2,3,3,2
784,1,2,3,1,1,2,3,3,3,4,4,4,4,4,4,4,3,4,4,3,4,4,5,4,5,4,4,4,3,4,5,5,4,5,4,4,4,3,4
785,1,4,2,2,3,2,4,3,3,4,4,3,4,4,5,5,5,5,4,4,4,4,4,4,4,4,4,4,4,4,5,5,5,5,5,5,5,5,2
786,4,1,3,2,4,2,4,3,4,4,3,3,2,3,5,4,5,5,5,4,5,4,5,5,5,5,4,5,3,4,3,4,3,4,4,4,4,3,1
787,2,2,3,1,1,3,4,4,4,3,4,4,3,3,5,5,5,4,4,4,5,4,4,4,4,4,3,4,3,3,4,3,2,3,3,3,4,3,3
788,1,2,3,1,2,4,4,4,4,4,3,3,4,4,4,3,4,4,5,4,5,5,4,4,3,3,3,3,3,3,4,4,3,3,4,3,4,4,1
789,2,2,3,3,2,2,5,5,5,5,3,4,3,4,5,4,4,4,4,4,4,4,4,4,4,4,2,2,3,2,4,3,4,4,4,4,4,4,2
790,4,2,3,3,3,2,3,3,3,2,4,3,5,3,5,5,5,5,4,4,4,4,4,4,3,5,5,5,5,5,4,5,4,5,3,3,3,4,2
791,1,2,3,1,1,1,4,3,5,3,4,4,5,5,5,4,5,5,4,4,4,4,3,3,3,2,4,4,4,3,4,5,5,5,4,4,5,4,2
792,2,4,2,4,1,4,3,3,4,3,5,5,5,5,3,3,3,3,3,4,3,4,5,4,5,4,4,4,4,4,5,5,4,5,4,4,4,4,2
793,2,1,3,5,3,1,3,4,4,4,4,4,5,5,3,3,3,3,4,3,4,4,4,4,4,5,3,4,4,4,2,3,2,3,2,3,2,2,1
794,2,1,2,1,1,2,3,3,4,4,3,3,4,2,5,5,5,4,4,4,4,5,3,3,4,4,2,2,4,3,3,3,3,4,3,4,3,5,2
795,1,2,4,1,2,2,2,3,3,3,2,2,2,3,3,3,4,3,5,4,4,4,4,3,3,3,3,2,3,3,4,4,4,5,4,3,3,3,1
796,3,2,2,2,2,2,5,5,5,5,5,5,5,5,3,3,3,3,5,5,5,5,5,4,5,4,4,5,4,4,5,4,4,4,5,5,5,5,3
797,4,1,2,4,2,1,4,4,3,4,3,4,3,3,3,3,3,2,4,4,4,4,4,4,4,4,4,3,4,3,3,3,3,3,4,4,4,4,3
798,2,1,1,4,2,3,4,4,4,4,4,4,3,3,4,3,5,4,5,5,4,4,4,4,4,4,5,4,4,5,5,5,5,5,5,4,5,4,3
799,2,1,3,1,2,1,5,5,5,5,5,4,4,5,4,3,4,2,5,4,5,4,5,5,5,5,4,4,3,4,2,4,3,3,5,5,5,5,2
800,4,3,3,2,1,3,4,3,4,3,5,5,4,5,5,5,5,5,5,3,4,4,3,3,2,4,5,5,5,5,4,4,3,4,4,4,4,4,2
