ID,S1,OWNERSHIP,REVENUE,EXPERIENCE,MAIN_PRODUCT,NUM_BANKS,POSITION,SECTOR_CONSTR,COMP1,COMP2,COMP3,COMP4,SPEED1,SPEED2,SPEED3,SPEED4,DIGI1,DIGI2,DIGI3,DIGI4,REPU1,REPU2,REPU3,REPU4,RELA1,RELA2,RELA3,RELA4,STAFF1,STAFF2,STAFF3,STAFF4,COLL1,COLL2,COLL3,COLL4,DEC1,DEC2,DEC3,DEC4,WALLET_SHARE
1,1,1,2,4,3,1,1,0,2,3,2,3,2,3,2,1,4,4,5,2,3,3,3,3,4,2,4,3,3,4,3,3,2,1,3,2,3,5,4,2,4
2,1,4,3,4,2,2,3,1,4,4,3,4,3,1,3,1,3,2,2,1,3,3,2,2,2,3,4,3,3,4,4,5,3,3,4,4,3,3,2,2,2
3,1,3,3,4,1,2,1,1,3,4,4,4,5,5,5,5,4,4,3,4,3,3,3,4,3,4,4,3,3,3,4,3,3,3,1,4,4,4,4,4,3
4,1,1,2,4,1,2,1,1,3,3,3,3,4,5,4,4,4,4,4,3,2,3,2,3,4,4,3,3,5,4,3,5,5,3,5,4,4,3,5,3,3
5,1,1,1,1,1,3,4,1,5,5,4,4,4,4,4,3,3,5,3,3,4,4,4,4,4,3,3,4,4,4,3,3,5,3,4,4,4,4,4,3,1
6,1,2,2,4,1,2,2,0,3,3,4,4,4,4,5,3,5,5,5,4,4,3,2,3,4,1,4,4,5,4,4,5,3,4,4,5,4,4,4,4,3
7,1,1,1,3,1,2,2,0,4,3,4,4,4,4,4,2,5,5,5,4,4,3,3,3,3,3,2,2,3,3,1,3,4,2,3,3,4,3,4,4,4
8,1,3,3,3,2,2,2,0,4,3,3,2,4,5,4,4,4,5,5,4,4,5,4,4,3,5,4,5,3,4,3,3,3,4,4,3,3,4,4,5,4
9,1,5,2,3,1,3,4,1,5,5,5,5,4,2,5,4,4,5,5,5,4,4,3,3,5,3,3,4,4,5,3,4,3,3,2,4,4,5,5,4,2
10,1,1,3,2,2,3,2,1,4,3,3,4,4,5,4,4,4,5,4,3,3,4,3,4,5,4,5,5,3,4,4,5,4,4,4,4,5,4,5,5,1
11,1,3,2,3,2,2,2,0,4,2,4,3,4,2,2,2,3,2,4,4,4,5,4,4,3,5,4,4,4,2,1,3,3,4,3,4,5,4,5,4,4
12,1,2,1,3,2,2,3,0,4,3,4,4,4,3,5,4,3,3,4,2,4,3,4,3,3,4,5,2,3,3,2,4,3,3,2,3,3,3,3,3,3
13,1,2,2,4,2,2,1,0,4,3,3,3,4,4,5,3,3,3,2,1,4,4,3,3,4,3,4,4,3,5,4,4,3,2,3,2,3,1,4,2,4
14,1,4,3,3,3,4,2,0,3,3,4,3,2,1,2,3,4,3,4,2,4,3,2,2,3,2,2,1,2,2,2,2,4,3,5,4,3,1,4,3,3
15,1,4,3,1,1,2,1,0,4,3,4,4,2,3,3,3,4,4,4,5,5,4,5,4,4,4,4,4,3,4,2,3,4,3,2,5,4,4,4,4,4
16,1,2,1,3,1,1,2,1,4,3,3,1,4,1,4,3,3,2,3,2,5,5,4,5,4,3,4,3,4,3,4,4,3,3,4,4,2,4,4,2,4
17,1,3,4,4,2,2,2,1,1,1,2,2,3,1,1,2,3,3,3,1,4,4,3,3,3,2,2,3,2,3,3,3,2,3,2,3,2,2,1,1,3
18,1,1,2,1,2,3,2,1,2,1,2,1,5,4,4,4,3,4,3,1,2,3,3,2,2,2,3,3,3,1,2,3,2,1,2,2,2,4,3,2,3
19,1,2,1,3,4,2,2,1,3,3,1,3,3,3,3,2,4,4,3,3,4,4,4,5,4,2,3,3,3,4,2,4,4,3,3,3,2,4,3,4,3
20,1,1,2,2,5,3,3,1,2,3,2,3,4,4,4,5,4,4,5,4,2,3,2,3,4,3,2,2,2,3,2,2,2,5,3,2,2,2,3,2,3
21,1,2,3,1,1,4,3,0,4,5,3,2,4,3,3,4,3,3,4,3,4,5,3,2,5,4,5,5,3,2,1,3,2,1,2,2,5,4,3,4,1
22,1,2,1,3,1,1,1,0,2,1,2,1,5,4,5,4,4,4,3,5,3,3,3,2,3,3,3,4,4,5,4,4,3,2,4,1,4,5,4,2,4
23,1,2,1,3,2,2,2,0,3,3,2,3,3,2,3,2,2,2,2,2,4,4,4,3,3,2,4,2,2,2,1,3,2,3,3,3,4,3,3,4,3
24,1,4,2,3,5,2,2,1,1,2,2,3,4,4,4,4,3,2,2,3,4,4,4,4,4,4,4,4,4,4,4,4,1,1,2,2,4,4,4,4,3
25,1,2,2,4,1,3,2,1,4,4,5,4,4,4,3,2,3,3,5,2,5,4,4,5,3,4,4,4,4,4,4,3,3,4,5,5,4,4,4,4,1
26,1,2,2,3,2,2,3,1,5,5,4,5,3,4,4,4,3,3,5,1,2,3,4,3,5,5,4,4,4,3,4,4,4,4,4,3,4,4,4,4,2
27,1,1,1,3,4,2,3,0,5,4,3,5,4,3,3,3,2,3,3,2,3,4,4,4,5,4,4,5,5,5,5,5,4,3,4,4,3,3,4,4,4
28,1,2,1,4,5,2,1,0,2,3,4,3,5,4,5,5,3,4,2,3,3,3,3,3,4,4,3,5,4,4,2,4,2,3,2,4,3,4,4,4,3
29,1,2,1,4,4,2,1,1,4,2,3,3,5,3,5,4,4,4,4,1,4,3,4,4,3,2,4,3,4,3,2,4,2,3,3,3,3,5,3,3,3
30,1,1,2,3,1,2,2,1,4,5,1,4,3,2,3,4,3,3,5,3,5,4,4,3,3,3,2,2,4,3,3,4,4,5,4,4,3,3,5,4,3
31,1,2,1,2,2,1,3,0,4,3,4,3,4,3,5,3,4,3,4,4,5,5,4,5,5,3,4,4,4,3,5,4,5,5,5,4,5,4,4,4,4
32,1,1,3,3,5,2,1,1,5,4,4,5,4,4,5,4,4,3,4,3,5,5,5,4,4,2,4,3,3,3,3,3,4,4,5,5,4,4,4,4,3
33,1,4,4,4,5,4,3,0,4,4,5,5,5,4,5,5,5,5,5,5,4,5,4,4,5,4,4,4,4,4,4,4,4,5,5,5,5,5,4,4,3
34,1,2,3,2,1,3,3,1,4,4,1,4,2,1,3,3,3,1,3,2,4,4,4,5,2,2,2,3,2,4,4,4,3,5,3,5,3,3,3,3,2
35,1,3,2,2,2,2,3,1,3,1,3,2,4,5,5,4,5,4,4,3,5,5,5,4,4,4,5,5,5,4,4,4,3,4,5,5,4,4,3,4,4
36,1,1,2,2,2,1,3,0,3,4,4,4,4,3,3,3,4,3,4,3,3,4,3,3,4,3,3,3,4,4,5,4,3,3,3,2,4,4,4,3,4
37,1,2,2,2,1,2,2,1,4,3,3,3,4,3,4,3,2,3,4,2,4,3,3,3,3,4,4,4,2,2,4,3,3,3,1,3,4,4,4,2,3
38,1,1,2,3,1,2,2,0,3,4,3,2,4,3,2,3,3,4,4,1,2,3,2,2,4,4,4,4,2,3,5,5,3,2,3,4,4,3,4,3,3
39,1,1,2,3,1,2,2,1,4,3,3,3,4,3,4,5,4,3,2,3,4,4,4,4,3,4,4,3,3,4,5,4,4,3,3,3,3,5,5,4,3
40,1,2,1,2,2,1,3,1,3,3,3,2,3,2,3,2,4,3,3,4,5,5,4,4,3,3,4,2,2,1,2,3,2,3,3,4,4,5,4,4,4
41,1,4,3,3,2,1,3,1,3,3,3,4,5,2,5,3,5,5,5,4,4,4,4,4,3,3,3,1,1,1,2,2,4,5,3,4,4,5,4,4,4
42,1,2,1,2,1,4,3,0,4,4,4,4,3,1,4,2,4,3,2,3,3,3,3,2,5,4,4,5,4,3,2,4,4,3,3,3,4,5,4,3,1
43,1,1,1,4,2,1,4,1,5,4,2,5,5,5,5,5,4,4,1,3,3,5,4,4,3,3,4,5,5,4,4,4,4,3,5,3,3,5,4,5,4
44,1,1,2,4,4,2,2,1,4,4,4,4,3,3,2,3,4,1,2,3,3,3,3,3,5,3,3,4,1,1,3,3,5,3,4,2,4,4,5,5,3
45,1,1,4,4,2,2,1,1,4,5,4,4,3,3,4,4,4,3,2,3,4,4,4,4,5,4,3,5,4,3,4,4,5,4,4,4,4,4,3,4,2
46,1,2,1,3,1,2,2,1,3,3,3,2,4,4,4,4,3,4,4,3,4,5,4,5,3,4,3,3,5,3,4,3,3,4,4,3,4,5,4,3,3
47,1,4,3,1,1,2,3,1,5,5,5,4,4,4,5,5,5,5,5,1,4,4,4,4,4,5,4,4,3,3,4,3,4,3,4,4,5,5,4,5,3
48,1,2,2,3,1,3,2,1,5,4,5,4,4,4,4,4,5,5,5,5,4,4,3,3,5,4,4,4,4,4,3,4,4,4,4,2,4,4,4,5,1
49,1,1,1,3,2,2,3,1,4,4,1,2,4,4,4,3,4,4,2,3,3,3,3,3,4,1,2,4,4,4,5,4,2,3,3,3,2,4,3,3,2
50,1,2,1,2,2,1,2,1,4,4,4,5,4,3,4,3,3,3,2,3,3,4,4,3,2,3,4,3,5,5,5,3,4,1,4,3,4,4,4,5,4
51,1,2,2,2,5,1,2,1,3,1,3,4,4,5,4,3,2,4,2,1,5,4,4,4,4,2,4,3,5,5,4,3,3,3,3,3,3,4,4,3,4
52,1,4,2,2,5,1,1,0,5,5,4,5,4,4,4,3,4,4,3,4,4,4,4,4,4,5,4,4,4,3,4,4,5,4,3,4,5,5,5,5,4
53,1,2,4,2,3,3,2,1,2,4,2,5,4,4,3,4,3,4,3,3,4,3,3,2,5,3,3,3,4,4,1,3,4,2,4,5,4,5,4,5,3
54,1,2,2,2,1,1,1,0,2,2,3,3,3,1,2,3,4,3,4,5,4,4,4,4,4,3,4,4,4,3,4,3,4,5,4,4,3,4,5,3,4
55,1,5,1,3,4,2,1,0,4,2,2,3,2,1,3,3,3,2,3,3,4,4,3,4,3,3,3,2,4,4,2,3,1,3,1,2,3,3,2,2,3
56,1,1,1,3,2,1,1,1,3,4,5,4,4,2,2,4,4,4,4,4,5,4,5,5,4,4,5,5,2,3,2,3,2,2,4,3,5,4,4,4,4
57,1,3,4,3,2,2,3,1,4,4,3,4,5,5,5,3,3,4,4,4,4,5,5,5,3,2,3,4,4,3,2,5,5,5,4,4,4,5,4,3,4
58,1,1,3,1,4,4,1,0,4,4,5,4,4,5,4,4,5,5,5,1,3,3,3,3,5,4,5,5,4,4,3,5,4,4,5,5,5,5,4,5,2
59,1,1,2,2,3,2,3,0,3,4,3,4,3,2,2,2,5,4,5,5,4,4,4,4,3,4,3,3,4,3,5,5,4,3,4,4,4,4,4,5,4
60,1,1,2,3,2,1,2,1,2,3,4,2,3,4,2,3,4,4,3,3,4,4,4,3,4,4,5,5,3,4,1,3,4,4,3,2,3,4,4,4,4
61,1,1,1,2,2,2,4,1,4,4,3,4,4,2,4,4,5,4,2,3,4,4,3,4,2,2,3,2,4,5,5,3,5,4,4,4,4,4,4,3,3
62,1,4,3,2,2,3,3,1,4,4,3,3,4,3,5,4,4,5,4,5,5,5,5,4,5,5,3,5,4,5,4,5,4,5,3,4,4,4,4,4,3
63,1,2,1,2,2,2,2,1,2,4,2,2,4,3,2,4,3,3,3,1,4,4,4,4,4,3,3,4,3,3,4,4,3,3,4,1,5,4,3,3,3
64,1,2,1,1,1,2,2,1,1,2,3,3,3,2,3,3,3,2,3,3,4,3,5,4,5,4,4,5,3,3,1,4,4,4,4,4,3,3,3,3,4
65,1,2,1,3,2,4,2,1,4,4,5,4,5,4,5,5,5,5,4,3,1,3,1,3,4,4,3,5,1,1,2,3,4,4,4,4,4,4,2,2,1
66,1,2,2,3,2,1,2,1,5,4,4,4,4,5,4,5,4,3,4,3,4,3,4,4,2,4,4,4,2,3,1,4,5,5,5,4,5,5,5,5,4
67,1,4,2,2,1,2,1,1,5,5,5,5,3,5,3,3,5,5,2,4,5,4,4,4,3,4,3,4,4,5,4,4,3,2,2,4,4,4,4,5,3
68,1,1,1,2,4,3,1,0,4,4,4,4,4,4,3,3,4,2,2,3,1,3,4,4,3,4,4,3,4,4,2,4,2,2,2,2,3,3,3,1,1
69,1,1,4,1,1,2,3,1,2,3,4,4,3,1,3,4,3,2,2,1,3,4,3,4,4,3,4,3,5,5,5,4,4,3,5,5,3,4,4,3,2
70,1,1,2,3,1,2,2,1,5,3,4,5,4,3,5,4,4,4,4,3,2,4,2,3,3,3,4,3,5,4,4,5,4,4,4,4,4,4,3,3,3
71,1,2,1,3,1,2,3,0,3,3,4,4,5,3,4,4,3,4,2,3,4,4,4,4,4,4,4,5,5,4,5,4,2,2,3,3,3,3,3,3,3
72,1,3,3,4,5,2,3,1,2,2,2,4,5,4,5,5,2,2,3,2,4,4,5,3,4,4,4,4,3,3,3,4,4,5,5,4,3,5,4,5,4
73,1,2,2,2,3,1,3,0,4,4,4,4,4,3,3,2,5,4,3,4,4,4,4,3,4,3,3,4,5,2,5,4,4,5,5,4,3,4,4,4,4
74,1,2,2,2,3,1,2,0,3,4,5,3,3,5,4,3,4,3,5,3,3,3,5,4,5,4,4,5,4,3,4,4,3,3,3,3,4,4,4,4,4
75,1,1,2,3,3,3,1,1,4,4,3,5,3,2,4,4,4,4,3,4,4,3,4,4,3,2,3,3,4,4,3,5,3,1,3,3,3,3,3,3,1
76,1,3,3,4,1,3,3,0,3,3,4,3,2,1,3,3,3,2,1,4,4,4,4,4,5,4,4,3,4,4,3,4,4,4,5,4,2,4,4,3,3
77,1,3,3,2,1,1,2,0,4,2,4,5,4,4,5,5,4,4,5,2,3,3,3,3,4,4,3,4,4,3,4,4,2,3,4,3,4,5,5,3,4
78,1,1,2,3,1,2,3,1,4,4,3,5,2,4,3,2,3,3,4,3,2,2,3,2,2,2,2,2,3,2,1,4,2,2,3,1,3,3,1,3,4
79,1,1,1,2,1,3,2,1,4,4,3,4,4,5,4,2,5,4,4,5,2,2,2,1,3,3,4,3,4,1,4,4,3,4,3,2,3,3,2,2,2
80,1,2,2,3,4,4,2,0,2,2,2,2,1,2,2,3,2,1,2,2,3,3,4,2,3,2,2,3,5,4,2,3,1,1,3,3,1,2,2,2,1
81,1,2,2,4,1,2,3,1,5,5,3,5,4,3,4,4,4,3,3,3,3,3,3,4,4,2,4,4,3,4,3,4,3,4,5,4,4,3,5,5,3
82,1,5,2,3,2,2,2,1,5,5,5,4,3,3,3,2,3,4,3,3,5,5,5,5,3,4,3,5,4,4,1,5,3,4,4,2,5,5,4,4,4
83,1,2,3,3,5,3,1,1,4,5,4,4,4,5,4,5,3,4,4,3,4,3,3,3,5,4,5,4,4,5,4,5,5,3,4,4,5,5,3,4,2
84,1,1,1,3,1,3,1,1,4,4,1,4,2,2,2,1,3,2,3,1,5,4,5,4,4,5,4,4,4,4,5,3,4,2,4,3,3,1,4,3,2
85,1,1,1,2,1,2,3,1,3,3,5,4,5,5,4,4,4,5,5,5,4,2,3,1,4,2,3,3,3,3,5,4,3,2,3,3,4,4,3,4,2
86,1,3,3,3,2,2,1,1,5,5,4,5,3,2,4,2,3,3,3,2,4,5,5,4,5,4,5,4,4,3,3,3,4,3,4,3,3,4,3,4,4
87,1,4,2,2,1,3,3,0,3,2,3,3,3,1,3,2,3,3,4,3,4,5,4,4,2,2,3,3,3,3,1,3,1,1,2,1,4,3,4,3,1
88,1,2,1,4,3,1,4,1,3,3,2,4,3,4,2,2,2,2,4,4,5,3,4,4,4,3,4,4,3,3,4,4,2,2,3,4,4,4,4,4,4
89,1,1,1,3,2,1,2,0,2,2,2,3,1,2,4,3,3,2,2,4,1,2,4,2,2,2,2,2,3,4,3,3,3,2,3,2,3,5,3,4,4
90,1,2,2,3,2,2,4,0,4,2,3,4,4,3,4,3,4,2,2,3,3,4,5,4,4,3,3,3,5,4,5,4,3,3,3,4,4,5,5,3,3
91,1,2,4,2,1,3,3,0,5,4,1,2,2,2,1,3,2,2,3,1,2,2,2,3,2,1,1,2,4,4,3,4,3,3,3,2,2,4,4,3,2
92,1,2,3,2,2,4,3,1,4,4,2,2,2,2,3,1,2,2,1,2,3,4,4,3,2,3,3,3,3,2,3,2,4,5,4,5,3,3,3,2,3
93,1,2,2,3,1,2,2,1,5,4,5,5,4,4,4,4,5,5,5,5,5,5,5,5,5,4,5,5,5,5,4,5,4,3,4,3,5,3,5,5,3
94,1,2,1,2,2,3,3,1,3,4,3,3,3,3,4,4,3,3,3,2,3,4,4,4,4,3,3,5,3,4,4,4,3,2,4,3,4,4,3,3,1
95,1,4,2,4,3,1,2,1,2,1,2,2,3,4,3,3,3,4,4,5,4,5,4,4,3,4,3,2,4,5,3,4,2,4,1,1,3,4,4,4,4
96,1,1,3,2,1,2,2,1,1,2,1,3,4,5,4,4,4,4,4,4,4,4,3,3,2,3,4,3,2,4,3,3,3,1,2,4,3,2,4,3,3
97,1,2,3,3,2,1,4,0,5,4,4,3,4,3,4,4,3,3,2,1,3,3,2,4,3,3,3,3,3,2,1,2,4,3,3,3,5,4,5,4,4
98,1,3,3,4,2,3,4,0,4,5,3,3,3,1,4,3,3,4,4,3,4,5,4,5,4,3,4,4,5,4,5,4,5,4,5,3,4,4,4,4,3
99,1,2,3,3,1,3,1,1,4,4,4,3,4,3,4,4,3,4,5,3,5,5,4,4,5,5,5,4,3,4,3,5,4,4,3,3,5,5,5,5,1
100,1,1,2,1,2,2,4,0,4,2,3,5,2,4,3,4,5,5,4,5,4,4,3,2,4,4,5,5,4,4,4,4,5,4,4,5,5,5,5,5,3
101,1,4,2,2,3,2,3,0,4,4,4,3,3,2,2,2,2,4,2,2,3,4,4,4,4,4,4,4,4,3,2,5,5,5,4,4,4,3,3,3,4
102,1,1,1,4,1,1,2,1,2,1,1,2,5,4,4,4,2,3,1,3,2,2,2,3,1,1,2,2,3,3,4,3,3,2,4,3,4,5,2,1,4
103,1,1,1,1,1,1,2,1,4,4,2,3,3,1,4,4,4,4,4,4,4,4,4,4,4,3,3,2,3,2,3,4,3,3,4,4,4,5,4,5,4
104,1,1,1,3,2,2,1,0,4,4,2,3,3,2,4,3,5,4,3,3,4,4,3,4,3,5,3,4,3,5,4,5,5,5,5,5,4,3,3,4,3
105,1,1,1,3,3,2,3,1,2,1,3,1,1,2,2,2,3,3,4,3,2,3,3,2,1,1,1,1,4,4,4,4,2,1,2,3,2,1,2,1,3
106,1,1,2,2,1,1,2,1,4,4,4,3,4,4,4,4,2,5,2,3,4,5,4,4,3,2,3,2,2,2,1,3,3,4,3,4,2,4,3,2,4
107,1,2,1,1,2,2,3,1,5,4,5,5,4,3,4,4,4,5,4,3,3,4,3,4,4,4,5,5,4,4,5,4,2,2,2,4,5,4,4,4,3
108,1,2,3,2,1,1,3,1,2,2,3,3,4,5,5,4,5,4,5,4,3,4,4,4,5,3,5,4,4,5,4,5,2,1,1,2,5,5,4,5,4
109,1,2,2,1,4,2,2,0,4,2,3,3,4,5,4,4,1,3,3,2,3,4,4,3,3,4,4,3,5,4,3,4,3,4,2,3,3,4,2,2,4
110,1,1,2,3,4,2,2,1,5,5,5,5,3,2,3,3,5,4,4,4,4,3,4,4,5,4,5,5,5,4,4,4,5,2,5,4,4,4,4,5,3
111,1,1,1,4,2,1,3,1,5,5,5,5,3,4,5,4,4,4,4,3,2,3,3,2,4,4,4,3,5,4,3,4,2,3,3,4,4,4,4,5,4
112,1,2,1,3,2,2,2,0,2,3,2,3,5,5,3,4,5,5,4,4,4,4,4,4,4,4,5,3,4,3,4,3,4,2,5,3,5,4,4,4,3
113,1,1,3,3,1,4,2,0,3,4,5,4,4,3,4,3,4,4,4,2,3,3,3,3,5,3,4,4,3,3,4,3,3,4,4,3,4,2,3,4,1
114,1,2,1,3,3,4,3,1,2,4,4,2,2,2,1,3,2,2,4,1,4,5,2,3,5,5,4,5,4,5,4,5,3,4,3,3,3,3,3,4,1
115,1,4,3,2,3,3,2,1,3,4,2,4,4,4,4,5,4,3,3,3,5,4,4,5,1,2,3,2,4,4,2,4,3,2,3,2,3,3,3,4,1
116,1,2,1,2,1,2,2,0,2,4,3,4,3,3,4,4,5,4,5,3,4,4,4,4,3,4,2,3,2,2,1,2,3,3,3,3,3,4,4,4,4
117,1,2,3,3,2,2,3,1,3,2,3,4,1,1,2,2,4,3,2,4,4,4,2,4,3,4,3,3,4,2,2,5,5,4,4,3,3,1,3,2,3
118,1,1,2,2,1,1,2,1,3,4,5,4,5,2,4,4,3,4,4,3,4,5,4,5,5,5,5,5,5,4,4,5,5,4,4,5,4,5,5,5,4
119,1,1,2,1,2,2,3,1,4,3,4,5,2,3,3,4,2,2,3,2,4,4,3,4,4,5,4,4,4,5,5,4,5,4,4,5,5,4,4,5,4
120,1,5,4,3,2,1,2,1,3,3,2,4,4,4,3,5,4,2,2,2,4,2,4,3,3,3,4,3,2,4,2,3,4,4,4,1,3,5,4,4,4
121,1,1,2,3,4,4,3,1,4,3,4,3,3,2,5,3,2,4,2,2,4,3,2,2,3,3,4,4,4,4,3,2,3,4,4,2,4,2,3,2,2
122,1,1,1,4,3,1,1,1,4,3,3,3,3,4,4,4,4,3,3,5,3,3,3,3,3,3,4,3,2,2,1,3,3,3,3,3,3,4,4,3,4
123,1,4,3,2,2,1,2,1,4,5,4,4,2,4,4,5,5,5,3,4,4,5,4,4,4,4,4,4,3,5,5,4,2,3,3,3,5,5,4,5,4
124,1,1,1,3,2,3,2,1,4,3,4,4,2,1,3,2,4,3,3,3,3,3,4,3,4,5,5,4,5,5,5,4,2,3,4,3,3,4,3,3,3
125,1,2,3,4,4,2,1,0,3,4,3,2,3,3,4,4,5,5,5,5,3,4,3,3,4,5,3,5,4,4,3,5,2,5,3,3,4,4,4,4,3
126,1,2,1,2,2,2,1,0,2,1,2,3,3,1,3,2,4,4,5,4,4,4,5,4,3,1,2,2,4,4,2,4,3,3,2,3,3,3,3,2,3
127,1,3,2,4,1,1,2,1,4,3,3,3,5,4,4,5,5,5,5,4,5,5,5,5,4,3,4,4,3,3,3,4,4,3,4,5,5,4,5,5,4
128,1,1,1,3,3,1,2,1,4,3,3,4,3,5,3,4,5,4,4,3,4,4,2,4,4,3,3,4,3,1,1,4,3,2,3,3,4,4,4,4,4
129,1,5,2,3,2,4,3,1,3,3,5,3,3,3,4,4,4,4,5,4,4,4,5,4,5,4,5,5,4,3,4,4,3,4,3,4,4,4,4,5,2
130,1,1,1,4,3,1,2,0,4,4,4,3,3,2,4,2,3,4,2,2,3,2,3,4,2,1,2,3,4,4,4,4,3,2,4,2,4,4,3,3,4
131,1,2,3,2,3,3,2,0,2,4,4,3,5,4,3,4,5,4,4,3,4,3,4,4,3,3,4,4,4,4,5,5,4,3,5,3,4,3,4,2,2
132,1,2,2,3,2,1,3,1,3,3,3,3,3,2,2,2,3,2,2,1,4,2,1,2,4,4,3,4,2,2,1,2,2,5,3,2,3,4,4,4,4
133,1,1,2,2,2,1,1,0,2,4,2,2,5,4,4,4,4,5,4,4,3,3,4,3,5,3,3,4,3,3,2,4,4,4,5,5,5,4,4,4,4
134,1,1,1,4,1,1,1,1,5,4,4,4,2,4,2,3,4,3,3,3,4,4,4,5,4,3,3,4,3,4,1,3,4,3,4,4,4,5,5,5,4
135,1,1,2,4,1,2,2,0,2,2,3,3,3,2,4,4,3,3,4,4,3,2,4,3,3,3,3,2,3,2,3,2,2,1,4,2,2,1,2,2,2
136,1,1,2,3,3,2,2,1,4,4,4,4,5,5,4,5,2,2,3,3,3,3,4,2,4,4,3,4,4,3,3,4,3,2,4,3,4,3,2,3,3
137,1,2,1,3,2,4,3,1,4,5,3,5,4,4,4,4,4,4,3,5,4,5,4,4,4,2,4,3,3,2,4,2,4,5,3,5,5,4,5,5,3
138,1,3,2,4,2,4,3,1,2,2,1,3,3,1,3,3,3,4,3,4,4,4,4,4,5,2,2,3,2,2,3,4,3,4,3,2,4,4,4,3,1
139,1,2,3,2,5,3,2,1,4,5,5,5,5,5,4,4,2,4,5,3,4,2,4,4,5,5,5,4,5,4,4,4,5,5,4,5,5,5,5,5,2
140,1,4,3,3,2,3,3,1,3,3,3,3,4,4,3,3,3,5,5,2,5,4,4,5,4,4,3,4,4,4,2,1,2,2,3,2,4,4,3,3,2
141,1,4,3,1,1,3,1,0,4,4,5,4,4,3,3,4,4,4,4,4,4,5,4,4,4,2,4,3,3,4,4,5,5,3,4,3,4,4,5,4,2
142,1,1,3,2,2,2,3,0,2,4,2,3,5,5,5,3,5,4,5,4,4,4,5,3,4,3,5,5,4,1,5,5,3,1,3,2,4,4,4,4,3
143,1,1,1,3,4,1,2,1,3,3,2,2,4,5,4,4,4,5,3,3,5,5,5,5,3,2,4,2,2,2,2,2,2,5,1,3,4,5,4,5,4
144,1,2,1,4,3,2,3,1,3,3,5,4,4,1,3,2,5,5,5,4,2,4,3,4,4,5,3,3,3,3,4,4,3,2,2,3,3,3,3,2,4
145,1,4,2,3,1,3,4,0,3,2,3,2,4,3,4,3,3,4,4,4,5,5,4,5,4,1,4,3,3,3,4,3,4,5,2,3,5,3,3,3,2
146,1,2,2,3,1,2,2,1,3,3,3,4,2,1,3,1,4,4,3,4,4,4,4,4,3,4,3,3,4,4,1,3,2,3,3,3,4,4,4,1,3
147,1,1,3,3,3,2,1,1,3,3,4,2,3,3,3,3,4,4,3,1,3,3,3,3,5,4,3,5,3,3,2,5,4,2,3,3,5,3,3,4,4
148,1,1,1,3,5,2,1,0,2,3,1,4,2,4,3,2,4,3,3,2,4,4,4,4,3,3,4,3,4,4,4,3,4,1,4,3,4,3,4,5,3
149,1,4,1,2,5,4,2,0,4,3,3,2,3,3,1,4,4,5,3,3,2,3,4,3,4,4,4,4,3,3,4,3,3,4,4,4,3,4,4,4,2
150,1,1,1,3,2,2,2,1,5,3,4,4,3,3,3,4,2,2,2,1,4,3,3,4,5,4,4,5,2,1,3,3,4,3,4,4,4,5,5,4,2
151,1,1,3,2,3,2,3,0,4,4,3,2,2,2,1,2,3,2,1,2,3,2,4,2,2,4,2,3,3,5,2,3,4,4,5,3,3,2,2,2,2
152,1,4,3,1,1,4,2,0,3,3,4,3,4,5,4,2,5,5,4,5,4,4,4,4,2,2,2,3,4,4,4,3,4,2,5,4,4,4,4,4,1
153,1,3,2,4,2,2,4,1,4,3,5,3,5,1,4,3,4,4,3,3,3,3,3,3,5,5,5,5,3,3,2,4,3,3,4,3,5,4,5,4,3
154,1,1,4,4,2,4,4,1,3,3,2,3,4,1,4,3,4,5,3,4,2,3,2,4,2,3,3,4,4,4,4,4,4,4,4,3,4,2,3,4,1
155,1,1,2,4,1,1,2,1,3,3,3,4,4,5,4,4,3,3,4,3,4,4,4,4,4,4,4,4,4,4,3,4,4,4,3,4,4,4,4,4,4
156,1,1,1,2,1,2,2,1,3,4,5,5,3,2,3,3,2,3,3,2,5,5,5,5,3,3,4,5,4,4,3,4,3,2,4,4,3,3,4,3,3
157,1,2,3,2,3,3,2,1,5,3,2,3,4,3,3,3,3,4,3,2,5,5,5,4,3,3,3,3,3,4,4,4,2,5,3,4,4,3,2,3,1
158,1,2,1,3,2,2,2,1,2,3,1,2,4,5,4,3,3,2,3,1,3,4,3,3,4,3,4,4,2,4,5,3,4,3,4,2,3,3,2,3,3
159,1,1,2,4,1,2,2,1,4,5,4,5,4,4,5,3,4,5,3,4,5,5,5,5,5,5,3,4,5,4,4,5,4,4,4,4,5,5,5,5,4
160,1,3,3,3,3,3,2,1,4,4,4,4,4,4,5,4,4,5,4,5,4,4,4,3,5,5,5,3,4,3,5,3,4,5,4,5,3,5,4,4,2
161,1,3,4,4,1,3,2,0,3,3,3,2,4,4,3,3,5,4,4,4,3,4,4,4,3,3,3,2,3,4,3,3,3,4,4,4,4,3,4,4,3
162,1,2,1,1,2,2,2,0,4,5,4,3,3,3,4,4,4,4,4,4,4,4,5,4,4,4,5,4,4,4,4,3,4,3,4,3,4,3,4,3,4
163,1,2,2,2,2,2,3,0,4,5,5,4,4,5,5,3,4,4,4,3,4,5,5,5,4,4,5,4,4,5,4,5,5,5,3,3,4,4,5,4,3
164,1,3,2,4,2,2,2,1,4,3,3,2,1,1,1,1,4,3,4,3,4,4,4,4,4,4,3,3,3,3,4,3,4,2,4,3,4,2,2,3,4
165,1,3,1,1,1,2,3,1,2,3,2,3,2,2,3,3,3,4,3,2,4,3,4,2,4,4,3,4,4,4,4,4,3,4,2,3,4,3,2,4,4
166,1,2,2,2,4,4,4,1,5,5,5,5,3,2,2,4,3,4,3,2,5,5,4,5,3,4,5,3,5,4,2,4,4,5,5,4,3,4,4,5,1
167,1,2,3,1,2,4,2,1,3,2,4,3,3,5,5,3,2,4,3,2,5,3,4,4,4,5,2,2,1,1,3,2,4,3,3,3,4,4,4,5,2
168,1,3,4,4,3,2,2,1,4,4,3,4,2,4,3,2,4,4,4,5,3,3,4,4,5,5,5,5,4,4,5,4,4,4,3,3,5,4,5,4,4
169,1,1,2,3,4,2,2,1,3,4,3,3,4,4,4,4,5,4,5,5,4,5,4,4,5,5,4,4,3,3,2,4,3,2,3,3,4,4,5,4,2
170,1,1,1,2,3,1,2,0,3,3,1,1,3,1,2,1,4,3,3,5,2,2,4,4,3,1,3,3,2,3,5,2,5,5,4,4,2,4,3,1,4
171,1,1,3,4,4,2,2,1,4,5,3,4,3,4,3,5,5,4,4,4,4,4,4,4,5,4,4,4,3,4,3,4,2,4,3,3,5,4,4,5,2
172,1,2,1,3,2,1,3,1,4,4,3,4,4,2,1,3,4,1,4,4,3,4,2,3,4,4,4,5,3,3,3,4,3,3,3,4,4,4,4,4,4
173,1,3,4,3,1,2,1,0,4,2,3,4,4,4,5,5,5,5,5,5,3,5,3,3,4,4,4,4,5,5,5,5,5,5,5,5,5,5,4,5,4
174,1,1,2,4,3,2,3,1,2,4,2,4,4,3,5,3,4,4,3,4,3,4,3,4,5,5,5,5,5,5,4,5,2,3,3,3,4,3,3,3,2
175,1,3,3,3,1,2,1,0,4,3,4,5,4,3,5,4,4,5,5,4,3,2,1,2,4,4,5,4,5,5,5,5,5,4,5,4,5,4,4,4,3
176,1,3,3,4,3,2,4,0,3,2,2,3,3,5,4,5,4,4,2,3,4,4,4,4,3,4,3,2,1,3,2,2,5,4,5,5,4,3,4,4,3
177,1,1,2,3,3,2,3,1,4,3,3,4,3,5,4,3,5,5,4,4,4,4,4,4,4,3,5,4,2,2,2,3,3,1,2,2,4,3,4,2,4
178,1,2,2,2,1,1,3,1,5,4,4,4,3,3,2,4,2,4,4,3,4,4,2,2,5,4,4,4,3,2,2,2,4,3,3,5,5,4,5,4,4
179,1,1,2,2,2,1,2,0,4,5,4,4,4,2,5,4,4,4,4,4,3,3,4,4,3,3,3,4,2,4,3,2,4,4,3,4,4,4,4,4,4
180,1,1,2,2,5,1,4,1,1,4,2,5,5,3,5,4,3,4,4,4,3,3,2,4,4,3,3,3,4,4,5,2,2,1,3,4,4,4,2,2,4
181,1,2,2,3,2,1,1,1,4,5,4,5,2,2,3,1,3,3,3,3,5,3,5,5,5,4,4,4,5,5,4,5,2,4,2,4,5,4,4,5,4
182,1,2,1,3,2,2,3,1,4,4,3,4,3,1,4,2,4,3,2,4,4,4,4,4,4,4,4,3,3,4,3,2,2,1,2,2,3,3,4,4,3
183,1,3,2,4,1,2,3,1,3,4,4,4,4,2,4,3,3,2,4,4,5,4,5,4,4,4,4,3,2,1,1,4,3,3,4,3,4,4,5,4,4
184,1,2,2,3,2,1,2,1,3,2,1,2,4,4,5,4,3,3,3,3,4,3,3,3,3,2,3,3,4,5,3,5,4,4,4,4,2,5,3,2,4
185,1,3,4,3,3,3,4,0,2,4,3,3,2,4,3,2,4,3,3,2,4,5,5,5,3,2,2,5,4,3,1,4,3,2,4,4,4,3,4,4,3
186,1,1,1,3,1,4,4,0,2,2,3,2,4,4,4,4,4,4,3,4,4,4,4,4,4,5,4,4,4,2,5,4,3,1,2,1,3,4,3,2,1
187,1,2,3,2,1,2,3,1,3,4,4,4,3,1,4,4,4,4,4,4,2,3,5,3,4,2,4,3,4,4,4,4,4,3,4,2,4,3,4,2,3
188,1,2,1,3,1,3,4,1,3,3,2,2,2,1,2,1,2,2,4,1,4,3,4,4,5,4,3,3,3,1,2,3,2,3,2,3,3,3,2,2,1
189,1,2,2,3,1,2,4,1,3,2,3,1,4,3,4,2,4,3,4,4,3,5,3,3,4,4,3,4,4,3,3,3,4,4,3,3,3,2,3,2,3
190,1,1,3,3,2,2,4,1,1,2,2,2,4,4,3,2,2,3,1,1,4,4,4,4,4,4,3,2,4,3,3,3,3,2,3,2,4,3,3,3,3
191,1,3,4,3,3,2,2,1,4,4,4,5,2,2,4,2,3,4,3,2,5,4,3,3,3,3,3,4,3,3,3,2,3,2,4,3,3,4,4,3,2
192,1,1,2,4,1,2,1,1,3,4,2,4,3,1,3,1,3,4,4,3,4,4,4,4,5,4,3,4,3,4,3,4,5,3,4,4,4,4,3,4,3
193,1,3,1,4,4,2,2,1,4,2,5,4,4,4,5,5,2,4,4,4,5,4,5,4,4,5,4,5,4,5,4,4,4,4,5,4,5,4,5,5,4
194,1,1,1,3,3,3,2,0,2,2,2,2,2,2,2,1,4,4,4,3,4,3,2,3,4,3,4,3,1,1,3,2,2,1,2,2,3,2,4,3,1
195,1,2,2,2,2,3,2,0,3,3,4,3,3,1,3,5,5,3,3,3,4,3,3,5,3,3,4,3,4,3,2,3,4,3,4,5,3,4,3,3,2
196,1,4,3,4,2,3,2,0,3,3,4,3,3,4,5,4,4,4,4,4,3,4,4,3,4,4,4,3,3,4,3,2,4,4,5,5,3,4,3,4,2
197,1,2,2,4,3,1,1,0,4,4,3,5,4,5,5,4,5,3,5,5,4,3,4,4,5,4,4,4,4,3,4,4,2,3,3,5,4,4,4,4,4
198,1,1,2,2,3,2,4,1,3,3,2,2,2,4,3,2,3,3,3,2,4,3,4,4,4,2,3,4,1,1,2,2,4,5,2,3,3,3,1,2,2
199,1,3,2,3,1,3,4,1,4,4,3,4,4,4,4,4,4,3,3,3,4,4,3,4,5,5,5,4,4,4,5,4,3,3,3,4,4,5,5,5,2
200,1,1,1,3,1,2,2,1,4,4,3,3,5,5,5,5,4,5,2,5,5,4,4,3,5,4,5,4,5,4,5,4,3,3,4,4,5,5,5,4,4
201,1,4,2,1,2,3,3,0,5,4,5,4,3,2,2,2,3,2,3,3,3,3,3,2,2,4,4,4,2,3,2,4,4,4,4,3,3,2,3,2,2
202,1,3,4,2,2,4,2,1,3,3,4,3,4,1,5,4,5,5,4,4,5,4,4,4,4,4,5,5,3,4,3,4,4,4,4,5,4,4,3,2,1
203,1,2,2,4,1,3,3,0,3,2,3,4,3,3,3,2,4,2,2,2,4,4,3,4,2,3,1,2,3,3,4,1,3,2,3,4,2,3,2,2,3
204,1,1,1,3,1,2,4,1,4,4,3,4,4,3,4,1,5,3,4,4,4,4,4,4,2,3,4,3,4,2,4,3,3,4,3,5,3,1,3,3,2
205,1,1,2,4,1,2,2,1,3,1,2,3,3,4,4,4,4,4,3,4,2,3,5,3,4,3,4,3,4,4,3,3,3,3,4,4,3,3,1,3,4
206,1,2,2,2,2,1,2,1,3,3,3,3,4,2,3,3,3,2,3,3,4,3,4,4,3,4,3,5,1,3,1,3,4,3,4,5,4,5,4,2,4
207,1,1,2,1,2,3,1,0,2,4,3,4,2,2,2,2,2,3,2,2,3,3,4,3,3,4,4,4,3,1,1,3,1,1,2,2,2,2,2,2,3
208,1,1,3,3,1,2,2,0,2,5,5,3,4,2,3,3,5,5,5,5,5,4,3,4,5,4,5,5,5,4,4,4,3,3,3,3,4,4,4,5,3
209,1,5,2,2,1,3,2,0,4,3,3,2,1,1,2,2,4,4,4,4,4,4,4,3,3,3,3,3,3,2,2,3,3,3,4,3,2,3,3,4,3
210,1,4,3,2,2,3,2,1,2,4,3,3,5,4,4,4,4,4,3,2,3,3,2,2,2,1,3,1,2,4,4,2,3,4,3,3,4,3,2,3,1
211,1,1,2,4,5,1,2,0,3,3,3,2,3,3,3,4,2,1,1,1,3,3,3,3,4,3,4,3,4,4,3,4,3,3,2,3,4,5,2,3,4
212,1,2,3,2,1,2,3,1,4,5,4,3,4,4,4,5,5,5,5,4,4,4,4,3,4,3,4,3,5,3,3,1,4,5,4,4,5,5,5,4,3
213,1,2,2,3,4,2,4,0,3,4,4,5,4,4,4,5,4,2,4,1,5,5,5,5,4,4,4,4,4,4,3,4,4,5,5,5,3,4,4,4,3
214,1,2,1,3,5,2,3,0,3,3,4,2,3,3,3,4,4,3,3,1,4,4,4,3,5,4,5,4,2,2,2,3,2,1,4,3,3,3,3,4,2
215,1,1,1,2,1,1,2,0,4,2,3,2,5,3,4,4,4,4,4,4,4,4,4,3,4,3,2,2,3,3,3,2,3,2,3,3,3,4,4,5,4
216,1,1,1,2,5,1,3,1,4,3,5,3,4,1,3,3,4,5,4,3,5,4,5,5,3,4,3,4,5,4,4,4,4,4,4,3,4,4,4,4,4
217,1,1,1,2,4,3,2,1,3,3,2,3,4,2,3,5,4,2,2,3,4,4,3,5,4,5,4,4,3,3,4,4,3,3,2,2,4,3,4,3,2
218,1,1,4,4,1,1,4,1,3,4,3,4,3,5,3,2,4,3,3,4,4,3,3,4,1,1,3,2,3,3,3,3,3,2,2,2,2,4,4,4,4
219,1,1,2,3,5,2,3,1,4,4,4,4,4,5,4,4,4,4,4,2,5,4,3,4,3,3,4,3,3,4,3,2,4,3,5,4,3,4,4,4,4
220,1,4,2,2,3,2,3,1,4,4,5,4,4,5,3,3,5,5,4,5,5,5,5,5,4,3,4,3,4,4,4,5,4,4,4,5,4,4,4,4,3
221,1,1,1,3,2,1,3,1,4,4,4,4,4,3,2,3,4,4,3,2,4,4,4,4,3,3,3,2,3,3,3,3,2,3,3,4,5,4,4,4,4
222,1,4,3,2,1,1,2,1,4,3,4,4,4,3,3,2,3,3,3,5,4,4,4,5,3,3,3,3,3,3,2,1,5,5,4,5,4,4,5,4,4
223,1,2,2,2,1,1,4,1,2,4,3,4,4,2,3,3,5,4,5,5,5,4,4,3,4,4,4,5,5,5,4,4,3,2,3,2,5,5,4,4,4
224,1,2,1,2,1,1,3,1,4,2,4,3,4,2,4,4,3,2,3,3,2,1,2,1,2,1,2,2,4,3,2,2,5,4,5,4,4,5,3,3,4
225,1,2,1,3,5,2,4,0,4,4,5,4,3,5,5,2,4,3,4,4,4,2,4,3,4,2,5,4,2,2,2,3,5,4,5,5,2,4,4,3,4
226,1,1,1,3,1,2,1,0,4,3,4,3,4,4,4,3,4,3,3,4,3,5,3,2,4,3,3,3,4,4,3,3,3,1,2,2,4,3,2,4,3
227,1,2,1,4,4,2,3,0,3,4,4,4,4,3,4,3,3,4,4,4,4,4,5,3,5,5,5,4,5,5,5,5,3,3,3,3,5,5,4,5,3
228,1,3,2,4,3,2,2,1,4,4,4,3,5,3,5,3,4,5,4,4,4,5,5,4,4,5,4,4,4,5,4,4,4,1,4,4,5,3,4,4,3
229,1,2,1,3,4,2,2,1,3,3,3,4,5,3,3,2,3,3,5,3,3,3,2,3,3,3,4,3,5,5,5,4,3,2,3,4,4,3,3,3,4
230,1,3,3,3,1,3,2,0,4,5,4,5,4,3,4,4,3,4,4,3,4,3,3,4,5,3,4,4,4,5,2,4,4,5,5,3,5,3,4,4,2
231,1,4,4,4,4,2,2,1,4,5,4,4,5,5,4,5,4,4,3,5,4,4,4,3,5,3,3,5,3,4,3,4,4,4,4,5,5,5,5,5,3
232,1,2,1,3,1,1,3,0,4,2,4,2,4,5,2,3,2,3,3,2,4,3,4,3,4,3,4,1,4,4,4,3,3,5,4,5,4,4,5,4,4
233,1,2,1,1,2,3,4,1,4,3,4,3,4,4,5,5,4,5,5,5,4,5,4,4,5,4,3,3,5,5,5,5,4,2,4,4,3,4,3,4,3
234,1,4,4,4,2,3,4,1,4,3,1,4,4,5,4,3,3,3,3,4,4,3,4,4,2,3,3,1,4,4,3,4,3,3,4,3,3,4,4,4,1
235,1,2,1,3,5,2,2,1,2,5,3,3,2,2,4,2,4,3,3,3,5,5,5,5,4,5,5,5,4,5,4,3,3,3,3,3,4,4,4,3,3
236,1,1,2,1,2,3,1,0,3,4,2,4,2,3,3,2,2,1,2,1,3,4,3,3,2,4,2,1,3,3,2,2,3,5,3,4,2,2,2,2,2
237,1,3,3,4,4,3,1,0,5,5,4,5,2,3,4,4,5,5,5,3,3,4,4,3,5,5,5,4,5,5,3,5,4,3,4,4,5,5,2,5,3
238,1,1,2,4,2,1,2,0,2,4,3,4,2,1,2,2,4,1,3,3,4,2,4,2,4,4,4,3,2,1,1,3,4,5,5,5,3,4,5,3,4
239,1,3,2,4,1,2,4,0,3,5,4,5,4,2,2,2,4,3,5,1,5,5,5,5,5,4,5,5,2,3,3,4,5,5,5,4,4,4,4,5,4
240,1,3,4,3,4,3,1,0,2,1,2,1,4,5,4,4,4,3,5,4,3,3,2,3,4,4,4,3,3,3,2,3,3,4,3,4,2,3,3,3,1
241,1,2,4,4,1,4,1,0,3,3,5,5,2,4,3,4,3,3,2,2,5,5,4,5,3,4,3,4,3,2,4,3,5,5,4,4,4,4,4,4,2
242,1,4,1,3,5,1,1,1,5,4,4,5,4,2,3,4,3,4,2,3,4,3,4,5,5,5,4,3,4,5,3,5,4,5,5,5,5,4,4,5,4
243,1,2,2,2,1,2,2,1,5,5,5,4,5,5,4,4,4,4,3,5,4,3,4,4,5,4,5,4,5,4,5,5,4,4,5,3,4,4,4,4,3
244,1,2,2,3,2,4,3,1,5,4,3,5,4,4,4,5,3,3,1,2,5,4,5,5,4,3,3,4,3,3,1,4,4,3,3,3,3,4,4,4,2
245,1,1,1,3,2,2,2,1,3,4,3,2,2,3,1,2,2,3,3,4,4,2,5,4,4,3,2,2,3,2,4,1,4,2,2,3,3,3,2,1,3
246,1,1,1,4,4,2,2,1,4,4,3,4,3,2,4,3,4,4,5,4,4,3,3,4,3,3,3,2,4,4,5,3,3,4,3,2,4,5,3,3,4
247,1,4,2,3,3,2,1,1,3,2,2,2,4,3,3,3,4,3,4,3,4,4,4,4,4,3,4,3,3,3,2,3,4,5,4,4,3,3,3,3,3
248,1,4,3,2,1,2,2,1,3,3,4,2,4,5,4,2,4,2,3,3,5,5,4,4,2,4,2,1,3,3,2,3,4,3,4,4,2,3,3,3,4
249,1,1,2,3,4,3,2,1,5,5,5,5,4,3,3,4,4,3,4,3,5,5,5,4,5,5,5,5,4,4,4,4,4,4,3,4,5,5,4,5,2
250,1,2,1,2,2,2,2,0,5,3,4,3,5,5,5,4,5,5,4,5,4,5,5,5,4,4,5,4,5,4,3,4,3,4,3,3,5,5,5,5,4
251,1,3,4,4,1,2,3,1,2,2,3,2,4,5,4,4,3,3,4,4,5,4,5,5,3,3,3,4,3,3,3,4,2,3,3,1,3,3,4,5,4
252,1,1,2,2,3,4,2,0,2,4,4,4,3,2,2,2,4,4,5,4,5,5,5,4,3,4,3,4,4,3,4,3,1,3,2,2,2,1,3,3,1
253,1,3,4,2,2,3,2,0,4,4,5,4,3,3,4,4,5,4,3,3,5,5,5,4,5,5,4,3,5,5,3,3,5,4,4,3,5,4,3,5,2
254,1,2,1,3,1,4,1,0,3,3,3,3,4,2,3,2,4,3,4,1,1,3,3,2,4,3,2,3,5,3,3,4,4,3,4,4,3,2,3,1,1
255,1,1,4,4,3,3,2,1,5,4,5,5,4,3,4,4,4,4,4,5,4,3,1,2,5,4,5,4,1,2,1,3,3,4,4,4,5,4,4,4,3
256,1,2,2,1,2,3,3,0,3,3,3,2,4,2,4,4,5,3,3,5,5,4,3,5,3,3,4,3,3,2,3,1,3,3,2,3,3,3,3,3,2
257,1,1,2,3,2,2,1,1,4,3,2,3,2,3,1,2,2,3,3,2,3,4,4,4,2,3,2,2,4,3,1,3,3,3,2,2,3,1,3,1,2
258,1,3,3,2,2,2,3,0,4,4,4,3,4,5,4,4,4,3,3,4,4,4,4,4,3,4,4,5,4,4,5,5,2,4,4,3,3,4,4,3,3
259,1,2,1,4,2,2,3,0,4,4,4,4,3,2,4,3,3,2,4,5,4,4,3,3,3,4,4,2,1,2,1,2,4,3,2,3,3,3,3,3,4
260,1,3,1,4,1,2,4,1,3,4,3,2,3,4,2,3,4,4,3,3,5,4,4,5,4,3,3,3,5,4,4,4,4,3,4,4,4,3,4,4,3
261,1,1,1,3,1,2,1,1,4,3,3,4,5,5,5,4,3,4,3,3,5,5,4,5,4,4,5,3,4,3,4,4,3,4,4,3,5,4,5,3,2
262,1,4,3,3,1,4,3,1,5,4,3,4,2,5,3,3,4,5,3,4,5,5,4,4,4,4,4,4,2,2,3,3,5,5,4,5,4,5,5,5,1
263,1,1,1,1,3,2,1,0,5,4,4,4,3,1,2,2,4,4,3,4,4,3,3,4,4,4,2,4,5,4,4,4,3,2,3,3,5,4,3,4,3
264,1,2,1,3,1,1,3,1,4,4,5,4,4,3,4,5,5,4,4,4,4,5,4,4,4,4,4,4,2,4,2,4,4,2,4,4,4,4,5,4,4
265,1,2,3,1,4,2,2,1,5,5,5,5,4,4,3,4,3,4,3,4,4,4,4,4,4,5,4,3,4,4,3,5,5,5,5,5,5,5,5,4,4
266,1,5,2,3,1,1,2,1,4,4,4,4,5,5,5,5,5,5,4,4,4,4,4,4,3,4,4,4,3,5,3,5,3,3,3,3,3,5,4,4,4
267,1,1,1,3,2,1,2,1,4,4,4,5,4,5,4,4,3,4,4,2,5,4,5,4,4,4,4,5,5,4,4,5,5,5,5,5,5,4,5,5,4
268,1,1,2,3,4,1,2,1,4,3,4,3,4,2,4,3,4,2,4,3,5,5,3,3,4,4,4,3,4,2,3,4,5,4,4,4,4,4,5,4,4
269,1,1,2,4,2,2,3,0,2,3,2,3,4,4,4,4,4,5,3,4,3,2,2,3,3,3,5,2,4,4,5,4,2,4,3,2,3,4,4,4,3
270,1,1,4,2,1,2,2,0,3,3,3,5,2,3,3,3,3,2,2,4,5,3,4,5,4,4,5,5,3,3,3,3,3,3,4,4,3,3,4,3,3
271,1,2,1,2,4,4,4,1,1,4,3,3,2,4,4,2,4,4,5,5,2,2,2,3,4,2,4,2,3,4,3,3,4,2,1,4,2,1,3,1,1
272,1,2,2,4,2,2,2,1,4,3,2,4,3,4,2,3,4,3,4,4,5,5,5,5,2,2,3,2,3,5,1,4,1,2,1,2,4,3,4,3,4
273,1,5,1,4,1,1,4,1,1,3,3,2,2,2,3,4,3,3,3,4,3,3,4,3,4,3,4,4,4,3,4,4,3,2,4,2,3,4,3,2,4
274,1,1,1,2,1,1,1,1,5,5,4,5,4,4,5,4,5,3,3,3,3,3,3,3,4,3,4,4,5,4,3,3,3,1,4,3,4,4,4,3,4
275,1,3,1,4,4,1,2,1,5,5,5,4,3,4,4,4,5,4,4,5,4,4,3,3,4,4,4,4,3,4,2,4,4,3,5,3,4,4,4,4,4
276,1,3,3,2,2,3,3,1,3,3,4,3,4,3,4,4,3,5,5,3,4,5,4,5,3,4,4,4,4,5,4,5,4,5,5,5,5,5,5,5,3
277,1,1,3,1,2,2,2,0,2,3,3,3,4,3,4,3,5,4,4,3,3,3,4,3,3,4,3,1,2,2,1,2,4,4,4,5,3,4,3,3,3
278,1,2,2,3,2,1,2,1,4,3,4,4,4,3,4,4,4,4,3,3,5,4,4,4,5,4,4,4,4,5,5,5,4,4,4,3,4,5,5,5,4
279,1,1,1,4,1,3,3,1,3,2,3,4,5,4,4,4,4,5,5,4,4,5,5,4,3,3,4,4,5,4,4,4,5,5,5,4,5,5,4,4,3
280,1,2,1,2,2,2,2,1,4,3,3,4,4,4,4,3,5,4,5,4,3,3,3,2,4,5,4,5,4,2,4,4,4,1,3,2,4,4,5,5,3
281,1,4,4,2,1,3,3,1,3,4,4,4,5,5,5,3,5,4,4,3,4,5,4,5,5,5,5,5,5,5,4,4,4,3,4,4,5,5,4,5,1
282,1,4,2,3,1,1,3,1,2,3,1,3,2,5,4,4,3,3,3,5,5,4,4,4,5,4,5,5,2,3,1,4,3,1,3,1,4,4,4,4,4
283,1,1,2,2,3,2,4,0,2,2,1,1,4,4,4,4,3,3,4,4,2,4,4,3,2,2,2,1,1,1,1,2,4,4,3,3,4,1,3,2,4
284,1,2,2,4,1,1,3,0,4,3,4,4,4,4,4,4,4,5,5,5,3,3,4,3,5,5,5,5,4,4,3,5,5,2,4,4,4,5,4,5,4
285,1,4,3,4,1,4,2,1,5,5,5,5,4,2,4,3,5,4,5,5,4,4,4,4,5,5,5,4,3,4,4,5,4,5,5,5,5,5,5,5,1
286,1,2,1,3,2,1,1,0,5,4,4,5,3,3,3,4,3,2,2,4,4,4,4,3,4,5,5,5,4,3,3,3,3,3,4,4,4,4,4,4,4
287,1,3,4,4,2,4,2,1,4,4,5,5,4,5,5,4,4,4,4,5,4,3,4,5,5,4,5,4,4,5,3,4,4,2,4,3,4,3,4,3,1
288,1,1,2,4,2,3,4,1,5,3,5,4,4,3,3,3,4,2,2,5,2,3,3,2,4,4,5,4,3,5,3,3,4,3,3,2,4,3,3,4,2
289,1,2,4,2,1,1,2,1,4,2,3,2,3,3,3,2,3,3,3,2,4,3,4,4,2,1,1,2,2,4,2,4,3,3,3,4,3,4,3,4,4
290,1,1,2,3,1,3,3,0,3,4,4,4,5,3,4,5,5,5,5,4,4,5,4,5,4,3,2,4,4,4,4,5,4,3,5,4,5,2,4,3,1
291,1,4,4,1,1,2,2,1,4,3,4,3,5,4,5,5,5,5,5,4,3,4,4,5,2,3,4,4,4,2,3,3,5,3,4,2,5,4,4,4,4
292,1,2,1,1,1,2,4,0,4,5,4,5,5,5,3,4,3,4,2,4,5,5,5,4,4,4,4,4,3,4,3,5,3,3,4,4,5,5,5,4,2
293,1,2,2,3,2,3,3,1,4,4,4,4,5,4,4,4,5,5,4,5,4,4,4,3,4,3,5,4,3,4,2,4,4,3,2,3,4,4,4,4,1
294,1,2,1,1,1,2,1,0,3,2,3,2,4,3,4,3,5,4,3,4,3,4,4,4,3,2,2,3,5,5,5,3,4,3,4,4,3,2,3,3,4
295,1,2,1,2,5,2,4,0,4,4,4,5,1,2,3,1,4,4,2,2,3,3,2,3,5,5,4,3,4,4,3,3,3,3,2,3,4,4,3,4,2
296,1,2,1,2,1,1,2,1,4,3,1,3,4,4,4,5,4,4,3,3,3,3,4,4,3,3,3,3,5,5,5,4,3,1,4,3,4,5,4,4,4
297,1,1,3,3,1,2,3,0,4,4,2,4,4,5,4,5,4,4,5,4,4,5,5,5,3,4,4,5,3,4,3,3,3,2,3,2,4,5,5,4,4
298,1,3,2,3,1,3,2,1,5,4,5,5,5,4,5,5,4,4,4,4,4,4,4,5,5,5,4,4,4,2,3,4,4,3,3,4,4,4,5,5,3
299,1,2,1,3,1,1,2,1,2,2,3,4,5,4,4,4,5,4,5,3,2,3,3,2,4,2,4,2,4,2,2,5,3,3,3,4,4,4,3,3,4
300,1,1,2,3,2,1,2,1,5,4,5,5,4,3,3,4,3,3,4,1,4,4,3,3,4,4,4,3,3,4,4,3,4,4,4,2,4,5,4,5,4
301,1,2,1,4,4,2,4,1,4,2,2,3,1,4,3,1,5,4,4,2,4,3,4,3,2,3,2,3,4,2,1,2,4,3,4,3,3,3,3,3,3
302,1,3,3,4,3,2,1,0,4,2,4,4,5,3,5,4,5,5,5,4,5,4,5,4,5,5,5,5,4,3,5,5,5,5,5,4,5,5,5,5,3
303,1,1,2,3,3,4,2,1,4,4,3,4,4,4,4,3,3,3,2,2,4,5,4,5,4,3,3,3,5,3,3,3,2,3,3,4,4,4,4,2,2
304,1,1,2,3,5,2,1,0,5,2,4,4,5,2,3,5,5,4,4,3,3,2,3,3,4,3,4,5,3,3,3,3,2,4,2,1,3,5,3,4,4
305,1,2,1,2,3,3,3,1,4,5,2,2,2,3,4,3,4,4,4,3,2,1,1,3,4,3,3,3,4,3,2,3,4,2,4,4,3,2,2,1,3
306,1,1,2,1,3,1,3,1,4,4,3,4,2,4,3,4,4,3,2,3,4,4,4,3,2,1,2,1,3,2,2,2,2,2,3,2,2,4,3,1,4
307,1,2,3,2,2,3,2,1,5,5,5,5,4,4,4,4,4,5,4,5,4,3,2,4,4,3,3,3,4,3,4,4,5,4,4,4,5,5,5,4,1
308,1,1,2,2,4,1,2,1,3,5,5,5,3,4,3,3,3,2,3,3,4,2,3,3,4,4,4,2,3,4,3,4,3,4,3,4,4,4,4,3,4
309,1,2,2,3,2,3,2,0,3,4,3,2,5,4,4,4,5,5,5,5,1,3,3,2,5,5,4,5,5,4,3,5,4,3,3,3,4,4,4,3,3
310,1,1,1,4,1,1,1,1,3,4,4,4,4,4,4,3,4,3,4,5,4,4,4,5,4,5,4,5,1,3,2,1,3,3,3,4,5,4,4,5,4
311,1,1,2,4,1,2,4,1,1,3,3,3,3,1,3,3,3,3,1,2,3,3,3,2,3,2,3,2,2,2,3,3,3,3,3,3,2,1,1,2,3
312,1,1,1,2,2,1,3,0,3,1,4,2,5,4,5,5,4,5,4,5,5,5,5,5,5,5,5,4,3,5,3,4,3,5,3,3,5,4,4,4,4
313,1,2,1,2,5,3,2,1,3,3,3,4,3,3,5,2,5,5,3,5,4,4,3,5,4,4,4,4,3,3,4,3,4,3,4,3,4,2,4,4,3
314,1,2,1,4,5,3,3,1,3,2,3,4,5,4,4,4,3,3,4,3,4,4,4,2,3,4,3,3,4,4,2,4,4,4,3,4,4,3,3,3,2
315,1,1,3,3,1,4,2,1,4,3,3,4,4,4,5,5,4,4,4,3,5,5,4,4,4,4,3,3,3,3,1,5,5,5,5,5,4,4,4,4,1
316,1,3,2,4,1,1,2,0,3,3,2,2,1,1,2,1,1,3,1,1,3,4,4,4,2,2,3,3,4,3,1,5,4,2,3,3,3,4,3,3,4
317,1,2,1,2,5,1,2,1,4,3,2,1,4,2,3,2,4,4,4,3,2,2,3,4,3,4,4,4,5,4,5,5,3,2,2,3,3,4,4,4,4
318,1,2,1,2,2,3,1,0,3,3,3,3,4,3,3,3,5,4,4,2,4,4,4,4,4,4,4,1,2,2,3,4,3,3,3,3,4,4,4,4,2
319,1,1,1,3,3,1,2,1,5,4,4,5,3,5,5,4,5,5,5,5,4,4,5,3,4,4,4,4,3,3,5,4,3,4,4,4,4,5,4,5,4
320,1,2,1,2,1,2,3,1,4,4,4,4,4,5,4,3,3,3,4,4,4,4,4,2,3,4,3,3,3,5,3,4,4,4,4,4,3,3,4,4,2
321,1,1,4,2,3,2,1,0,3,2,1,3,4,3,4,3,4,4,5,4,4,5,5,4,3,3,3,3,3,2,4,4,3,2,3,2,5,3,4,3,3
322,1,1,1,3,1,3,3,0,5,5,3,4,4,4,4,4,1,4,1,2,4,4,4,4,4,5,4,4,2,2,3,4,5,5,4,4,4,4,4,2,3
323,1,1,2,4,2,2,4,1,5,3,4,4,4,1,3,3,3,2,4,4,4,4,3,4,4,5,2,3,4,3,4,4,4,4,4,3,4,3,4,2,4
324,1,3,3,4,4,3,1,1,4,3,4,3,5,3,4,4,4,3,4,4,2,3,3,3,4,4,4,4,5,5,5,4,3,5,4,5,4,4,2,4,2
325,1,2,1,2,5,2,2,0,2,3,2,3,3,3,4,5,2,3,3,3,3,2,2,3,2,2,3,2,2,2,4,2,5,4,4,5,3,3,3,2,3
326,1,4,2,4,2,1,1,1,3,4,1,3,4,2,5,4,3,4,3,3,4,3,3,2,3,4,4,2,3,4,4,3,4,5,4,3,5,4,4,4,4
327,1,1,1,2,2,1,4,1,4,4,3,4,2,3,4,3,3,3,3,4,5,4,4,4,4,3,3,3,4,5,3,4,4,3,4,4,5,5,4,5,4
328,1,2,2,3,2,2,4,0,3,4,3,4,3,3,4,3,4,4,4,3,2,3,4,4,5,5,5,4,4,5,3,4,3,4,4,4,4,2,4,4,2
329,1,3,4,3,4,3,3,1,3,3,3,4,4,4,5,2,4,4,4,4,5,4,5,4,5,4,4,4,2,2,1,2,4,5,3,4,5,5,3,5,3
330,1,4,3,3,5,2,2,1,5,4,4,4,5,5,4,5,5,4,5,5,4,5,4,3,2,3,4,4,3,3,2,2,4,5,2,4,4,4,4,4,4
331,1,3,3,4,2,4,2,0,2,3,2,3,2,4,2,2,3,4,3,3,3,3,4,4,3,3,3,3,2,2,2,3,3,3,4,4,4,3,3,4,1
332,1,1,1,3,2,2,4,1,2,3,5,4,5,5,5,5,4,5,4,3,5,5,5,5,4,3,4,2,4,3,2,3,3,4,4,4,4,2,4,3,3
333,1,3,3,4,1,4,4,0,4,2,4,3,4,5,3,4,1,4,2,3,4,2,2,3,3,3,3,3,4,3,5,1,2,2,3,1,4,5,4,4,1
334,1,1,3,2,1,3,2,0,4,3,3,4,1,3,2,1,4,2,4,3,2,2,1,2,2,3,3,3,2,2,4,2,2,1,3,2,3,2,3,2,2
335,1,2,2,3,1,2,2,1,2,3,1,2,4,3,4,4,4,3,4,5,4,5,4,5,5,5,4,3,2,4,4,4,3,4,4,4,2,3,2,2,4
336,1,1,1,3,1,3,2,1,4,4,4,5,3,4,4,3,3,3,4,4,3,3,3,4,4,4,4,3,4,4,3,5,3,4,3,3,4,5,4,4,3
337,1,1,1,2,4,1,2,1,5,4,5,5,5,3,4,4,2,4,2,2,4,4,4,4,4,2,3,3,5,5,5,5,4,3,4,3,4,5,4,4,4
338,1,1,2,2,3,3,3,0,5,5,3,5,5,5,5,3,5,4,4,5,5,5,5,4,3,2,3,4,4,3,3,5,4,5,5,4,5,5,5,5,2
339,1,1,1,3,4,1,2,1,3,4,4,4,2,3,3,2,3,2,2,2,4,3,2,3,5,5,4,5,3,4,2,4,4,2,3,2,4,4,4,4,4
340,1,3,3,3,1,2,3,0,4,4,4,4,5,5,4,3,3,4,2,3,4,4,4,4,5,5,5,5,2,3,3,4,4,5,4,3,5,3,5,4,2
341,1,2,1,2,1,2,3,0,3,2,3,3,4,3,3,4,3,3,4,2,4,4,4,4,4,3,3,3,2,3,2,3,4,3,2,3,2,3,2,2,3
342,1,1,1,4,3,4,1,0,5,3,3,3,3,3,3,3,2,4,4,4,4,3,4,3,4,3,4,4,4,4,4,4,3,3,4,4,4,3,4,3,1
343,1,1,1,1,3,1,2,1,4,4,3,4,4,3,4,4,2,3,4,2,5,5,5,5,4,4,4,5,4,5,4,5,3,3,4,3,5,5,5,5,4
344,1,1,1,3,4,2,2,1,4,4,5,4,4,1,3,5,5,3,3,4,2,4,3,3,4,5,4,5,4,4,3,5,4,3,4,4,4,3,4,4,2
345,1,2,2,3,2,2,1,1,5,5,3,5,5,4,4,4,4,4,4,5,4,4,4,4,4,4,3,4,2,2,4,4,5,5,5,5,4,4,5,4,4
346,1,2,1,3,3,3,4,0,3,2,3,4,4,3,3,4,5,4,3,3,4,5,5,4,5,5,5,4,3,1,2,2,4,3,2,4,3,4,4,3,3
347,1,1,4,1,1,3,1,1,4,4,3,4,4,3,4,3,3,5,4,2,4,4,4,4,4,3,4,4,4,3,4,4,3,3,2,2,3,4,4,4,2
348,1,2,2,3,2,2,3,0,2,3,2,2,3,4,2,5,3,4,3,4,4,4,5,5,4,3,5,5,3,3,5,5,5,3,5,4,3,3,2,4,3
349,1,2,1,1,1,1,2,1,4,4,4,5,3,1,4,4,3,4,3,4,4,4,2,4,3,3,3,2,5,4,2,4,5,4,5,4,4,4,3,5,4
350,1,1,4,4,2,2,2,1,4,5,5,4,5,4,5,3,2,3,1,2,4,5,5,5,4,4,3,4,3,4,2,3,3,5,4,3,5,3,5,5,2
351,1,3,3,3,3,3,2,1,3,3,3,4,2,3,3,4,3,4,3,4,4,4,3,4,2,2,4,2,4,4,2,2,4,1,4,5,4,4,4,3,2
352,1,1,2,4,3,2,3,1,1,4,2,3,3,5,3,2,3,4,2,4,3,4,4,5,2,2,2,2,5,4,4,4,3,3,4,4,3,3,1,4,3
353,1,1,1,2,1,1,3,0,3,3,3,3,5,5,4,5,3,5,4,5,3,3,3,3,5,5,5,5,2,3,1,4,4,3,5,4,4,5,4,4,4
354,1,1,1,4,3,3,2,1,4,3,3,4,5,4,5,4,3,4,5,4,3,4,5,4,4,2,3,4,4,4,2,4,3,3,3,3,4,4,5,4,1
355,1,1,1,3,3,2,3,1,4,4,4,4,2,4,2,3,3,3,4,3,4,4,4,5,3,3,4,4,4,4,4,4,2,1,1,3,4,4,4,2,4
356,1,1,2,3,2,2,3,0,5,4,4,4,5,3,4,3,3,4,3,5,5,3,3,4,5,4,4,4,5,5,4,4,5,2,2,2,5,4,4,4,4
357,1,2,1,3,2,2,2,1,3,5,2,4,2,3,4,2,2,2,1,2,4,3,4,3,4,4,5,4,5,4,4,5,4,4,4,3,3,3,3,3,4
358,1,3,3,3,3,2,2,1,4,3,3,4,3,3,3,3,2,2,1,1,3,2,4,4,3,3,3,4,3,3,2,3,1,2,1,1,3,4,3,3,3
359,1,2,3,1,1,1,2,1,3,4,4,4,2,3,2,1,5,4,4,4,3,2,4,3,3,3,4,4,5,2,4,3,4,4,4,5,4,5,4,4,4
360,1,4,3,2,2,4,2,1,3,2,2,1,4,4,4,3,1,4,4,5,3,5,3,5,3,2,3,1,3,3,3,2,3,2,3,3,4,3,4,3,1
361,1,3,1,3,1,1,2,1,5,5,4,5,3,3,2,3,3,4,4,3,5,5,5,5,4,4,5,4,4,4,5,4,3,3,3,2,5,5,4,4,4
362,1,1,3,3,2,2,2,1,3,3,2,2,2,2,3,3,4,2,4,4,4,4,4,3,5,5,4,5,4,3,4,4,3,3,3,4,4,4,4,4,3
363,1,1,2,4,1,2,3,0,2,2,2,2,5,4,5,5,3,4,4,2,4,5,4,3,3,3,3,3,2,3,4,3,2,1,4,2,4,4,4,4,4
364,1,4,3,2,1,1,3,0,3,3,2,3,4,1,2,2,3,3,4,3,2,3,3,2,4,2,2,3,3,3,2,2,3,3,3,3,2,5,4,2,4
365,1,3,3,4,2,4,3,1,4,4,4,5,4,3,2,4,4,4,4,4,3,3,2,4,4,4,2,4,3,1,4,4,2,2,3,2,2,4,4,3,1
366,1,2,1,4,2,1,2,1,4,3,4,5,4,4,4,4,4,5,5,3,3,5,2,4,5,4,4,3,4,5,4,4,3,3,3,3,4,4,4,4,4
367,1,1,3,2,1,2,3,1,4,4,3,3,4,2,1,5,3,2,3,2,4,3,3,3,4,3,4,4,3,4,5,4,5,4,4,3,3,3,4,3,2
368,1,1,2,3,3,1,3,1,3,3,2,3,3,3,5,4,5,3,3,3,4,4,3,4,5,5,5,4,5,5,5,5,3,4,4,4,5,4,4,5,4
369,1,1,3,3,1,2,2,0,4,4,4,4,3,3,2,2,4,5,4,4,4,3,4,4,4,4,4,5,4,3,4,4,5,4,4,5,5,5,5,5,3
370,1,2,1,1,3,1,4,0,3,3,3,2,3,2,3,2,3,3,3,2,3,2,3,4,3,2,2,3,4,4,5,4,3,1,4,4,3,4,3,4,4
371,1,1,1,2,4,2,3,1,4,4,4,4,3,3,5,4,5,4,4,4,4,5,4,5,4,1,4,3,5,5,4,3,2,3,4,4,4,4,4,3,3
372,1,2,2,2,5,3,2,1,3,4,3,4,5,3,4,3,4,4,5,4,3,4,3,4,2,1,2,1,5,5,4,4,1,4,2,2,3,3,2,2,1
373,1,1,1,3,3,1,2,1,4,4,3,4,4,3,4,3,3,4,3,5,4,4,4,4,3,3,3,4,4,4,5,4,2,2,3,4,4,5,4,3,4
374,1,2,1,1,3,1,3,1,3,3,3,3,4,5,4,4,3,4,3,5,4,5,5,5,2,3,1,2,2,2,1,2,3,4,4,2,4,5,3,2,4
375,1,3,3,4,5,3,3,0,5,4,5,4,3,3,4,4,2,3,2,4,4,4,4,5,5,4,4,4,5,5,5,5,5,5,4,5,5,5,4,5,1
376,1,4,1,4,3,2,2,1,4,2,4,4,5,5,5,4,5,4,5,4,4,4,4,4,4,3,4,2,4,4,1,5,3,3,2,3,4,4,5,5,3
377,1,4,4,1,1,3,4,0,4,4,5,5,3,2,3,3,4,3,4,4,5,5,5,5,5,5,5,5,4,5,5,4,4,4,3,5,5,5,5,5,3
378,1,5,2,3,3,2,2,0,5,4,2,4,2,2,3,3,4,2,3,3,3,2,1,3,2,3,2,4,4,3,5,3,4,5,4,5,2,3,2,1,2
379,1,4,1,4,2,2,3,0,4,4,4,4,4,3,3,4,3,5,4,2,3,4,3,4,3,3,4,4,3,4,3,4,3,4,3,3,3,3,2,4,2
380,1,1,3,2,5,4,3,1,4,4,2,2,2,5,4,4,3,3,4,3,2,3,2,2,3,2,4,3,4,4,2,3,5,5,5,4,3,3,3,4,3
381,1,2,3,3,1,3,2,0,2,1,2,2,3,1,4,4,4,4,3,3,4,3,3,4,2,2,2,3,1,3,3,1,2,1,3,3,2,2,3,2,2
382,1,3,1,2,1,2,3,1,5,5,4,4,4,2,3,1,5,2,4,4,4,4,4,5,3,3,4,4,4,3,4,3,5,5,5,5,4,5,4,5,4
383,1,2,2,2,3,1,2,0,5,4,5,4,5,5,5,4,3,4,3,5,4,4,3,4,3,3,4,3,3,4,5,5,5,3,4,3,5,4,4,5,4
384,1,2,3,3,5,2,2,1,2,3,1,4,4,5,4,3,3,4,5,5,4,3,3,4,3,1,2,1,4,3,3,5,4,5,4,4,4,5,4,4,2
385,1,3,3,4,1,3,1,1,2,4,4,3,3,2,3,3,4,4,5,4,4,4,4,5,3,2,3,4,3,4,3,4,3,3,3,4,3,3,3,3,2
386,1,2,2,1,1,2,1,1,4,4,3,3,4,2,4,3,3,3,2,5,5,4,4,4,4,3,2,4,4,5,5,4,5,4,4,4,5,4,4,3,3
387,1,2,1,3,1,2,2,0,5,4,4,3,1,1,2,1,4,4,3,4,5,4,4,4,3,3,3,3,3,4,5,4,3,4,3,4,4,4,4,4,3
388,1,2,1,3,1,2,1,0,5,5,5,4,4,4,5,4,4,4,5,3,4,3,4,4,5,4,5,5,5,5,5,5,5,4,5,5,5,5,5,5,4
389,1,2,1,4,1,1,3,1,3,3,1,3,4,3,4,3,4,5,3,3,4,4,5,4,2,2,1,1,1,3,2,3,3,5,4,4,4,4,3,3,4
390,1,5,1,2,2,1,3,1,3,3,4,3,4,3,4,4,4,3,3,3,4,3,1,4,4,5,4,4,2,2,4,3,4,4,3,3,4,5,3,3,4
391,1,1,3,4,3,3,3,0,3,2,2,3,2,2,4,2,2,2,2,1,4,4,4,4,3,1,2,4,4,4,4,4,5,3,3,4,3,3,4,4,2
392,1,3,3,3,3,2,2,0,4,4,4,4,3,3,2,3,4,4,4,3,4,4,3,4,4,4,4,4,3,3,1,3,4,3,3,3,5,3,3,4,3
393,1,1,2,3,2,2,2,1,3,3,3,3,3,3,3,2,5,4,5,5,3,3,2,3,3,3,4,3,2,3,2,3,4,1,4,2,2,3,2,3,4
394,1,4,2,2,2,3,1,1,4,3,2,2,4,1,2,2,3,3,3,4,4,4,4,4,4,3,3,3,3,3,3,4,4,2,3,2,4,4,3,5,3
395,1,1,3,3,3,3,3,0,4,4,4,5,4,3,4,3,4,3,3,3,5,4,4,4,3,3,3,4,4,4,5,4,4,5,2,3,4,5,5,4,1
396,1,1,2,3,2,4,2,1,4,4,5,4,5,5,5,5,5,5,3,5,5,5,5,5,5,3,5,4,5,4,5,4,4,3,4,4,5,4,5,5,2
397,1,1,1,2,3,4,4,1,5,5,4,5,5,5,5,5,4,4,5,5,4,5,5,5,5,4,5,5,4,3,4,4,4,4,5,5,5,5,5,5,2
398,1,1,2,2,1,3,2,1,4,4,4,5,4,4,3,4,3,3,1,3,4,4,5,5,4,2,5,3,3,3,4,4,4,4,5,4,5,4,4,4,3
399,1,5,2,3,1,3,3,1,4,4,3,4,4,3,4,4,4,3,5,4,5,5,5,5,4,4,4,4,4,3,4,4,5,5,4,4,4,4,4,4,2
400,1,2,1,3,3,1,2,0,4,4,4,4,4,4,4,4,4,4,4,3,4,4,3,3,3,4,3,2,2,3,1,1,1,2,2,2,4,5,3,3,4
401,1,3,3,4,1,3,2,1,2,3,4,4,5,4,5,5,4,4,4,4,5,5,3,4,4,4,4,5,3,4,4,1,3,2,4,2,5,4,5,4,3
402,1,4,4,3,3,4,1,1,2,3,3,4,4,4,4,5,4,5,3,3,4,3,4,4,2,2,2,1,3,3,1,3,2,2,3,3,4,3,3,4,1
403,1,3,3,3,2,2,2,1,4,3,3,4,3,4,4,3,2,4,3,2,4,4,3,4,4,5,4,4,3,4,4,4,2,3,3,2,4,3,3,3,4
404,1,1,2,3,3,1,2,1,5,5,4,4,3,1,2,3,3,2,2,1,4,2,4,3,5,5,4,4,5,4,3,5,4,2,4,3,4,4,4,4,4
405,1,2,1,2,2,2,2,0,5,5,5,5,4,1,4,3,4,3,3,4,3,5,3,4,3,4,4,4,4,4,3,3,3,4,4,4,5,5,5,4,4
406,1,2,2,4,3,1,3,0,2,2,3,1,3,3,4,2,2,2,1,3,4,5,4,4,4,3,4,4,5,4,2,4,3,2,3,4,2,4,4,3,4
407,1,1,4,4,2,2,4,1,4,5,5,4,3,3,4,3,5,4,5,5,3,3,3,4,4,5,4,5,5,5,5,4,5,5,5,5,4,4,5,4,3
408,1,2,1,3,2,2,2,1,2,2,3,3,3,2,4,2,4,4,3,4,3,3,4,4,3,3,3,4,4,4,5,4,1,2,2,3,3,3,3,4,4
409,1,4,3,2,1,4,4,1,5,5,5,5,5,3,3,3,5,5,5,4,4,4,4,4,5,4,5,3,3,4,4,4,3,4,5,4,4,4,4,4,1
410,1,1,1,3,5,2,3,0,4,5,4,5,4,5,4,3,5,4,3,4,4,4,4,4,5,5,5,4,3,3,2,3,5,3,2,4,4,5,4,4,4
411,1,2,2,3,2,1,2,0,4,4,4,2,2,3,3,3,5,4,4,5,5,5,5,5,5,5,5,5,5,5,4,5,3,4,4,3,5,5,5,4,4
412,1,4,3,2,1,1,3,1,4,4,4,4,2,4,3,2,3,3,2,3,4,3,5,5,4,4,4,4,3,2,1,4,2,2,1,2,3,5,3,3,4
413,1,1,3,3,2,2,3,1,4,4,4,5,4,3,4,4,4,3,4,4,4,4,3,3,4,3,4,5,5,3,5,4,4,4,4,3,5,4,4,4,4
414,1,3,4,3,1,2,2,1,3,3,2,2,4,4,4,3,4,5,3,3,3,3,3,3,3,3,3,4,5,4,4,5,5,5,4,4,4,4,5,2,3
415,1,1,1,3,1,3,2,1,5,5,5,5,4,4,4,3,4,4,4,3,3,3,2,4,3,2,3,4,4,4,3,4,4,4,4,5,4,3,5,4,2
416,1,1,1,3,1,1,3,1,4,3,4,3,1,3,2,2,4,3,5,4,4,3,1,3,2,2,4,3,3,1,1,1,2,2,4,2,2,5,3,4,4
417,1,4,1,3,2,2,2,1,4,4,4,3,4,2,3,4,4,3,4,4,4,4,4,5,4,4,4,5,3,4,4,4,4,3,3,4,4,4,4,5,3
418,1,2,2,3,1,1,2,1,4,5,5,3,4,2,3,4,2,2,1,3,4,4,4,4,3,3,4,2,2,1,1,3,3,4,4,4,1,4,3,3,4
419,1,5,3,1,1,3,2,1,4,4,4,3,3,5,3,3,1,1,2,3,5,3,2,5,3,3,3,4,3,3,4,2,2,3,2,3,3,3,4,5,1
420,1,3,4,2,1,2,2,1,3,4,1,4,2,2,3,2,3,4,4,4,4,5,4,4,1,2,2,1,4,3,2,2,2,3,2,3,4,2,4,3,4
421,1,2,1,3,3,3,2,0,4,4,4,5,4,3,4,3,5,5,5,5,3,3,4,3,4,3,3,4,3,4,4,3,3,4,3,3,5,5,4,4,3
422,1,4,3,1,1,2,3,0,2,3,3,3,2,2,3,4,5,4,5,5,5,5,4,5,4,3,4,1,4,4,3,4,3,3,3,3,4,4,4,4,3
423,1,1,2,3,3,2,4,0,4,4,3,3,4,2,5,4,2,3,3,1,3,3,2,2,2,3,2,3,4,5,2,4,4,4,5,5,3,3,2,3,4
424,1,1,1,1,1,1,3,1,3,5,3,2,3,3,3,3,2,3,2,2,4,3,4,3,4,3,3,3,4,4,2,3,3,4,2,3,3,5,4,4,4
425,1,2,2,4,1,1,3,0,1,2,3,1,4,4,4,3,3,2,2,2,3,3,3,2,4,4,4,5,2,2,3,4,3,4,3,3,3,5,3,2,4
426,1,1,2,3,2,2,4,1,2,2,3,3,2,4,4,3,3,4,4,4,4,3,3,4,4,2,3,2,5,5,4,5,2,2,2,2,3,3,4,3,3
427,1,4,2,3,3,2,2,0,4,3,5,3,4,1,5,4,3,3,5,5,4,5,4,4,5,4,5,5,4,5,4,5,4,2,4,3,4,4,3,3,2
428,1,2,2,1,2,1,3,0,5,3,3,4,3,4,4,2,4,4,3,3,2,4,4,4,3,4,4,3,2,3,2,3,3,4,4,4,3,5,3,2,4
429,1,4,3,2,2,3,1,1,3,3,4,3,4,4,5,4,4,5,4,5,4,3,4,3,4,3,4,4,1,2,4,3,3,1,2,1,4,4,5,5,2
430,1,2,2,1,1,2,3,1,4,5,4,5,5,4,4,3,1,3,1,2,3,3,2,3,5,3,5,5,3,3,3,4,4,2,4,3,4,4,4,4,3
431,1,5,2,1,2,1,2,0,1,4,2,3,4,3,3,2,4,4,3,4,4,3,3,3,4,3,5,4,3,5,5,4,3,4,3,3,5,5,5,4,4
432,1,2,1,2,1,3,2,1,4,4,4,2,3,3,4,3,3,3,4,4,3,2,4,2,2,2,2,1,2,3,1,2,2,2,3,3,4,3,4,1,2
433,1,1,1,2,3,2,4,1,4,4,4,4,4,4,3,3,2,3,3,3,4,4,4,4,4,5,5,5,5,4,5,4,3,2,1,2,4,4,4,4,3
434,1,2,1,1,3,2,1,1,2,1,1,3,3,3,4,4,4,5,4,5,4,4,4,4,3,2,3,3,4,3,2,2,2,2,1,3,3,3,2,2,3
435,1,2,2,1,1,1,2,1,3,3,4,4,5,5,5,5,3,3,4,3,3,4,4,4,5,5,5,5,4,5,5,5,3,2,3,3,5,4,4,4,4
436,1,1,1,3,1,1,2,1,3,3,4,4,4,2,4,2,4,4,3,2,2,1,1,1,2,1,2,4,2,3,2,3,4,2,2,3,4,4,1,3,4
437,1,2,1,2,1,2,1,1,4,5,4,4,3,1,3,4,3,3,3,3,4,4,5,5,3,4,4,4,3,3,2,1,4,3,3,3,5,4,4,5,4
438,1,1,2,1,2,2,1,1,2,4,3,4,4,4,3,3,4,5,3,4,4,4,4,4,5,4,4,4,4,4,3,5,3,3,3,3,4,4,4,5,3
439,1,1,2,3,1,2,1,0,5,4,4,3,5,4,4,4,4,4,4,3,5,4,4,4,4,4,4,5,3,4,2,4,3,3,3,4,4,5,4,4,2
440,1,1,2,2,3,1,2,1,1,2,1,2,2,4,3,3,3,5,4,5,3,3,4,3,2,3,2,2,3,2,3,2,2,5,3,3,3,5,3,4,4
441,1,1,1,3,3,2,3,0,1,3,1,1,1,2,3,3,2,2,2,3,1,3,2,3,4,3,3,1,3,3,2,5,3,3,3,1,2,2,3,2,2
442,1,4,2,3,3,3,3,0,4,5,4,5,3,4,4,3,3,4,4,2,5,3,4,4,5,3,4,4,4,2,3,4,4,3,3,3,4,3,4,2,3
443,1,2,2,1,1,2,2,1,2,3,3,2,2,2,3,3,4,3,3,4,1,3,4,4,3,2,2,3,5,4,5,5,2,3,2,2,2,1,3,2,3
444,1,2,4,4,1,1,2,1,3,4,4,3,4,4,5,4,4,4,4,5,4,2,3,4,3,3,4,5,5,5,5,4,3,3,4,2,4,4,5,5,4
445,1,1,1,3,2,2,3,1,2,2,4,4,3,2,2,1,3,2,4,3,2,1,3,1,3,3,2,2,3,3,4,4,3,4,4,1,1,1,3,2,2
446,1,4,3,4,2,1,2,1,3,3,2,3,3,4,4,4,4,3,4,4,2,5,4,3,3,2,2,4,4,3,1,2,2,1,3,2,4,4,3,4,4
447,1,5,2,4,4,4,1,1,4,4,1,4,5,5,5,5,5,4,4,5,3,5,5,5,4,4,3,4,4,4,3,3,3,5,5,5,5,4,5,4,2
448,1,1,2,3,3,2,3,1,4,4,1,4,4,2,3,3,4,5,5,5,5,4,5,5,4,2,3,4,4,5,5,2,4,3,2,4,5,4,5,5,3
449,1,1,1,3,3,1,4,0,5,5,5,5,4,4,4,4,4,5,4,3,5,5,4,4,5,5,5,5,5,4,5,4,3,3,3,3,4,5,4,5,4
450,1,2,2,2,4,2,3,1,4,4,3,3,3,4,3,3,4,5,4,3,5,5,5,5,4,4,4,4,3,4,3,4,5,2,4,3,3,4,4,5,2
451,1,2,3,2,1,2,2,1,2,3,4,4,4,2,3,4,4,4,4,5,5,4,5,5,3,3,3,4,3,3,1,2,2,3,3,4,5,5,4,4,3
452,1,4,4,3,2,2,2,1,5,5,4,5,4,5,5,4,5,5,5,3,5,3,3,4,2,2,2,2,3,3,3,4,3,3,3,4,4,3,3,1,3
453,1,2,2,3,1,4,3,0,4,4,2,2,4,3,5,4,4,3,5,4,3,2,1,3,4,4,3,4,3,3,3,4,4,5,4,5,4,3,3,3,2
454,1,4,3,3,2,2,2,0,4,3,2,3,5,5,5,4,4,4,4,4,5,4,2,4,3,1,3,3,4,2,3,3,3,3,2,2,4,4,3,3,3
455,1,1,1,4,1,1,4,0,3,4,3,3,3,4,4,4,2,2,2,4,5,4,5,4,4,3,4,5,3,2,2,4,3,1,4,2,4,4,4,4,4
456,1,1,1,3,1,1,1,0,4,2,4,3,5,4,5,4,3,4,4,3,4,4,3,4,3,4,4,3,4,4,4,5,3,4,4,3,4,4,4,2,4
457,1,1,3,2,3,4,1,1,4,3,2,2,4,2,4,5,3,4,3,3,3,4,4,4,4,3,4,3,4,4,4,3,4,5,4,4,4,3,3,3,1
458,1,2,1,3,1,2,1,1,1,2,2,3,5,5,5,5,4,3,4,2,3,4,3,2,2,3,2,1,3,4,3,3,4,4,2,5,2,1,3,1,4
459,1,1,2,4,4,2,3,1,4,4,5,4,3,1,4,4,2,3,2,1,4,5,4,5,5,5,4,4,3,3,3,5,3,4,4,3,4,3,4,5,3
460,1,1,1,4,1,2,2,1,4,4,4,4,5,5,3,5,5,4,2,3,4,5,3,5,4,5,3,5,2,4,1,4,3,5,3,3,4,4,4,4,3
461,1,1,1,3,5,1,1,1,2,2,1,1,3,3,2,3,3,3,4,3,3,3,2,3,3,3,3,3,2,1,2,2,3,2,2,2,3,5,4,2,4
462,1,4,3,2,1,3,2,1,2,3,3,3,2,2,2,2,4,4,3,4,5,4,4,3,2,1,4,2,3,2,1,3,4,5,2,3,3,2,2,2,1
463,1,1,2,2,5,2,1,1,4,3,3,3,5,3,5,4,3,4,3,3,3,2,3,2,5,4,4,4,3,3,3,2,4,3,3,3,4,4,4,3,3
464,1,1,2,2,4,3,3,1,5,5,5,5,3,3,4,4,4,3,5,3,4,4,4,3,3,4,4,3,4,3,4,4,3,2,3,3,4,5,5,5,2
465,1,2,1,4,3,2,3,0,3,2,3,3,1,1,1,1,2,1,3,3,4,3,4,4,3,5,4,4,2,3,1,3,3,1,3,3,3,3,2,3,4
466,1,3,4,4,2,3,3,1,4,5,4,3,4,2,4,4,4,4,4,2,4,5,4,5,4,3,4,3,5,3,3,4,4,5,4,5,5,4,5,5,2
467,1,1,2,2,5,2,3,1,3,3,2,3,4,4,4,4,4,4,3,4,4,3,4,4,4,4,3,2,4,3,2,2,3,2,3,2,3,3,1,1,3
468,1,1,2,3,3,3,2,1,4,4,3,5,4,5,4,4,3,4,4,2,5,3,3,4,3,3,4,3,4,4,1,3,2,3,3,3,3,3,3,4,3
469,1,2,2,4,5,1,2,0,3,3,3,3,4,3,4,4,3,3,2,2,4,3,3,3,3,4,3,3,2,2,2,2,2,1,3,2,3,5,4,3,4
470,1,1,1,4,1,3,2,0,4,4,4,4,2,2,3,3,3,4,3,3,4,3,3,4,5,3,4,3,3,3,4,4,4,5,5,4,4,3,3,3,3
471,1,3,4,4,3,2,2,0,4,4,5,5,4,5,3,3,3,3,3,1,2,3,4,4,5,5,4,5,3,3,4,4,4,3,5,4,4,5,5,5,3
472,1,4,1,3,3,1,3,1,3,2,3,2,4,4,4,4,4,4,4,5,4,5,4,5,4,3,4,4,3,3,4,3,4,4,4,4,3,4,3,4,4
473,1,3,3,4,2,2,4,1,4,5,4,4,4,2,4,4,3,3,2,2,4,4,4,4,5,4,5,5,3,4,4,3,5,5,4,5,3,3,4,3,2
474,1,1,2,4,2,1,3,0,2,3,2,4,4,5,4,3,3,4,4,4,4,4,3,1,2,2,3,3,4,3,4,3,2,1,3,1,3,4,3,2,4
475,1,4,1,1,2,2,2,1,1,2,2,2,4,3,4,2,3,4,3,1,5,3,4,4,3,1,1,2,2,2,2,4,4,3,4,3,2,3,3,2,4
476,1,3,2,3,2,2,3,0,3,4,3,4,2,2,2,1,3,2,2,2,2,1,3,2,5,5,4,4,3,3,2,3,4,4,4,5,4,4,4,3,4
477,1,1,1,2,2,3,2,1,4,4,2,4,4,4,4,3,4,4,3,4,4,3,4,4,1,3,3,2,3,2,3,4,3,2,2,3,4,4,3,4,1
478,1,2,1,1,1,1,2,1,3,3,1,3,5,3,5,3,4,4,4,5,5,5,4,4,4,4,4,5,2,2,5,4,4,2,4,5,3,4,4,4,4
479,1,1,2,2,4,1,4,0,2,4,3,3,2,2,2,3,4,3,3,2,2,2,3,2,4,4,2,3,3,2,2,5,4,4,4,3,4,5,3,3,4
480,1,4,3,3,1,1,1,0,1,2,2,1,3,5,4,4,4,5,3,4,4,5,4,3,4,3,5,4,5,3,2,5,4,4,3,4,4,4,4,4,4
481,1,2,2,4,4,1,1,0,4,4,3,4,5,4,4,5,4,4,4,5,4,4,5,4,4,4,3,3,1,2,1,4,2,5,3,1,5,4,5,4,4
482,1,2,1,4,2,1,1,0,4,2,3,4,3,1,5,3,4,4,4,5,3,2,2,1,5,4,3,4,4,4,4,3,3,4,4,4,5,5,4,4,4
483,1,2,2,2,1,2,3,0,5,4,5,5,4,2,3,5,4,5,5,3,4,4,4,5,3,5,4,4,4,5,4,4,5,5,5,5,4,5,4,5,2
484,1,1,2,2,4,1,1,1,4,2,3,4,3,3,4,3,2,3,3,3,5,3,3,4,4,2,3,4,3,4,5,3,3,2,4,3,5,5,3,3,4
485,1,2,3,3,1,4,4,1,4,5,5,5,2,2,2,3,4,4,4,5,3,4,3,4,3,2,4,3,4,1,2,3,4,4,4,4,4,5,4,4,2
486,1,4,3,3,2,2,2,0,4,4,3,3,4,5,2,4,4,4,4,3,2,3,3,4,4,5,4,4,5,5,5,4,2,4,4,4,4,4,5,2,3
487,1,4,3,3,5,3,1,0,4,5,3,3,2,2,3,2,4,4,4,5,4,4,5,3,2,2,2,4,1,2,1,3,4,2,3,1,4,3,2,2,3
488,1,1,2,2,1,1,3,0,2,1,2,2,4,2,1,3,2,3,3,2,4,4,3,4,2,1,1,1,2,1,1,1,3,2,4,3,2,5,3,2,4
489,1,1,1,2,5,3,4,0,4,2,3,2,3,5,4,2,4,4,3,4,2,3,2,3,4,4,3,2,3,3,4,4,4,4,4,3,3,1,3,2,3
490,1,2,3,2,3,1,3,1,3,4,5,3,4,3,4,4,3,5,4,4,3,3,3,3,4,2,5,4,3,3,3,4,3,2,3,5,3,5,4,4,4
491,1,1,1,3,3,2,3,1,2,2,1,2,4,4,4,4,4,4,3,3,4,5,4,4,4,4,4,1,3,4,3,2,4,3,4,4,4,4,3,3,4
492,1,2,2,3,1,2,1,1,5,3,3,5,3,4,3,3,4,3,2,4,4,3,3,4,3,4,4,1,2,2,1,3,4,2,3,3,4,4,4,4,4
493,1,1,1,3,2,2,2,1,4,4,3,5,3,4,3,5,4,4,5,5,4,3,4,4,4,4,4,4,5,5,5,4,3,3,4,3,4,3,4,4,2
494,1,1,1,3,2,3,3,1,4,2,2,2,4,2,3,1,4,3,3,2,3,3,3,3,3,3,3,4,3,3,5,3,3,2,3,2,3,3,3,1,2
495,1,3,2,3,5,1,4,1,5,5,5,5,5,5,5,5,4,4,3,3,4,4,5,5,5,5,4,4,4,4,3,4,4,4,3,3,5,5,5,5,4
496,1,4,4,4,1,1,2,0,4,4,3,3,4,1,4,2,5,2,2,2,4,5,4,5,4,5,5,2,5,4,1,4,2,1,3,1,4,4,5,4,4
497,1,4,2,2,1,2,3,0,3,3,2,4,3,2,2,2,4,5,4,4,3,4,3,3,4,4,5,4,4,5,3,4,4,4,4,5,3,2,3,3,3
498,1,2,2,2,5,3,1,1,2,4,3,2,3,4,3,3,3,3,2,3,2,2,3,3,4,3,4,3,3,4,4,4,3,4,3,4,3,4,3,3,2
499,1,2,3,2,2,1,2,1,5,5,4,5,4,5,5,4,5,4,5,5,5,5,5,5,5,5,4,5,1,3,4,4,4,3,4,4,5,5,5,5,4
500,1,1,2,3,3,2,3,1,4,5,4,4,5,4,4,4,5,4,3,5,4,4,5,4,5,4,4,4,4,4,4,5,5,5,4,4,4,5,5,5,2
501,1,1,4,3,3,3,3,1,3,4,4,4,3,1,3,4,3,2,2,1,3,4,3,2,3,4,4,3,4,5,5,4,3,5,2,3,4,4,3,3,2
502,1,2,2,3,2,3,3,0,3,4,4,2,4,2,3,5,4,4,4,4,4,5,4,5,4,4,4,4,2,4,1,2,3,4,4,4,4,2,4,4,2
503,1,3,3,4,3,2,4,0,3,4,5,5,2,2,4,3,4,3,3,4,4,5,5,5,4,4,4,4,4,4,4,4,3,3,3,3,5,4,5,5,4
504,1,1,1,3,2,2,4,0,3,3,5,4,3,3,3,3,5,3,4,4,4,3,3,4,3,3,3,2,4,3,4,4,4,2,4,3,4,4,3,3,4
505,1,4,4,2,2,3,2,1,4,5,5,3,3,4,4,2,4,3,4,2,4,4,4,4,3,4,5,4,3,4,5,3,2,4,4,3,3,3,4,4,1
506,1,1,1,4,1,2,3,1,4,2,4,3,3,3,3,3,3,2,2,3,3,3,3,2,4,4,4,4,3,3,4,5,3,5,4,4,4,3,3,4,2
507,1,2,1,2,1,3,2,0,4,3,4,4,5,4,4,4,3,4,3,3,4,4,4,5,4,3,4,4,4,4,3,3,4,4,4,4,4,4,4,4,3
508,1,1,3,3,1,4,3,0,3,3,1,3,2,1,3,2,4,4,5,4,2,2,2,4,3,4,4,4,3,4,3,3,3,4,3,2,4,1,2,3,2
509,1,2,1,4,1,4,2,0,4,4,4,3,3,3,3,3,4,3,4,4,4,4,3,3,5,4,3,4,3,4,3,4,4,5,4,4,4,3,5,3,2
510,1,1,2,3,1,2,4,1,5,4,3,3,4,2,4,5,4,4,4,2,3,4,4,3,3,3,4,3,4,4,5,4,4,3,4,4,3,3,4,2,2
511,1,2,1,1,3,2,4,1,1,3,2,3,2,1,3,3,3,1,3,2,3,3,3,2,2,2,2,3,4,1,2,4,3,3,3,3,3,1,2,2,3
512,1,1,2,2,1,2,3,1,5,2,4,2,3,2,3,3,4,4,4,5,5,4,3,4,4,3,3,4,1,2,1,4,3,3,3,3,3,4,4,3,4
513,1,1,3,2,4,4,2,1,3,3,3,3,4,3,4,4,5,3,4,2,5,3,4,4,3,4,4,4,5,5,4,4,3,3,4,3,3,4,4,4,1
514,1,3,4,4,1,2,3,1,4,3,3,4,4,4,4,4,4,2,3,4,4,5,4,4,4,4,4,4,4,5,4,4,3,4,3,4,5,5,5,5,3
515,1,1,2,3,1,4,1,1,5,4,4,4,3,3,4,4,3,4,3,2,4,4,3,4,4,5,3,4,3,4,4,4,5,3,4,5,4,5,4,4,1
516,1,2,2,3,3,2,2,1,3,3,5,4,4,4,4,4,4,4,3,4,3,4,4,3,3,4,4,4,4,4,3,4,5,4,4,3,4,4,3,3,3
517,1,2,2,2,1,2,4,0,3,3,3,3,2,4,4,3,3,4,4,4,1,4,4,3,3,2,2,3,2,2,1,3,3,2,3,2,3,3,4,4,4
518,1,3,3,4,2,2,4,1,5,4,4,5,3,2,3,3,3,3,4,5,4,3,3,4,2,4,4,3,4,4,2,3,3,5,4,5,4,4,5,4,4
519,1,2,2,3,2,4,1,1,4,4,3,4,3,2,3,4,2,2,2,3,5,3,3,3,3,2,2,2,3,3,2,3,3,1,3,4,3,2,4,3,1
520,1,1,2,3,1,4,2,1,3,4,4,3,4,3,3,3,4,4,5,4,4,3,3,2,4,4,4,4,3,2,2,3,4,3,3,4,3,3,3,5,2
521,1,1,2,2,1,1,3,0,3,4,3,4,2,4,2,3,5,4,5,4,5,5,5,4,4,2,3,3,3,4,5,4,4,2,3,4,4,4,5,4,4
522,1,2,3,1,3,3,3,1,3,3,3,5,4,4,3,4,4,2,3,4,5,4,4,4,3,3,3,3,5,5,5,5,2,2,3,3,4,5,5,5,2
523,1,1,1,3,3,2,4,1,2,3,3,3,5,5,3,4,5,5,4,5,5,5,5,5,5,4,5,2,4,4,3,3,4,4,4,3,5,4,3,5,3
524,1,2,1,2,2,1,1,0,3,3,4,3,5,2,4,4,3,3,4,4,3,3,4,3,5,4,4,3,2,2,1,4,1,1,2,1,3,4,4,2,4
525,1,2,1,2,4,1,3,1,3,4,5,2,4,5,4,4,3,2,3,1,4,4,3,3,4,4,5,4,2,3,5,4,3,1,2,3,4,4,4,4,4
526,1,3,3,2,2,3,3,0,4,4,5,3,4,3,2,4,3,3,4,2,4,4,3,3,3,2,3,3,4,4,5,4,5,4,5,4,4,3,4,3,1
527,1,4,4,3,1,2,2,1,3,4,3,3,3,3,2,3,3,4,4,4,4,4,4,3,3,3,5,4,5,5,2,3,5,5,5,4,5,4,5,4,4
528,1,1,2,3,3,2,2,1,2,3,2,4,4,5,4,4,3,4,3,2,4,3,4,4,2,3,3,3,2,3,1,3,4,5,3,3,4,2,2,3,4
529,1,1,1,3,5,3,3,1,3,2,3,2,3,2,5,5,3,3,2,4,5,4,4,5,5,4,4,4,4,3,4,3,4,5,4,4,4,3,4,3,2
530,1,1,1,1,1,1,2,1,4,5,3,4,3,3,5,5,4,4,4,3,4,4,4,4,4,4,3,4,4,4,5,4,3,1,2,2,5,4,4,3,4
531,1,2,1,2,2,2,4,0,2,3,1,2,4,4,3,3,3,3,4,2,4,3,3,4,3,5,5,4,3,3,3,4,4,5,4,4,4,4,4,2,4
532,1,1,1,3,2,1,1,0,5,5,5,3,3,2,2,5,4,4,4,4,4,4,2,3,2,5,4,4,4,4,3,5,4,4,4,4,4,5,4,3,4
533,1,1,3,3,1,4,3,0,3,1,2,3,3,4,4,3,2,3,3,2,3,4,3,4,2,3,5,1,5,4,3,3,3,3,2,3,3,3,1,2,1
534,1,4,4,2,5,2,2,1,4,4,3,5,4,4,4,4,4,4,4,4,3,3,3,4,3,2,3,4,4,5,2,3,5,4,3,3,4,3,5,4,4
535,1,1,3,3,5,4,1,1,3,4,3,3,4,4,4,4,2,4,3,4,5,4,4,4,3,3,4,4,4,4,4,4,3,2,1,1,4,4,4,4,1
536,1,3,4,4,3,3,3,1,4,4,5,5,4,4,2,1,5,5,5,4,4,5,5,5,4,5,5,5,4,4,4,4,4,4,5,5,4,5,5,5,2
537,1,2,1,1,2,2,1,1,2,2,3,3,3,2,2,4,4,2,4,2,3,5,4,4,4,3,4,3,4,4,4,4,3,1,3,3,2,1,4,3,4
538,1,1,2,2,5,1,2,1,2,2,1,3,2,3,2,3,2,3,3,3,3,4,2,4,4,4,3,3,2,2,4,4,2,2,3,4,2,5,4,3,4
539,1,1,2,2,2,1,1,1,3,3,3,3,4,4,4,5,5,5,5,5,5,3,3,3,3,4,4,3,3,3,2,3,3,1,4,3,4,5,5,4,4
540,1,1,1,3,2,1,3,1,3,3,4,3,3,2,2,2,3,3,5,3,3,3,4,4,4,4,4,4,5,4,2,4,3,5,3,3,4,4,4,5,4
541,1,1,1,3,2,2,3,1,4,4,4,4,5,5,3,3,3,5,3,4,3,5,4,4,4,5,5,5,4,3,4,5,4,4,4,5,4,5,4,4,4
542,1,1,2,4,3,2,3,0,4,4,4,4,4,3,5,4,5,5,5,5,5,5,5,4,3,3,5,4,4,4,5,5,5,5,4,4,4,5,4,5,3
543,1,1,4,4,2,4,3,1,5,4,5,3,2,3,4,4,4,3,3,3,4,2,2,2,4,3,4,3,5,4,4,4,1,3,2,2,4,4,4,5,1
544,1,1,2,3,1,2,4,0,4,1,4,3,4,3,3,3,5,3,4,3,2,3,3,3,3,2,4,4,4,3,1,4,2,2,3,3,3,3,4,2,3
545,1,2,4,1,2,2,2,1,3,3,4,2,4,4,2,3,4,4,4,4,5,3,4,5,5,4,5,5,3,2,3,4,3,3,4,4,4,4,2,3,3
546,1,4,3,3,5,2,1,1,4,4,4,4,5,3,5,5,5,5,5,5,3,3,3,2,3,4,4,2,4,4,3,2,5,3,4,4,4,3,4,3,3
547,1,1,4,4,1,3,3,0,5,5,5,4,4,4,5,5,5,5,5,5,5,5,5,5,5,5,5,5,4,4,2,5,5,4,5,5,5,5,5,5,2
548,1,2,3,2,2,4,1,1,4,4,4,3,3,4,4,4,4,3,3,5,4,4,3,2,4,4,4,3,3,4,3,4,4,3,5,3,4,5,5,5,1
549,1,1,1,2,1,2,1,1,5,5,4,5,5,4,5,5,5,5,5,4,4,3,3,4,3,4,4,4,4,4,5,5,2,2,3,3,5,5,5,5,3
550,1,2,2,3,2,4,3,1,5,3,1,3,3,4,4,1,1,2,2,2,4,4,2,4,4,3,2,4,3,4,1,1,1,2,2,3,3,3,2,3,1
551,1,1,2,1,2,3,2,1,4,3,4,4,4,2,4,3,2,4,3,2,4,4,5,4,2,2,4,2,2,2,4,3,4,2,4,4,4,3,4,3,2
552,1,2,1,3,3,2,4,1,3,3,3,2,4,4,4,3,4,4,3,4,4,4,3,5,2,1,3,3,4,1,4,3,3,3,4,2,3,4,3,2,3
553,1,3,4,4,1,3,2,0,2,2,2,2,4,4,4,4,4,4,4,5,5,5,4,5,4,5,5,4,3,4,3,3,4,4,4,4,4,4,5,4,2
554,1,3,4,4,5,2,4,0,2,3,2,3,5,5,3,5,4,4,4,4,4,3,4,2,3,3,1,3,3,3,1,3,4,3,4,4,4,4,4,2,4
555,1,3,3,2,1,2,3,1,4,5,4,4,4,4,5,2,5,4,4,4,3,3,3,4,4,4,4,4,5,5,4,4,4,5,5,4,4,4,5,5,3
556,1,1,1,1,5,2,1,0,4,4,5,5,3,2,1,2,2,2,1,1,5,5,5,5,4,4,4,4,4,4,4,3,4,3,4,3,3,4,4,3,4
557,1,2,4,4,1,4,3,1,4,3,4,4,3,2,4,3,4,3,4,3,4,3,2,3,4,3,4,4,5,5,5,5,3,2,2,3,5,3,3,4,1
558,1,2,2,2,3,2,2,0,4,5,3,4,2,4,3,3,4,3,3,3,5,5,4,4,4,4,5,4,4,5,3,3,4,4,3,2,5,3,4,4,4
559,1,2,2,4,2,1,4,0,4,4,4,4,3,4,4,3,1,3,2,2,4,4,5,4,5,4,4,5,4,4,2,4,3,2,2,1,5,4,4,3,4
560,1,4,2,3,1,2,2,1,4,4,2,3,4,4,5,4,5,5,5,4,2,3,2,2,3,4,2,3,4,3,3,4,4,2,2,1,3,3,2,3,4
561,1,2,3,3,1,1,4,1,2,2,2,2,4,4,3,1,4,3,3,3,3,4,2,3,3,2,3,1,2,2,3,3,3,3,3,2,3,4,2,2,4
562,1,2,1,2,1,4,2,1,3,3,2,3,2,3,3,2,1,2,2,3,4,2,2,2,1,1,1,2,3,2,2,2,2,3,2,2,2,3,2,1,3
563,1,2,2,1,1,3,3,0,5,4,5,5,4,5,5,5,5,4,4,5,5,4,4,4,4,4,4,4,5,4,5,5,5,5,5,4,4,5,4,4,2
564,1,2,2,2,2,1,2,1,4,3,2,3,4,4,4,5,4,4,3,4,4,3,4,4,5,5,4,4,5,4,4,3,4,4,4,3,5,5,4,5,4
565,1,1,3,2,1,2,2,1,4,4,3,4,4,2,4,4,3,3,3,2,3,4,4,4,2,1,4,3,4,3,2,3,2,3,3,2,3,4,3,3,3
566,1,2,3,3,2,2,3,1,4,4,3,4,4,5,4,4,5,5,4,2,3,2,3,3,3,3,3,3,4,5,4,3,4,3,4,2,2,4,5,4,3
567,1,2,1,2,1,2,2,1,2,1,2,2,4,4,4,3,3,3,3,3,3,3,2,3,2,4,4,5,2,3,2,3,3,2,4,3,2,3,2,4,2
568,1,1,1,4,1,1,2,1,4,4,3,4,4,5,3,5,3,4,4,3,3,3,3,3,3,3,3,2,4,2,4,4,3,3,3,1,4,5,3,2,4
569,1,2,2,2,1,1,1,1,5,3,3,3,3,4,3,2,3,2,3,3,2,2,2,3,5,4,4,4,3,4,4,4,2,2,3,3,4,4,3,4,4
570,1,2,3,1,1,3,2,1,4,3,4,2,3,1,3,5,4,4,3,4,3,4,3,3,4,3,4,4,5,4,4,5,2,2,4,4,4,4,4,4,2
571,1,2,2,3,1,3,4,1,5,5,5,4,4,5,5,5,1,4,4,3,5,5,4,4,4,4,5,4,5,4,3,3,5,5,4,3,4,2,5,4,2
572,1,2,1,3,1,2,2,1,3,3,2,4,3,3,3,3,2,3,3,2,4,4,3,3,2,3,1,4,3,3,3,3,3,5,4,5,4,3,2,4,2
573,1,1,1,3,1,3,2,0,4,4,4,3,4,1,4,4,1,3,1,2,4,4,4,5,5,4,4,5,4,3,3,3,2,4,3,2,3,3,4,3,3
574,1,3,2,3,2,2,3,1,3,2,3,4,5,4,4,5,4,5,4,5,3,3,1,2,3,4,4,3,3,3,5,4,3,2,2,2,4,3,4,3,3
575,1,1,2,3,4,2,2,1,3,4,3,3,2,4,5,1,2,3,3,2,5,5,5,5,5,5,5,4,4,3,4,4,4,2,2,3,5,5,4,5,3
576,1,1,1,2,3,3,3,1,2,3,3,4,4,1,3,1,3,3,3,1,4,3,4,3,4,5,5,5,3,2,3,4,3,3,3,3,3,4,4,3,3
577,1,4,3,4,1,2,3,0,3,3,4,2,4,4,4,4,3,2,3,2,3,3,3,4,5,4,5,4,4,4,4,5,1,2,2,2,4,4,4,4,3
578,1,1,2,3,2,2,2,1,3,2,2,5,5,5,4,4,4,3,4,5,3,3,3,3,4,3,3,3,4,3,2,3,3,4,4,4,2,4,3,3,2
579,1,1,2,1,3,2,1,1,3,5,4,3,3,2,2,2,1,3,1,2,5,5,5,4,5,4,4,4,3,4,3,4,3,4,3,3,3,4,4,3,4
580,1,3,4,3,2,2,2,1,4,5,3,5,1,1,3,3,2,2,1,2,4,3,4,4,4,3,4,4,5,4,4,5,4,5,4,5,5,5,4,4,4
581,1,1,4,4,2,3,3,1,3,4,3,4,3,4,2,3,3,1,3,3,5,5,5,4,5,3,3,3,4,3,4,4,4,3,5,4,4,4,4,3,1
582,1,2,2,2,2,4,4,1,4,4,3,2,4,3,3,3,3,3,3,3,4,4,3,3,5,4,4,5,5,4,4,3,4,4,5,5,4,4,4,2,1
583,1,4,3,2,4,1,2,1,3,3,3,2,3,3,2,2,1,2,1,3,4,4,4,3,4,5,5,5,4,3,3,4,3,1,3,3,4,4,5,3,4
584,1,2,3,3,4,4,3,0,4,2,3,3,3,5,4,4,4,5,4,4,5,5,5,5,4,3,4,4,4,5,4,5,5,5,4,2,4,4,4,4,1
585,1,2,2,3,4,3,1,1,4,3,4,4,4,2,3,4,4,3,2,4,1,3,4,3,4,4,3,3,4,4,3,4,4,3,4,4,3,4,3,3,1
586,1,2,2,4,3,2,2,1,4,4,4,4,5,4,5,3,3,2,3,3,5,5,5,3,4,4,4,3,3,3,2,4,5,3,3,4,3,4,4,2,4
587,1,1,1,2,4,2,4,1,5,4,3,4,4,5,4,4,5,4,5,5,4,3,3,2,4,4,4,3,2,3,1,4,3,4,4,3,4,3,4,4,3
588,1,1,3,3,5,2,3,0,4,4,2,3,3,2,3,3,4,3,4,3,4,4,2,4,4,3,3,4,4,4,2,3,4,4,4,4,3,4,4,4,2
589,1,1,1,4,2,2,2,1,4,3,4,4,2,2,2,2,2,2,2,2,3,2,2,3,4,3,4,4,1,1,2,2,4,3,5,4,2,3,3,3,4
590,1,4,4,1,3,2,3,1,2,2,3,3,3,2,3,5,3,4,4,2,4,3,1,3,3,2,1,2,4,3,3,2,2,1,1,1,1,1,2,1,4
591,1,1,2,3,1,2,2,1,3,3,2,3,3,3,4,3,2,4,4,1,4,3,4,4,3,4,3,3,3,2,2,2,3,5,4,2,2,2,2,3,3
592,1,1,1,3,1,2,2,1,4,4,4,5,3,4,4,3,5,4,5,5,4,4,4,4,4,4,5,4,4,5,4,2,3,4,4,3,4,4,5,5,4
593,1,2,2,3,3,1,2,1,3,2,2,2,3,4,5,4,4,4,4,4,3,3,3,3,4,3,3,5,2,3,4,3,1,2,2,1,4,4,4,4,4
594,1,1,1,3,1,1,2,1,4,4,1,2,3,3,4,3,3,3,2,4,3,3,3,4,2,2,1,2,5,5,5,5,3,4,3,5,3,4,5,4,4
595,1,2,3,4,3,3,3,1,4,4,3,3,4,4,3,4,3,4,5,5,2,2,3,2,4,4,3,3,3,5,4,4,5,5,5,4,5,4,4,4,1
596,1,1,1,2,4,2,2,0,2,4,3,1,2,4,2,2,3,4,2,2,4,3,3,4,3,4,3,3,3,3,4,2,3,2,2,1,2,1,4,3,4
597,1,3,4,2,1,1,2,1,4,2,3,3,5,3,5,3,5,5,3,5,4,4,4,4,3,4,3,4,5,5,5,4,3,1,3,4,4,5,5,4,4
598,1,1,1,1,5,2,2,1,4,3,4,3,4,4,5,4,5,5,4,4,4,5,4,3,4,5,4,4,5,5,4,3,3,3,3,2,4,4,5,2,3
599,1,1,3,2,2,4,3,1,4,4,3,5,2,2,2,2,3,2,3,2,3,3,3,3,4,3,2,3,3,3,3,4,2,2,5,4,4,2,4,3,1
600,1,1,3,3,2,4,2,1,4,5,4,4,3,3,4,3,3,5,4,5,4,4,4,4,2,2,4,3,4,5,5,3,4,4,1,3,3,4,4,4,1
601,1,3,2,2,3,2,2,0,3,3,3,4,3,3,2,4,3,4,3,1,4,4,4,4,4,3,4,4,2,3,1,3,4,4,4,4,3,4,4,4,4
602,1,1,2,3,4,1,2,1,5,5,4,5,4,3,4,4,5,4,5,5,4,4,5,4,2,5,4,5,5,4,3,4,4,4,4,4,5,4,5,4,4
603,1,1,1,2,3,1,1,1,4,4,3,4,3,2,2,3,2,2,2,1,2,4,2,4,5,5,5,2,4,5,4,4,4,4,3,3,3,4,4,4,4
604,1,4,3,4,1,3,2,1,4,4,5,5,2,3,4,3,4,4,4,3,4,4,4,4,4,4,4,3,2,3,1,2,4,5,4,3,4,3,5,3,3
605,1,1,3,3,3,2,1,1,4,4,3,5,3,2,3,4,3,3,3,3,3,5,4,5,4,2,4,4,4,4,3,3,3,5,3,3,4,3,4,3,4
606,1,3,3,2,2,2,4,0,5,3,4,4,4,3,4,3,4,3,4,2,3,4,4,4,5,5,4,5,5,4,4,5,4,3,4,2,4,4,4,4,3
607,1,4,2,2,3,2,2,1,3,4,3,3,2,3,2,2,3,3,3,3,3,4,2,4,2,2,4,2,3,3,3,4,2,3,3,1,2,3,4,2,2
608,1,2,2,2,1,1,3,1,4,4,3,3,2,2,4,4,4,4,5,3,4,4,4,4,4,4,4,3,4,4,4,5,4,3,4,3,4,4,5,4,4
609,1,2,1,2,3,2,3,0,2,2,2,2,2,2,3,2,3,4,4,3,5,4,3,4,3,2,3,1,2,2,2,3,1,1,3,2,2,4,3,2,3
610,1,1,1,4,3,2,2,0,4,4,3,3,2,1,2,2,5,3,4,5,5,4,5,5,3,4,4,4,4,3,3,4,4,4,3,3,5,4,4,3,4
611,1,2,1,3,1,2,2,1,4,4,4,4,5,5,4,5,4,5,4,4,4,3,5,4,5,4,4,5,4,4,3,5,4,5,5,2,4,5,4,3,4
612,1,1,2,1,1,2,3,1,4,2,1,3,2,2,3,2,3,3,3,4,3,2,1,1,3,2,2,2,2,3,3,2,2,3,1,2,1,1,2,2,2
613,1,2,1,4,3,2,4,1,1,2,3,1,3,1,3,2,2,3,2,4,4,4,5,4,5,5,5,5,3,4,5,5,4,2,4,3,4,4,4,3,3
614,1,3,2,3,1,2,2,1,4,3,3,2,3,4,2,2,2,1,3,1,3,2,2,3,4,4,4,4,4,3,4,4,3,3,3,4,2,3,2,3,3
615,1,2,1,1,4,3,2,1,4,4,5,3,3,5,3,4,5,2,4,3,5,5,5,5,4,3,4,4,5,4,4,4,5,3,4,5,3,2,4,3,2
616,1,2,2,1,2,1,1,0,4,5,4,3,3,2,2,2,2,3,3,4,3,3,4,4,3,3,3,2,2,2,2,3,2,1,1,2,2,4,4,2,4
617,1,1,1,3,4,4,4,1,4,4,3,4,4,4,3,3,4,4,2,3,4,4,2,2,5,4,3,2,4,5,5,5,3,4,4,4,4,4,2,4,2
618,1,4,4,1,2,4,2,1,4,4,4,3,5,5,5,4,5,5,3,4,4,4,4,4,3,3,2,2,5,4,4,4,4,3,4,3,3,3,3,2,1
619,1,4,3,4,5,4,1,1,4,4,3,4,2,1,3,1,4,3,4,3,4,3,3,4,5,2,4,5,4,4,3,3,3,4,2,2,4,4,3,4,1
620,1,2,3,4,2,2,3,0,3,3,2,3,4,3,3,3,4,4,3,3,5,2,4,3,4,4,4,4,2,3,3,3,4,4,4,4,4,3,4,3,2
621,1,1,3,3,3,2,1,1,4,3,3,3,4,4,5,4,4,4,4,3,3,4,4,4,4,3,3,4,4,3,4,2,4,5,4,4,3,3,2,4,4
622,1,1,1,2,2,1,2,1,5,4,3,4,4,4,3,4,4,4,3,3,3,4,4,4,3,2,4,3,5,4,3,4,2,2,3,4,4,4,4,3,4
623,1,5,2,4,3,1,4,1,2,2,4,2,3,3,3,2,3,3,2,4,3,4,4,4,4,3,4,3,3,1,2,4,1,1,2,2,3,5,3,2,4
624,1,1,2,2,1,4,2,1,4,5,4,4,3,2,3,3,2,5,4,4,4,3,5,4,4,4,3,5,5,5,4,5,3,4,4,4,4,2,5,5,1
625,1,4,1,2,2,2,3,1,5,5,5,5,4,4,4,4,4,4,4,4,5,4,5,5,3,1,2,4,4,4,3,3,4,5,5,5,4,4,4,4,3
626,1,1,1,2,4,1,2,0,4,3,4,4,4,1,3,3,4,4,4,4,4,3,2,3,4,4,4,4,4,3,2,4,4,5,5,4,4,4,5,4,4
627,1,4,3,3,1,2,1,0,3,3,4,4,5,3,4,4,5,5,5,4,4,4,5,5,4,4,4,4,4,4,3,5,5,4,5,4,4,4,5,4,4
628,1,4,1,4,1,2,2,1,3,3,2,3,2,1,2,2,4,3,4,3,3,1,3,3,2,2,2,2,2,3,3,2,2,2,1,1,2,3,3,2,4
629,1,4,2,3,3,2,4,1,4,3,5,4,4,4,4,2,5,4,3,3,5,3,3,5,4,4,3,4,2,1,2,3,2,3,4,4,3,5,4,2,3
630,1,1,2,3,3,4,2,1,4,5,4,5,2,3,2,2,3,2,4,2,5,4,4,3,4,3,4,3,3,3,3,2,5,5,4,4,4,3,3,3,1
631,1,1,1,3,4,3,2,1,4,3,3,3,5,4,5,5,4,5,4,5,4,4,4,3,5,5,5,4,5,4,4,4,2,4,3,4,3,4,4,3,2
632,1,1,2,2,5,2,2,1,4,3,4,4,4,2,3,4,1,4,3,4,5,4,4,3,4,5,4,3,2,4,1,4,4,4,4,3,4,3,3,4,3
633,1,2,2,3,1,2,3,1,3,2,3,3,3,5,3,4,4,2,3,3,3,1,3,2,3,4,4,3,5,4,3,3,4,4,3,3,3,2,3,3,4
634,1,2,2,3,1,1,1,1,5,5,4,4,3,2,4,3,4,4,5,4,4,5,5,4,4,4,3,4,3,4,3,4,4,4,5,5,5,4,4,4,4
635,1,2,2,3,1,2,1,0,4,4,4,4,4,5,4,4,5,4,4,5,3,2,3,4,4,4,4,4,5,4,5,5,5,4,4,4,5,4,4,5,2
636,1,1,1,3,4,2,1,1,4,5,2,1,4,5,5,4,4,4,4,4,3,3,3,2,4,3,3,4,3,3,2,3,4,4,3,3,4,3,4,3,3
637,1,1,2,1,1,2,3,1,2,3,3,3,4,2,4,4,4,3,5,4,3,4,5,3,4,3,2,5,5,4,3,4,3,3,4,2,3,3,3,4,2
638,1,2,2,4,3,4,2,1,4,5,5,4,4,4,2,5,2,2,2,1,3,4,3,3,4,4,5,4,5,4,4,4,4,5,4,5,2,4,4,3,1
639,1,1,4,2,5,4,2,1,2,4,2,3,3,2,3,1,3,3,2,3,3,3,4,3,5,5,5,4,5,4,5,5,3,4,3,4,3,3,3,4,1
640,1,1,2,2,2,3,3,0,4,5,3,4,3,3,3,4,4,4,1,4,4,3,4,4,3,4,3,2,4,3,3,3,2,1,2,2,2,2,5,4,1
641,1,2,1,2,1,4,2,0,4,3,4,4,5,4,5,5,4,4,4,4,4,4,4,3,4,2,3,4,3,3,4,4,3,4,3,4,4,4,4,3,1
642,1,2,1,2,1,2,4,0,4,4,4,4,3,4,5,4,4,5,5,4,5,4,5,4,5,5,4,4,5,5,5,4,4,3,3,3,4,4,5,4,2
643,1,1,1,1,1,2,3,1,4,2,3,2,4,4,3,4,4,4,3,2,5,5,4,5,4,3,3,3,2,3,2,1,3,1,3,3,3,3,3,4,4
644,1,1,1,3,2,3,2,1,3,3,3,3,3,3,3,3,3,4,3,3,4,3,3,4,3,3,2,3,3,2,2,3,2,1,2,2,2,2,2,2,2
645,1,4,2,1,2,1,2,1,5,5,3,5,3,4,2,3,4,4,5,4,5,5,4,4,5,4,4,3,4,3,4,5,4,4,4,4,4,5,5,5,4
646,1,1,1,4,5,2,2,0,4,4,4,4,3,2,2,3,3,4,2,3,4,4,4,4,5,5,5,4,2,2,3,3,1,1,2,1,4,3,2,3,4
647,1,1,2,2,5,3,2,1,5,4,3,3,4,2,4,3,4,4,4,2,4,4,4,5,4,5,4,5,4,1,2,4,4,4,5,4,4,5,4,5,3
648,1,1,3,2,4,3,3,0,2,2,3,2,2,4,4,3,4,3,3,4,2,2,2,3,2,3,4,2,5,5,4,3,3,3,4,3,4,3,3,4,3
649,1,4,2,3,1,2,1,1,4,4,4,3,1,3,3,2,4,4,5,4,3,2,2,3,2,2,3,2,3,3,2,4,2,2,2,2,3,3,4,3,3
650,1,2,1,4,5,2,2,1,4,5,4,5,5,3,5,4,4,4,4,2,4,3,5,4,2,4,2,3,4,4,3,4,4,5,3,5,5,5,5,4,3
651,1,2,2,1,2,1,3,1,4,4,3,4,3,2,2,2,4,4,4,4,4,4,4,5,4,4,4,3,2,3,2,4,2,1,3,4,4,4,3,5,4
652,1,3,3,4,1,3,2,1,5,5,5,5,3,2,4,4,2,4,3,3,4,5,4,5,4,4,4,3,4,4,4,3,4,3,3,4,5,4,5,5,1
653,1,1,1,3,2,2,2,0,3,4,2,4,2,3,2,4,3,2,3,1,5,4,4,4,1,2,3,3,2,3,4,3,1,2,1,2,2,2,2,1,2
654,1,2,2,3,2,3,1,1,2,3,1,2,4,3,4,3,4,4,4,2,3,3,1,2,2,2,1,1,3,4,2,4,3,1,2,2,3,2,2,2,2
655,1,2,2,2,2,2,1,1,5,5,5,4,3,4,4,3,3,3,4,2,3,4,4,4,5,5,5,4,5,4,4,3,5,5,5,5,4,4,4,4,3
656,1,4,3,3,3,2,2,1,4,3,4,5,3,2,4,4,4,5,4,4,5,5,2,4,1,4,3,4,3,2,2,2,4,3,3,3,4,4,4,5,2
657,1,2,2,4,3,2,2,1,4,5,4,3,5,4,4,4,5,4,5,4,4,2,4,4,4,4,4,5,5,4,4,5,4,4,4,4,5,4,4,5,3
658,1,1,1,4,2,1,2,1,4,4,4,4,4,3,4,4,5,5,5,5,5,5,5,5,5,5,4,4,4,4,1,3,3,2,4,4,4,5,4,5,4
659,1,2,1,2,2,2,3,0,3,4,1,3,3,3,4,4,4,4,4,3,4,4,4,4,2,2,2,2,5,5,3,4,2,4,4,3,3,3,3,1,4
660,1,3,2,4,2,3,1,0,3,4,3,2,4,4,4,4,3,4,4,4,4,5,4,4,5,5,4,4,5,5,5,5,4,4,4,3,3,4,4,4,2
661,1,1,3,2,1,3,2,0,3,4,3,3,4,4,4,4,3,4,4,2,5,5,4,5,4,3,4,4,4,3,3,5,4,4,3,4,5,3,5,4,2
662,1,2,2,3,1,1,3,1,4,5,3,4,4,3,4,4,3,4,3,2,5,4,4,3,4,4,5,5,2,2,3,3,4,2,4,3,4,4,4,5,4
663,1,1,1,1,2,2,3,1,2,4,4,3,2,2,2,4,3,3,2,2,4,4,4,5,4,5,3,3,3,4,1,4,4,5,4,4,4,2,4,2,3
664,1,1,1,4,1,3,2,1,4,4,3,4,4,4,5,3,3,3,3,3,4,4,4,5,3,2,3,3,3,2,1,2,3,3,2,1,4,2,4,4,2
665,1,3,3,4,2,2,3,1,3,4,4,3,4,3,5,4,5,5,5,5,4,4,4,4,4,5,4,4,4,4,4,3,4,2,4,2,5,5,5,5,3
666,1,1,2,3,2,1,3,1,5,5,4,5,5,5,5,5,5,4,4,4,3,3,3,2,4,4,3,3,2,5,2,4,3,4,5,4,4,5,4,3,4
667,1,1,2,2,1,3,1,0,4,3,3,4,5,5,4,5,4,5,3,3,3,3,3,3,4,4,2,5,3,3,3,4,4,5,5,5,4,4,4,4,1
668,1,2,2,3,1,2,2,1,3,4,5,3,3,4,4,4,2,4,2,4,4,4,4,4,4,3,3,3,4,3,3,4,4,4,4,3,2,3,4,3,2
669,1,2,2,4,4,2,1,1,4,3,3,3,4,3,4,4,4,3,4,3,4,5,5,4,5,4,4,4,4,4,4,4,4,3,4,2,4,4,4,4,4
670,1,4,2,2,2,3,2,0,4,3,3,4,4,5,5,5,4,3,2,3,4,4,5,3,3,3,4,3,3,4,3,1,1,3,3,4,5,4,3,3,2
671,1,1,4,1,3,4,3,1,4,4,4,4,5,4,4,5,3,3,4,1,4,3,4,3,4,4,3,4,4,4,4,5,3,5,4,5,5,5,5,5,2
672,1,2,2,4,4,2,1,0,4,5,4,4,4,3,5,4,4,4,3,5,4,3,2,3,4,4,5,4,3,3,4,5,4,4,3,5,3,5,4,5,2
673,1,1,1,2,1,3,2,0,4,2,1,1,1,1,1,1,1,1,1,1,4,5,4,4,4,1,2,1,1,2,2,1,3,1,2,1,3,2,2,2,3
674,1,1,2,4,1,2,2,0,2,4,2,2,3,3,4,3,4,4,3,2,4,4,4,3,5,3,4,4,3,4,3,4,3,3,3,4,4,3,3,3,3
675,1,1,2,4,2,1,3,1,4,4,3,5,4,4,3,5,4,5,4,4,3,2,3,3,5,5,5,5,3,3,4,3,1,2,2,2,5,4,4,4,4
676,1,1,1,4,2,1,2,0,5,3,4,3,3,1,4,5,4,4,4,4,5,5,4,4,5,3,4,5,4,4,5,4,3,2,1,1,5,5,5,5,4
677,1,1,1,1,3,2,4,0,3,3,4,3,4,3,4,3,3,3,3,3,4,4,4,3,4,2,3,3,3,4,4,4,4,5,3,3,4,3,3,3,3
678,1,2,2,3,1,2,3,1,5,5,3,3,3,3,4,2,3,2,3,3,5,5,4,3,3,4,2,3,4,3,3,3,3,3,3,4,4,3,3,3,3
679,1,2,2,2,1,2,1,0,4,4,3,3,4,5,3,3,5,3,3,4,4,5,5,5,2,1,2,1,4,4,2,3,4,2,2,3,2,4,3,4,4
680,1,1,1,3,3,1,3,0,4,3,4,3,4,3,4,3,3,4,2,4,4,5,5,4,4,3,4,3,3,4,5,4,5,5,5,5,4,4,4,4,4
681,1,1,2,3,1,3,2,1,3,3,3,3,4,5,5,5,4,4,2,3,4,5,4,4,4,5,5,5,4,5,3,5,3,1,3,1,4,3,3,4,2
682,1,2,3,4,5,4,2,0,2,3,2,1,3,3,4,5,3,4,3,2,3,4,4,4,3,2,3,3,3,3,3,3,5,3,5,3,3,1,3,4,2
683,1,1,2,1,4,2,4,1,4,3,4,3,4,5,5,3,4,3,4,4,4,4,5,4,5,3,5,4,2,4,2,4,5,4,4,4,3,3,3,3,4
684,1,2,1,4,2,3,2,1,4,1,4,2,4,5,4,4,4,3,1,2,3,4,4,3,4,3,4,4,3,4,3,3,5,5,4,5,4,4,3,3,2
685,1,1,2,3,2,3,4,0,1,1,1,1,4,1,4,5,3,4,3,3,3,3,4,3,1,1,1,1,1,2,2,1,2,1,2,1,1,1,2,2,2
686,1,3,4,4,3,2,4,1,3,4,3,3,4,2,3,4,3,4,2,2,4,4,2,3,4,4,4,4,3,3,2,3,3,3,4,4,4,2,2,3,4
687,1,4,2,2,1,2,1,0,3,4,3,5,4,4,5,4,4,2,4,4,5,3,5,3,4,3,4,2,5,5,5,4,5,4,4,4,5,4,3,4,3
688,1,2,1,1,1,1,3,1,4,3,3,4,5,3,3,4,4,2,1,2,4,4,4,5,4,4,3,4,4,3,5,4,4,5,4,4,4,4,4,5,4
689,1,4,2,3,2,2,2,1,4,5,5,4,4,4,5,5,4,5,5,5,4,4,4,4,4,2,2,4,2,4,2,4,3,4,4,4,5,5,4,4,4
690,1,1,2,3,5,4,2,0,5,3,4,4,1,1,3,1,5,4,5,5,4,4,4,4,4,2,4,3,3,3,2,4,4,2,4,5,4,5,3,4,1
691,1,4,4,3,1,1,2,1,1,2,1,3,4,4,4,4,3,4,3,4,4,4,3,2,4,5,4,4,4,3,2,4,2,2,1,3,3,4,3,4,4
692,1,4,2,4,2,2,3,1,2,2,2,2,2,4,3,2,4,3,5,4,5,5,3,5,4,4,4,5,4,4,4,5,4,5,3,4,4,3,4,3,3
693,1,1,2,3,1,2,2,1,4,4,3,4,3,4,4,5,5,4,5,5,4,3,4,4,4,3,3,3,2,4,3,4,3,5,4,4,4,4,4,4,2
694,1,4,3,2,1,2,2,1,4,4,2,1,4,3,4,3,4,4,3,4,5,4,5,4,4,5,4,2,3,4,3,3,2,3,2,2,4,4,4,4,2
695,1,1,4,1,2,2,2,0,3,1,3,4,4,1,4,3,2,1,3,1,2,4,2,3,4,3,3,4,2,2,4,3,3,4,4,3,4,2,4,5,3
696,1,1,1,3,2,3,2,1,5,4,4,4,2,2,2,1,5,3,3,3,4,4,3,3,4,2,4,2,4,3,3,3,2,1,2,1,4,2,3,3,3
697,1,1,1,3,4,3,1,0,3,1,3,3,3,5,5,4,4,3,4,3,3,4,4,2,4,4,3,4,3,4,3,4,1,2,3,1,4,4,4,4,3
698,1,1,2,3,2,3,2,1,2,3,2,2,4,3,4,2,4,4,4,3,2,3,2,2,2,3,4,3,4,3,4,4,3,4,3,2,4,4,3,4,2
699,1,1,3,3,1,2,2,1,3,2,2,4,4,3,5,3,3,4,3,3,2,3,3,4,2,3,2,3,2,3,2,3,3,1,3,1,3,3,2,4,3
700,1,1,1,3,3,2,4,1,4,3,3,2,4,2,4,3,3,3,2,2,3,1,2,3,2,4,3,2,1,2,1,1,3,2,3,3,2,2,2,1,4
701,1,2,3,2,2,3,2,0,5,2,4,5,4,4,4,5,4,4,4,5,4,5,5,4,3,2,4,4,3,3,3,4,5,5,5,5,5,4,5,5,2
702,1,1,2,2,3,4,3,1,4,4,3,4,5,4,5,4,4,5,5,4,4,4,3,4,3,4,5,3,4,3,3,4,4,3,2,5,5,4,4,4,1
703,1,3,3,4,1,4,2,0,4,3,1,2,4,5,4,2,3,2,4,4,3,4,4,3,3,2,3,3,3,4,4,4,4,3,3,4,3,2,4,2,2
704,1,3,3,4,5,2,3,1,3,4,4,4,2,4,4,4,3,3,4,3,3,4,3,3,3,4,3,2,3,4,2,3,5,5,4,4,4,4,2,4,4
705,1,1,2,3,2,2,2,1,4,4,5,4,4,2,4,3,1,3,4,2,4,4,4,4,5,4,5,4,5,5,4,5,5,3,4,3,4,3,4,3,4
706,1,1,4,1,4,4,1,1,4,3,3,3,2,1,5,4,3,2,3,4,4,3,4,3,4,4,4,4,4,4,5,4,4,2,4,1,4,4,4,4,1
707,1,1,1,1,1,3,2,0,4,4,4,4,3,4,4,4,4,4,4,5,4,3,4,3,4,5,4,4,5,3,2,4,3,3,3,3,4,2,4,2,1
708,1,3,2,4,1,1,4,0,4,3,3,4,4,3,3,4,4,4,4,4,4,4,4,4,4,4,4,4,4,5,5,5,4,1,3,3,5,4,5,4,4
709,1,2,4,2,2,2,3,1,3,5,4,4,4,2,3,4,2,4,4,3,4,5,2,4,4,4,5,3,3,1,2,3,4,4,3,3,4,3,3,4,2
710,1,3,3,4,3,3,2,1,3,3,2,4,4,2,3,4,1,3,3,3,4,3,4,2,3,3,4,3,2,3,3,3,5,5,4,5,5,4,3,2,2
711,1,1,2,2,1,2,3,1,3,3,1,3,4,4,4,3,4,4,3,3,3,3,3,3,2,3,3,3,2,3,3,3,3,3,3,4,4,4,4,2,3
712,1,2,1,1,1,1,3,0,3,4,4,4,1,1,1,1,4,2,2,2,3,4,2,3,4,1,4,5,4,4,1,4,4,1,4,2,4,4,3,4,4
713,1,1,1,1,3,1,2,1,4,4,5,4,5,4,5,5,4,4,5,4,4,4,4,4,4,5,5,5,4,5,4,5,5,5,4,5,5,5,5,5,4
714,1,1,3,4,1,3,2,0,3,5,4,4,4,4,4,2,3,2,3,4,3,2,3,4,5,4,5,4,4,3,3,4,5,5,5,3,4,5,5,4,2
715,1,2,1,4,2,1,3,0,4,3,3,4,3,1,2,3,3,3,4,1,2,2,2,3,2,2,3,3,3,4,3,4,3,3,3,2,2,5,3,3,4
716,1,3,3,4,3,3,2,0,3,2,5,3,3,4,2,4,5,4,3,5,4,3,4,3,2,3,4,4,4,3,4,4,4,4,5,2,4,3,4,4,3
717,1,4,1,3,1,2,1,0,2,1,3,2,4,5,4,4,4,3,4,4,5,5,5,5,5,4,3,4,5,5,5,4,4,5,3,5,4,5,4,5,3
718,1,1,1,2,3,3,2,0,3,3,3,4,3,3,3,1,1,3,2,2,5,4,3,3,4,4,4,4,3,5,2,4,4,4,4,4,4,4,4,3,1
719,1,1,1,4,2,4,1,1,5,4,4,5,4,2,4,3,4,4,3,4,4,4,3,4,4,3,3,3,4,3,3,3,4,3,4,5,5,4,5,5,2
720,1,2,1,2,1,2,2,0,4,2,2,3,3,4,4,4,2,4,2,3,3,3,4,3,3,2,2,4,1,2,4,2,1,2,3,1,2,2,3,2,4
721,1,4,3,3,1,4,2,1,4,3,4,3,4,3,5,4,5,5,5,5,5,3,5,4,3,4,3,2,4,3,2,3,4,1,3,3,4,3,4,2,1
722,1,2,2,3,3,2,4,0,2,1,3,1,2,1,2,1,3,4,4,3,2,2,1,4,1,1,2,1,4,3,3,3,3,5,2,1,3,2,2,3,3
723,1,2,1,3,3,3,3,1,3,4,3,4,4,2,4,3,3,4,3,5,4,3,4,4,5,4,5,4,3,2,2,4,1,2,1,3,4,4,4,5,2
724,1,2,1,1,2,2,2,0,5,3,4,3,3,3,3,4,3,1,2,2,5,5,4,5,4,4,5,5,3,4,2,4,2,3,3,2,3,4,5,4,2
725,1,1,1,2,1,2,3,1,2,1,1,2,4,3,4,2,3,2,3,1,3,4,4,4,1,1,1,2,3,1,2,1,1,1,3,2,2,1,3,2,2
726,1,1,1,4,3,1,3,1,3,3,3,3,4,4,4,4,4,4,3,3,5,5,4,4,3,4,4,3,2,3,4,3,4,5,5,5,3,5,4,3,4
727,1,2,1,4,3,2,1,1,4,3,2,4,3,4,3,3,3,2,3,3,2,3,1,1,3,3,4,2,3,1,2,3,3,5,4,3,4,2,3,3,3
728,1,2,1,4,2,2,2,0,1,3,2,2,4,3,4,5,4,3,4,3,2,2,2,2,3,2,2,3,3,3,5,2,2,4,2,2,2,4,3,1,3
729,1,2,2,1,4,2,2,1,4,3,4,4,3,4,2,2,3,2,4,3,5,1,2,2,4,3,4,3,4,3,4,3,4,4,4,3,4,3,4,2,4
730,1,2,4,2,1,4,2,1,5,4,5,5,5,5,4,4,4,4,4,3,3,4,4,4,5,4,4,4,5,4,4,5,4,5,4,5,4,4,5,3,2
731,1,2,2,4,4,2,2,1,4,4,4,4,5,4,4,3,4,4,4,4,4,4,4,3,4,4,4,4,3,4,5,5,3,2,3,3,4,4,4,4,2
732,1,4,3,3,3,1,2,1,4,2,3,4,3,5,2,3,4,4,4,4,4,3,3,3,3,4,5,4,5,4,4,4,3,4,2,4,3,4,3,1,4
733,1,4,1,4,3,2,3,1,4,3,3,4,3,1,4,4,2,3,2,2,4,2,3,3,4,4,4,2,4,2,4,4,3,3,4,2,4,3,3,3,3
734,1,1,2,4,3,1,2,0,4,2,1,3,3,3,3,5,3,2,2,2,4,4,3,4,2,3,4,4,5,4,4,3,2,3,3,3,2,5,4,2,4
735,1,5,2,3,1,1,2,0,4,3,2,3,3,2,1,2,5,4,5,3,3,3,2,3,4,1,3,4,3,2,1,3,2,2,3,3,3,5,4,2,4
736,1,2,1,2,1,2,2,1,4,4,2,4,4,4,3,1,2,4,3,2,4,3,2,3,2,1,1,2,1,1,3,2,2,2,1,2,2,2,4,2,3
737,1,2,1,4,3,2,2,1,3,5,3,2,4,5,3,1,4,3,3,2,3,3,3,4,4,2,3,3,1,1,1,1,3,3,4,3,4,1,3,3,3
738,1,1,2,1,3,2,1,1,3,2,2,2,4,2,3,3,3,2,4,2,3,4,2,2,2,3,3,3,3,3,5,3,1,2,3,2,1,2,3,3,3
739,1,2,3,3,1,4,3,1,4,2,4,3,4,4,4,5,4,4,4,4,4,4,3,3,4,5,4,5,4,3,2,3,3,1,4,3,3,5,4,3,2
740,1,1,2,2,2,2,1,1,5,3,4,4,2,5,2,2,3,2,3,5,4,4,4,4,2,1,2,1,1,1,3,1,3,4,2,3,3,1,1,3,3
741,1,1,4,2,3,3,3,1,3,4,3,2,4,4,4,5,5,4,4,4,4,4,5,4,3,4,4,3,4,4,4,4,3,1,2,4,4,4,4,3,1
742,1,1,3,4,2,4,2,1,4,5,5,4,5,3,4,4,4,4,5,5,4,5,4,3,3,4,3,4,3,4,3,5,4,3,4,3,5,5,5,3,1
743,1,2,2,2,1,2,1,1,4,4,4,5,5,4,4,4,4,4,2,5,5,3,4,4,4,2,4,3,5,4,4,4,3,3,3,4,4,4,4,3,2
744,1,1,3,3,4,4,2,1,4,5,3,4,3,4,5,3,4,4,3,3,3,3,3,4,5,4,4,5,5,4,3,4,4,4,4,5,4,5,5,4,2
745,1,4,2,2,1,3,3,0,2,1,3,2,2,3,3,3,2,2,3,3,3,3,4,4,4,3,2,2,2,3,4,3,3,1,3,4,3,3,4,2,2
746,1,1,2,1,2,1,1,1,4,4,3,4,4,3,3,3,4,4,2,4,5,5,5,3,4,5,4,5,4,4,4,5,5,5,5,5,5,4,5,5,4
747,1,1,1,4,2,4,3,1,4,3,4,4,4,4,5,5,3,4,2,3,3,3,4,4,5,4,4,4,5,4,3,4,4,4,4,1,4,3,5,3,2
748,1,5,3,3,3,3,2,0,3,4,3,3,4,2,3,2,5,5,4,4,4,4,4,4,3,3,2,2,3,2,4,2,2,3,3,2,4,3,3,2,2
749,1,3,2,3,5,1,4,0,3,4,1,2,1,2,3,3,3,2,3,4,3,2,2,3,4,2,4,4,3,4,3,5,3,3,3,3,1,5,3,3,4
750,1,4,2,3,2,2,1,1,3,4,3,3,4,5,4,3,4,3,5,3,4,5,4,5,4,4,3,4,3,3,4,4,4,3,3,2,2,3,4,2,4
751,1,2,2,2,1,1,1,0,5,4,5,5,4,4,4,4,3,4,4,5,3,3,2,3,3,3,5,5,5,4,4,5,3,4,4,4,5,4,5,4,4
752,1,3,2,4,1,2,1,1,4,3,3,3,5,4,4,3,4,4,3,5,5,4,4,5,5,4,4,4,4,4,2,4,4,4,5,5,5,5,5,4,3
753,1,2,1,1,4,2,2,0,3,2,4,2,5,4,4,4,4,3,4,5,4,4,3,3,5,4,5,4,5,4,2,4,3,2,4,3,4,4,4,4,4
754,1,2,2,4,1,2,1,1,4,5,5,5,5,4,2,4,5,5,4,4,4,3,4,4,5,5,5,5,5,4,4,5,3,3,4,4,5,4,5,4,3
755,1,4,4,4,1,2,2,1,5,3,3,2,4,5,5,5,5,5,5,4,4,4,3,4,3,3,3,3,5,4,3,3,2,3,4,4,4,2,4,4,3
756,1,3,3,3,4,2,4,0,4,3,2,3,3,4,2,4,3,2,3,2,5,4,4,4,5,3,3,2,1,1,3,2,4,1,3,4,3,3,4,2,3
757,1,5,3,2,2,3,2,1,5,5,5,5,3,3,3,2,3,4,3,2,5,4,4,4,4,3,3,3,4,4,4,4,4,5,4,5,4,3,5,4,1
758,1,2,2,2,2,1,2,1,4,4,3,4,5,4,4,4,3,4,4,4,4,4,4,4,4,3,3,4,4,5,3,4,4,4,4,4,4,4,4,3,4
759,1,1,2,2,3,3,4,1,4,2,2,3,5,2,4,4,1,3,1,2,2,4,4,3,3,3,3,2,2,1,1,1,2,1,1,2,2,3,3,3,3
760,1,3,2,4,1,1,2,0,3,2,2,2,4,3,3,3,3,4,4,3,4,4,4,4,4,5,4,5,3,4,5,4,2,4,3,3,4,4,5,3,4
761,1,4,3,2,2,2,4,0,2,2,2,1,4,4,5,3,4,4,5,5,4,4,4,5,5,4,3,3,3,4,3,5,2,4,3,1,4,5,5,4,4
762,1,4,3,3,3,2,2,1,2,2,2,2,2,2,4,3,4,5,4,4,4,4,4,3,4,3,4,3,4,4,5,4,3,1,2,1,4,4,3,4,2
763,1,2,2,2,2,1,2,0,4,3,3,4,4,3,4,3,5,5,3,4,3,4,3,4,4,4,3,5,4,5,5,4,4,4,3,4,5,4,4,3,4
764,1,2,1,3,2,1,2,1,4,4,3,4,2,2,3,3,4,3,5,3,4,4,5,4,3,3,2,2,3,3,3,4,2,3,2,2,4,4,4,4,4
765,1,1,2,2,1,1,2,0,3,3,3,4,4,4,4,3,4,4,4,3,3,3,3,4,5,3,4,3,1,1,1,2,4,4,3,4,3,5,3,3,4
766,1,1,1,2,1,3,4,1,4,3,3,3,2,3,2,3,4,4,5,4,5,4,4,4,4,4,3,3,3,2,3,3,2,2,3,3,3,4,3,3,2
767,1,1,3,2,1,4,1,1,2,1,3,4,3,1,3,2,4,3,3,4,5,4,5,4,4,2,4,3,3,4,4,3,5,5,3,5,5,5,4,4,1
768,1,2,1,3,1,1,2,1,5,5,5,5,5,5,5,5,4,4,3,3,3,4,4,4,4,5,5,5,4,5,5,5,4,4,5,4,5,5,5,5,4
769,1,1,1,4,2,2,2,1,4,4,4,3,2,3,2,3,4,4,4,3,3,4,2,3,3,3,3,4,3,3,4,3,3,2,2,2,4,4,2,4,3
770,1,2,2,2,4,1,3,1,4,4,5,4,5,4,2,4,3,4,3,3,4,3,4,4,2,3,3,4,4,4,4,4,3,5,2,2,3,4,4,3,4
771,1,4,3,2,1,2,2,0,2,1,4,2,3,4,4,4,4,4,5,4,3,4,4,3,4,3,3,3,2,2,3,4,5,5,4,5,3,4,3,3,4
772,1,2,1,2,5,2,2,0,5,4,4,4,3,2,3,3,5,4,4,5,5,4,5,4,5,4,4,3,2,2,3,4,4,4,4,4,4,4,4,4,2
773,1,4,2,1,2,2,2,1,4,5,3,5,4,5,5,5,3,3,3,3,4,4,3,4,5,5,5,4,5,3,4,4,5,3,4,4,4,4,5,4,4
774,1,1,1,4,3,3,3,1,4,4,5,5,4,5,5,4,5,5,5,5,4,4,5,5,5,5,5,5,4,5,4,5,5,3,4,3,5,5,5,5,1
775,1,2,2,2,3,2,4,1,3,4,4,5,5,4,5,5,4,5,4,5,3,4,2,4,5,4,5,4,2,1,1,3,3,3,3,2,4,5,5,5,2
776,1,2,1,4,2,2,4,1,3,2,3,2,5,5,5,5,3,3,3,4,4,4,3,4,3,3,3,3,3,4,5,4,3,2,2,3,4,5,4,5,4
777,1,1,2,2,1,2,2,1,3,3,4,3,2,4,2,2,4,3,4,3,4,4,3,4,3,2,1,2,4,4,4,3,2,1,2,2,4,4,4,3,4
778,1,2,3,2,5,2,4,0,2,1,3,3,3,3,4,2,3,4,3,4,4,3,4,4,4,4,3,2,2,3,1,2,3,3,4,3,2,3,5,2,2
779,1,1,2,3,3,1,1,0,4,4,3,2,4,4,4,3,5,5,5,2,3,3,3,2,2,2,2,2,3,3,1,4,4,4,4,4,4,4,4,4,4
780,1,1,2,1,1,1,3,1,4,4,4,4,5,5,4,5,4,4,3,4,5,4,4,3,5,4,4,5,5,4,4,5,3,2,4,3,5,5,5,4,4
781,1,4,4,2,1,3,2,0,3,3,2,2,3,4,4,3,3,4,3,2,3,4,4,4,3,2,3,3,2,4,3,3,3,3,3,3,3,4,2,2,2
782,1,4,2,4,2,2,3,0,3,2,3,3,3,4,4,3,2,4,2,4,3,3,3,2,4,2,4,4,3,2,2,3,2,1,3,2,2,2,1,3,3
783,1,2,2,3,2,2,2,0,3,2,2,3,4,4,3,5,3,5,4,4,4,3,4,3,3,3,4,3,2,4,2,2,4,4,3,4,3,3,4,2,4
784,1,4,3,3,3,3,2,0,4,4,3,5,4,3,3,4,3,2,2,5,5,5,5,4,4,3,2,3,3,1,3,3,5,5,4,4,4,4,4,3,2
785,1,1,1,3,2,2,3,1,4,3,4,3,4,1,4,4,3,4,3,2,4,5,4,4,4,4,3,4,3,3,3,3,3,1,4,4,4,5,5,3,2
786,1,1,1,4,2,1,2,0,4,3,3,5,3,3,1,1,3,3,2,3,5,5,5,4,4,3,4,3,4,5,5,3,4,4,4,3,5,4,5,3,4
787,1,2,3,1,3,1,1,1,3,2,3,3,4,3,5,4,4,4,4,4,5,3,4,5,4,1,3,2,4,4,4,3,4,3,4,3,5,4,3,4,4
788,1,1,2,4,1,2,3,1,2,2,3,3,4,3,3,4,1,3,2,3,4,4,3,3,3,3,2,3,4,2,4,3,4,5,4,3,4,4,2,2,3
789,1,1,2,1,2,1,2,0,3,4,3,3,3,1,3,4,4,3,3,3,3,1,3,3,4,4,4,4,3,4,4,4,4,4,3,5,4,4,3,4,4
790,1,2,2,4,5,4,3,0,5,5,5,5,2,5,4,4,4,3,3,2,3,4,3,4,5,5,4,4,3,3,4,4,4,3,4,4,4,4,4,4,1
791,1,1,1,2,2,2,3,1,5,5,4,4,4,4,5,5,4,4,2,2,3,4,3,3,3,4,3,5,3,5,4,4,4,3,3,3,3,4,4,4,3
792,1,1,1,1,2,3,1,1,4,4,3,4,3,3,4,3,4,4,3,1,3,3,1,3,1,3,3,3,3,3,3,1,3,1,3,4,3,3,3,4,2
793,1,2,1,2,3,2,4,0,3,2,3,2,2,2,3,1,5,2,4,5,3,4,4,3,4,5,4,5,4,2,4,4,2,3,2,3,3,3,3,3,2
794,1,2,1,3,2,2,3,1,5,4,4,5,3,3,3,3,4,3,4,4,3,3,3,4,3,4,3,3,4,4,2,2,3,3,2,3,5,3,4,3,3
795,1,1,1,3,3,3,3,1,2,3,3,3,4,4,5,5,4,3,5,4,4,4,4,3,2,3,3,4,3,5,4,5,2,1,1,1,2,3,2,2,2
796,1,1,1,4,1,4,2,1,4,2,3,5,4,3,4,4,3,3,4,3,4,4,4,5,3,2,3,3,1,3,1,2,4,4,3,3,3,4,2,3,3
797,1,2,1,2,2,2,1,0,4,4,5,3,4,1,4,3,3,3,4,1,4,4,5,4,4,4,4,4,4,4,4,4,2,1,3,3,4,4,4,4,3
798,1,4,2,4,1,2,2,1,4,3,2,3,5,4,5,5,5,5,4,4,5,5,5,4,4,4,5,4,3,4,2,4,3,3,4,4,4,4,4,4,3
799,1,3,4,3,1,4,1,1,5,5,5,5,4,2,4,4,4,3,4,3,5,4,4,4,5,4,4,4,4,5,4,5,5,5,5,5,5,4,5,4,2
800,1,3,2,4,1,2,2,0,4,5,4,2,2,2,2,2,4,3,3,3,4,2,2,3,4,3,4,4,3,3,2,4,2,4,3,4,4,4,4,4,2
