ID,BRANCH_CODE,REGION,SURVEY_MODE,SURVEY_DATE,S1,OWNERSHIP,REVENUE,EXPERIENCE,MAIN_PRODUCT,NUM_BANKS,POSITION,COMP1,COMP2,COMP3,COMP4,SPEED1,SPEED2,SPEED3,SPEED4,DIGI1,DIGI2,DIGI3,DIGI4,REPU1,REPU2,REPU3,REPU4,RELA1,RELA2,RELA3,RELA4,STAFF1,STAFF2,STAFF3,STAFF4,COLL1,COLL2,COLL3,COLL4,DEC1,DEC2,DEC3,DEC4,WALLET_SHARE
DN0001,CN_MT_26,2,2,11/12/2025,1,4,3,3,2,3,3,5,5,5,5,4,4,4,4,3,4,5,5,5,5,4,3,5,4,5,5,4,4,4,4,4,4,4,4,5,4,5,5,4
DN0002,CN_MT_15,2,1,25/11/2025,1,3,4,3,2,3,1,3,2,3,4,3,2,3,2,2,2,3,3,3,2,3,3,4,4,5,4,4,3,3,4,3,3,3,4,4,5,4,5,2
DN0003,CN_MB_60,1,2,15/12/2025,1,2,1,2,4,1,2,5,5,4,4,4,4,4,4,4,5,5,4,4,4,5,4,4,3,5,5,4,4,5,4,5,4,4,4,5,5,4,5,4
DN0004,CN_MN_48,3,1,24/11/2025,1,4,2,1,2,3,3,3,3,4,3,2,3,3,2,2,3,2,3,3,2,1,3,3,2,3,3,2,3,3,2,3,3,4,3,2,3,4,2,1
DN0005,CN_MN_32,3,1,31/12/2025,1,4,3,2,1,2,2,3,4,4,3,2,2,3,2,4,4,5,3,4,5,4,5,3,3,4,3,4,4,3,4,3,2,4,3,3,4,4,3,2
DN0006,CN_MN_03,3,2,23/11/2025,1,1,1,3,3,1,1,4,3,4,3,4,4,4,4,5,5,4,5,4,4,4,4,3,3,4,4,3,4,3,3,5,5,5,5,5,4,4,4,4
DN0007,CN_MT_20,2,1,19/01/2026,1,1,2,4,2,3,2,4,3,3,3,2,3,3,2,4,4,4,3,4,4,4,5,4,4,3,4,4,4,5,4,5,4,5,4,4,4,4,4,3
DN0008,CN_MB_73,1,1,16/01/2026,1,2,2,3,4,3,3,3,3,3,2,4,4,5,5,4,4,3,3,5,4,4,4,3,4,2,3,2,2,3,3,4,3,3,4,4,3,4,3,2
DN0009,CN_MN_15,3,1,12/12/2025,1,1,3,3,2,3,4,3,4,4,4,2,2,4,4,3,4,3,2,3,3,3,3,3,3,2,2,4,4,3,4,3,3,3,4,2,1,3,2,1
DN0010,CN_MT_03,2,2,26/10/2025,1,4,3,3,1,2,1,3,3,3,3,4,4,3,4,5,5,5,5,5,4,5,3,4,3,4,4,4,3,4,4,3,4,4,4,5,4,5,5,4
DN0011,CN_MT_12,2,1,07/01/2026,1,1,1,3,3,1,2,4,4,4,4,4,3,4,4,5,4,4,3,5,5,5,5,4,5,5,4,5,5,4,5,3,3,3,4,4,4,4,4,4
DN0012,CN_MB_60,1,1,26/10/2025,1,2,1,2,3,1,2,2,3,1,2,4,4,4,4,4,5,4,4,5,4,4,4,3,4,4,3,3,4,2,3,3,3,2,2,4,5,4,4,4
DN0013,CN_MB_31,1,2,13/12/2025,1,2,2,2,4,4,2,4,4,3,4,3,4,3,4,4,3,3,3,4,4,4,5,4,4,5,3,5,4,4,4,3,4,3,3,5,5,4,5,2
DN0014,CN_MB_63,1,1,27/11/2025,1,2,3,4,2,3,3,2,3,3,4,3,2,3,3,4,4,4,3,4,4,4,4,3,2,4,4,3,4,3,4,4,5,5,3,3,4,4,4,2
DN0015,CN_MB_39,1,1,16/11/2025,1,1,2,4,3,3,2,5,4,4,3,4,4,4,5,5,5,5,5,5,4,5,5,5,5,5,5,5,4,5,4,4,4,4,3,5,5,5,5,4
DN0016,CN_MB_52,1,1,06/12/2025,1,4,2,3,2,3,3,4,3,3,3,1,2,1,2,3,2,2,3,3,3,3,3,4,4,4,4,3,4,3,4,4,3,4,4,4,3,3,3,1
DN0017,CN_MB_62,1,1,03/01/2026,1,1,3,4,1,1,3,5,4,5,3,4,3,4,4,5,5,4,3,5,4,4,4,2,3,2,2,5,4,3,4,5,5,5,5,5,5,5,4,4
DN0018,CN_MB_27,1,1,08/01/2026,1,1,2,1,1,1,4,3,2,4,3,3,4,4,4,3,4,4,2,4,4,4,4,4,3,3,4,3,4,3,3,3,3,3,2,3,4,2,3,4
DN0019,CN_MB_18,1,1,05/01/2026,1,2,2,1,2,1,3,2,3,2,3,4,4,4,3,5,4,3,2,4,5,5,5,4,5,5,4,5,4,4,5,3,4,3,4,4,5,4,5,4
DN0020,CN_MN_36,3,1,22/11/2025,1,1,2,3,1,1,3,4,4,5,5,5,3,5,3,3,3,3,4,4,4,4,4,3,5,4,4,5,4,5,4,5,5,4,5,4,5,4,4,4
DN0021,CN_MB_21,1,2,06/12/2025,1,1,3,4,4,2,4,5,5,5,5,3,5,4,3,3,3,3,3,5,5,4,4,4,3,4,3,5,5,4,4,3,4,4,4,5,5,5,5,3
DN0022,CN_MB_64,1,1,09/11/2025,1,3,3,3,2,2,2,2,1,1,3,3,3,3,2,2,2,3,4,4,5,5,4,4,3,4,3,2,3,3,3,4,4,2,4,3,3,3,3,2
DN0023,CN_MB_62,1,1,17/10/2025,1,1,1,3,1,1,3,3,4,3,4,3,4,3,4,3,3,2,4,4,4,4,3,3,4,3,4,2,2,4,1,3,4,4,4,3,4,2,4,4
DN0024,CN_MN_20,3,2,30/12/2025,1,4,3,3,2,1,3,2,3,3,2,3,3,4,4,4,4,4,4,4,2,4,3,4,3,4,3,4,4,4,3,4,4,3,3,4,4,2,3,4
DN0025,CN_MB_23,1,2,16/01/2026,1,2,3,3,1,1,3,2,2,2,2,2,4,3,2,4,4,4,3,4,4,3,5,3,3,4,4,3,4,4,4,3,4,4,3,1,5,2,2,4
DN0026,CN_MT_09,2,2,03/11/2025,1,4,2,2,2,3,2,2,2,4,4,2,3,2,2,5,2,3,5,4,3,4,4,4,4,4,4,4,4,4,4,5,4,5,4,4,3,5,4,3
DN0027,CN_MB_78,1,2,22/12/2025,1,2,3,3,4,4,3,3,3,4,4,4,5,4,4,3,5,3,5,4,5,4,5,3,4,4,4,4,3,2,3,3,3,3,4,5,5,5,5,2
DN0028,CN_MB_58,1,1,22/10/2025,1,1,2,2,1,1,1,4,2,2,3,3,2,3,2,4,3,5,4,3,3,3,3,3,3,4,3,5,4,5,4,3,2,1,3,3,4,3,3,4
DN0029,CN_MB_44,1,1,31/12/2025,1,1,1,3,4,2,1,2,2,2,3,4,4,4,4,2,2,3,2,3,4,3,4,4,2,3,3,4,3,3,4,3,4,4,4,3,4,3,4,1
DN0030,CN_MN_33,3,1,10/01/2026,1,2,4,3,4,4,1,4,4,4,3,5,4,4,5,5,4,5,5,5,5,4,5,5,3,5,4,3,2,4,3,4,4,4,4,5,5,5,5,4
DN0031,CN_MB_47,1,2,28/12/2025,1,2,2,1,2,2,3,2,3,4,3,5,4,5,5,4,4,5,4,4,4,3,4,4,4,5,4,3,4,4,4,5,5,5,5,3,5,4,4,4
DN0032,CN_MN_05,3,2,14/12/2025,1,2,2,3,1,2,3,3,2,3,3,5,5,5,5,5,5,5,4,5,5,5,5,5,5,4,4,4,4,3,3,3,3,4,3,5,3,3,4,4
DN0033,CN_MT_17,2,1,21/12/2025,1,4,4,1,2,3,4,2,2,2,2,3,4,3,4,4,4,4,3,4,4,4,4,2,4,4,4,4,3,4,5,3,3,3,2,2,2,4,3,3
DN0034,CN_MN_05,3,1,21/11/2025,1,1,1,1,2,1,4,3,3,1,4,2,3,2,3,4,4,4,3,4,3,3,4,3,3,3,3,3,3,3,3,3,3,2,2,2,5,2,2,4
DN0035,CN_MN_21,3,2,07/11/2025,1,2,3,2,2,2,3,3,3,3,3,3,2,3,3,4,4,4,4,5,4,4,4,3,4,2,4,3,2,2,2,3,4,4,3,3,4,3,3,1
DN0036,CN_MB_13,1,1,17/12/2025,1,2,2,1,2,1,4,3,4,3,2,4,5,5,5,4,3,4,2,4,3,3,5,5,5,5,5,4,3,2,4,3,3,2,4,4,4,4,4,4
DN0037,CN_MT_19,2,2,08/11/2025,1,2,1,4,2,1,4,1,2,2,2,4,4,5,4,4,4,3,4,1,3,2,3,4,4,4,3,3,3,3,3,5,4,4,4,3,4,3,2,4
DN0038,CN_MN_46,3,1,30/10/2025,1,4,1,2,4,3,1,3,3,4,4,4,4,5,5,5,5,5,5,3,3,5,3,4,3,3,4,4,4,4,5,4,4,4,4,5,4,4,4,3
DN0039,CN_MN_42,3,2,23/11/2025,1,2,3,4,4,4,1,4,1,2,1,5,3,4,4,4,4,4,5,5,5,5,4,4,5,3,3,3,2,3,3,3,3,3,3,4,4,4,4,1
DN0040,CN_MN_43,3,2,15/11/2025,1,1,2,2,1,2,2,4,4,5,4,4,4,3,2,3,4,3,3,3,4,3,3,3,3,3,3,3,2,2,3,4,5,5,5,4,3,4,4,1
DN0041,CN_MB_01,1,1,03/12/2025,1,4,4,3,2,2,3,3,3,1,3,1,2,2,2,3,3,3,2,4,4,3,4,4,4,3,4,3,3,4,2,1,3,2,1,3,4,2,2,2
DN0042,CN_MN_35,3,2,20/10/2025,1,1,1,3,1,2,2,2,1,3,4,3,3,3,3,3,3,2,3,3,2,3,1,3,1,3,3,3,2,4,3,4,5,4,4,2,1,2,2,1
DN0043,CN_MN_35,3,1,06/11/2025,1,2,1,4,3,3,1,3,3,2,3,2,3,3,1,3,4,5,4,4,3,4,4,4,5,4,4,4,4,2,4,2,3,2,4,4,3,3,4,4
DN0044,CN_MB_17,1,2,26/12/2025,1,2,2,2,2,3,2,3,2,2,2,4,3,5,4,3,2,3,3,3,3,3,3,4,3,3,3,4,4,4,5,4,2,4,3,3,3,3,3,2
DN0045,CN_MN_21,3,2,21/12/2025,1,1,1,2,1,1,1,2,3,3,3,3,4,4,4,5,4,4,5,3,4,3,3,3,4,4,5,3,3,3,3,3,3,2,3,4,4,3,3,4
DN0046,CN_MB_08,1,1,29/10/2025,1,4,3,2,1,2,2,3,2,4,2,2,2,4,1,4,4,5,4,5,4,3,4,3,4,2,4,3,4,4,4,4,4,3,4,3,4,3,3,1
DN0047,CN_MN_45,3,1,12/11/2025,1,1,2,4,3,2,1,4,3,3,2,4,4,5,4,5,5,5,4,4,3,3,4,2,2,1,1,2,2,1,2,3,2,4,3,3,2,2,4,1
DN0048,CN_MB_09,1,1,07/12/2025,1,1,1,2,3,1,3,4,3,4,3,3,4,3,3,3,4,3,3,4,4,3,4,4,4,4,4,4,4,4,3,2,2,3,3,4,4,3,3,4
DN0049,CN_MN_45,3,2,21/12/2025,1,1,2,3,1,2,3,4,4,4,4,4,4,4,4,2,3,3,3,4,4,5,3,5,4,4,5,4,4,4,4,5,5,5,4,4,3,4,5,3
DN0050,CN_MB_61,1,1,19/10/2025,1,2,3,3,4,2,2,3,2,4,2,5,4,5,4,3,3,3,2,5,4,4,4,2,4,4,4,3,4,3,4,2,2,3,4,4,3,4,4,2
DN0051,CN_MN_34,3,1,11/01/2026,1,4,4,1,1,2,3,3,2,2,3,4,2,2,2,5,5,4,5,5,5,5,4,3,4,4,4,4,4,4,4,4,3,4,3,4,3,4,2,2
DN0052,CN_MT_25,2,2,14/12/2025,1,2,3,4,1,4,2,4,5,3,4,2,1,2,3,2,3,2,1,4,3,4,4,4,4,3,3,4,4,3,4,3,4,4,4,4,3,3,3,3
DN0053,CN_MN_01,3,2,07/01/2026,1,2,3,4,3,3,4,2,2,3,3,4,4,4,5,4,3,2,3,5,5,5,5,3,2,3,2,5,5,5,5,4,3,3,3,5,3,3,4,2
DN0054,CN_MB_08,1,1,27/10/2025,1,1,3,2,2,4,2,3,3,3,5,4,4,3,3,4,3,3,3,4,4,4,4,4,4,5,3,4,4,4,3,4,3,3,3,5,4,5,4,3
DN0055,CN_MB_06,1,1,08/11/2025,1,3,4,3,1,2,1,2,3,2,4,5,5,5,4,4,3,2,3,4,5,4,5,4,3,4,4,4,5,3,4,2,4,2,2,2,4,4,3,2
DN0056,CN_MB_27,1,2,02/11/2025,1,2,2,3,1,2,3,4,5,5,3,4,4,4,5,5,4,4,5,4,4,4,4,5,5,4,5,5,5,5,4,4,3,4,4,4,5,4,4,4
DN0057,CN_MN_41,3,2,11/11/2025,1,1,2,4,1,3,2,4,3,4,3,4,5,4,5,3,3,3,3,4,3,4,4,3,4,4,3,3,4,3,3,3,3,4,4,5,4,3,3,2
DN0058,CN_MT_24,2,1,12/12/2025,1,2,2,3,4,1,3,4,4,3,5,3,3,2,4,4,3,4,3,4,4,4,4,4,4,3,3,4,3,3,4,4,4,3,3,4,4,4,3,4
DN0059,CN_MT_26,2,2,07/11/2025,1,3,3,4,1,3,2,3,2,2,3,5,3,5,4,4,3,3,3,3,4,3,3,4,4,3,3,3,4,3,2,5,4,5,4,3,2,3,4,1
DN0060,CN_MN_03,3,1,22/12/2025,1,3,2,2,4,2,2,3,4,3,2,3,3,4,3,3,3,4,4,4,4,5,4,2,4,3,2,4,4,3,3,4,4,3,3,4,4,4,3,2
DN0061,CN_MT_11,2,2,18/01/2026,1,1,2,3,1,3,1,3,1,3,3,5,3,5,4,5,4,5,5,5,5,5,4,3,3,4,3,3,3,2,2,5,5,4,5,3,4,4,4,3
DN0062,CN_MN_17,3,2,25/11/2025,1,1,2,3,3,1,3,3,3,3,4,3,4,4,3,2,4,4,4,5,5,5,5,3,3,3,4,5,4,5,4,3,3,3,2,4,4,4,4,4
DN0063,CN_MT_24,2,1,26/11/2025,1,3,3,3,2,2,2,3,4,4,4,4,3,3,3,2,4,3,3,5,4,5,4,4,4,4,4,3,3,2,3,3,2,3,2,4,5,4,3,1
DN0064,CN_MN_17,3,2,10/12/2025,1,3,3,3,2,4,1,3,2,2,2,3,2,4,2,3,4,4,4,4,4,5,4,4,3,4,2,3,3,3,2,3,4,3,4,3,3,2,2,2
DN0065,CN_MN_36,3,2,17/10/2025,1,2,2,1,1,3,2,3,3,4,3,3,2,4,2,2,3,2,2,4,4,4,4,3,4,3,4,4,3,3,4,2,3,2,3,3,5,3,4,2
DN0066,CN_MT_10,2,2,19/12/2025,1,1,3,4,1,1,3,2,2,3,2,4,4,3,3,1,3,3,2,4,4,4,4,3,4,5,4,5,5,5,5,4,5,5,5,3,4,5,4,4
DN0067,CN_MB_49,1,2,20/12/2025,1,2,3,2,5,2,2,3,4,5,4,3,4,3,3,2,2,1,2,4,4,3,5,4,5,4,4,5,3,3,4,4,2,4,3,4,4,4,4,3
DN0068,CN_MB_75,1,1,03/11/2025,1,1,3,1,1,4,3,5,4,5,5,4,4,3,5,4,5,5,5,4,5,5,4,3,3,3,3,4,3,3,3,3,3,4,4,3,3,4,4,1
DN0069,CN_MB_20,1,2,15/12/2025,1,4,3,3,2,3,2,3,4,1,2,4,4,4,5,2,2,1,2,4,4,4,4,2,3,3,4,2,2,2,1,2,2,3,3,4,4,3,2,1
DN0070,CN_MN_11,3,1,03/11/2025,1,3,3,3,1,4,1,3,3,4,4,2,2,2,2,4,5,4,4,4,4,4,4,3,3,3,4,5,2,4,4,2,1,3,1,3,3,2,3,1
DN0071,CN_MT_09,2,1,13/11/2025,1,1,2,4,1,3,3,5,4,4,2,3,2,4,3,3,4,4,4,3,3,4,4,4,4,3,4,3,4,5,2,3,4,4,3,4,4,5,4,2
DN0072,CN_MN_32,3,2,24/10/2025,1,2,1,2,1,1,3,3,2,4,3,1,2,3,3,3,4,3,4,3,4,4,4,4,4,4,4,4,5,4,3,3,2,3,3,3,5,4,4,4
DN0073,CN_MB_18,1,2,15/01/2026,1,4,3,4,1,2,4,2,3,3,3,4,5,3,3,4,5,3,4,5,4,5,5,3,3,4,5,5,5,4,5,3,3,3,4,4,4,3,4,2
DN0074,CN_MB_24,1,2,26/10/2025,1,2,1,1,3,2,2,3,4,5,2,4,4,4,4,3,4,4,3,5,5,4,5,3,4,3,3,5,5,5,5,5,4,5,4,4,4,5,5,3
DN0075,CN_MB_04,1,2,07/11/2025,1,2,1,4,2,2,3,3,4,4,3,3,2,3,2,3,4,4,3,4,4,5,5,3,4,4,4,5,5,5,5,5,4,5,5,5,5,4,4,4
DN0076,CN_MN_16,3,2,07/12/2025,1,1,1,1,1,1,2,3,2,4,4,5,4,4,5,4,5,3,4,4,4,4,4,5,3,4,3,4,3,3,3,3,3,3,3,4,4,4,4,4
DN0077,CN_MB_23,1,2,03/12/2025,1,2,4,3,2,3,2,4,4,4,4,4,4,4,2,3,4,3,1,5,5,4,4,4,3,4,4,4,5,5,5,3,3,4,3,4,4,4,4,2
DN0078,CN_MB_37,1,2,23/11/2025,1,1,1,3,3,1,1,3,4,4,3,5,5,5,5,4,4,3,4,4,5,5,5,4,4,4,4,4,4,4,5,4,3,3,2,4,5,4,4,4
DN0079,CN_MN_13,3,1,05/01/2026,1,2,2,3,2,2,2,2,1,3,2,2,2,1,3,4,5,4,5,5,4,3,4,3,5,4,4,3,3,4,3,1,1,2,3,3,2,3,2,1
DN0080,CN_MB_52,1,2,28/10/2025,1,1,2,4,2,3,3,4,3,3,4,4,3,3,3,2,2,2,1,4,5,4,5,4,4,5,5,4,4,4,5,4,4,5,4,5,4,5,4,4
DN0081,CN_MN_47,3,1,20/12/2025,1,1,2,1,3,2,3,3,4,5,4,3,4,2,3,2,3,3,3,5,4,4,4,5,4,4,5,3,4,4,4,2,3,5,3,4,3,3,3,2
DN0082,CN_MN_08,3,2,19/10/2025,1,1,1,3,1,1,3,4,5,4,4,5,5,5,5,3,4,3,4,5,5,5,4,4,4,5,5,5,5,4,5,4,4,4,4,5,5,4,5,4
DN0083,CN_MT_09,2,2,23/12/2025,1,1,2,1,1,3,1,4,3,4,4,3,3,4,3,5,4,5,5,5,4,5,5,3,3,3,3,5,5,5,4,5,4,5,5,5,5,5,5,3
DN0084,CN_MN_05,3,1,14/01/2026,1,5,2,3,3,1,3,4,3,3,4,2,2,2,3,3,4,4,4,5,4,4,3,4,4,4,4,4,4,4,5,3,3,4,3,4,4,4,4,4
DN0085,CN_MN_38,3,1,07/12/2025,1,1,1,1,4,2,4,4,4,4,4,3,3,4,4,2,2,4,3,5,5,5,5,5,5,5,5,4,5,4,4,3,4,3,3,5,4,5,5,4
DN0086,CN_MB_17,1,2,05/01/2026,1,4,2,4,4,4,1,5,4,5,4,4,4,4,3,4,4,4,5,5,5,5,5,4,5,4,4,4,4,4,3,4,4,5,4,4,5,5,5,4
DN0087,CN_MT_28,2,2,19/11/2025,1,2,2,4,2,2,2,3,2,3,3,5,3,4,4,4,4,4,3,4,4,4,4,4,5,5,4,4,5,4,4,3,3,3,4,5,4,4,4,3
DN0088,CN_MN_14,3,1,04/01/2026,1,2,2,4,2,1,3,3,3,3,2,3,2,3,4,3,3,4,4,4,3,4,3,2,3,4,3,3,4,3,4,3,4,4,3,2,5,3,2,4
DN0089,CN_MB_70,1,2,30/12/2025,1,4,3,2,3,2,4,2,1,1,2,1,2,2,2,3,4,3,3,3,4,4,3,2,2,1,2,3,2,2,3,2,2,2,1,2,2,1,2,1
DN0090,CN_MB_57,1,1,02/12/2025,1,4,3,3,1,2,3,3,4,2,4,4,4,4,4,3,4,4,3,5,5,5,4,4,3,5,4,3,3,3,4,3,4,4,3,4,4,4,4,4
DN0091,CN_MN_34,3,1,27/11/2025,1,1,3,4,2,3,1,4,4,5,4,4,3,4,4,3,3,3,3,4,4,4,4,5,4,3,3,4,4,3,3,3,4,3,4,3,4,4,4,3
DN0092,CN_MB_27,1,1,13/12/2025,1,2,2,1,2,1,1,3,3,2,2,3,4,3,4,4,4,3,3,5,5,4,4,3,4,4,1,3,3,3,4,4,3,3,4,2,5,2,2,4
DN0093,CN_MB_29,1,2,10/11/2025,1,2,2,3,1,2,3,5,4,5,4,4,4,4,4,2,2,3,3,5,4,4,5,3,3,3,3,3,4,3,4,4,5,3,4,4,5,4,4,2
DN0094,CN_MN_48,3,2,19/12/2025,1,2,2,1,1,2,4,4,3,4,3,2,2,4,2,2,3,4,3,4,4,4,4,4,4,3,3,4,3,3,4,2,1,2,2,2,4,3,3,1
DN0095,CN_MT_18,2,2,02/11/2025,1,1,2,2,1,2,2,4,4,5,5,4,3,3,4,3,4,4,4,5,5,5,5,5,4,5,5,4,3,2,4,4,3,3,3,5,4,4,3,3
DN0096,CN_MB_26,1,2,15/12/2025,1,2,1,2,3,2,1,4,3,2,2,4,5,4,4,4,5,4,3,5,5,4,5,3,3,3,4,3,2,4,3,3,3,3,3,5,4,4,4,3
DN0097,CN_MN_29,3,1,18/12/2025,1,3,4,2,2,4,2,3,3,3,3,5,5,4,4,3,4,5,3,3,4,3,4,4,2,3,3,4,4,5,4,3,2,2,3,4,3,3,3,3
DN0098,CN_MN_44,3,1,18/10/2025,1,3,4,3,1,2,2,4,5,4,3,3,2,3,2,5,4,5,4,5,5,5,5,5,4,5,5,5,4,5,4,2,3,2,2,4,4,5,4,3
DN0099,CN_MB_25,1,2,06/11/2025,1,1,2,2,1,1,3,4,4,5,4,3,3,3,3,4,5,3,4,4,4,3,3,4,4,5,4,4,4,3,5,5,4,4,4,4,4,4,4,4
DN0100,CN_MN_34,3,1,19/10/2025,1,1,1,1,4,2,3,4,4,4,4,2,2,2,3,2,2,4,2,3,3,3,3,4,3,3,4,3,5,3,3,3,1,3,2,3,4,3,2,1
DN0101,CN_MB_33,1,2,14/12/2025,1,1,1,4,2,1,2,3,3,2,3,3,3,4,4,4,4,4,4,4,4,4,4,5,5,4,3,5,4,4,4,4,3,3,3,4,4,4,4,4
DN0102,CN_MT_05,2,1,04/12/2025,1,2,3,4,1,4,3,5,5,5,5,4,3,3,4,4,4,4,3,5,5,5,5,4,3,5,4,3,2,2,3,3,2,3,2,5,4,5,4,3
DN0103,CN_MN_12,3,1,09/11/2025,1,1,1,2,3,2,4,1,1,3,2,4,2,2,3,2,4,3,3,3,4,3,3,2,3,2,3,3,2,3,2,3,2,2,1,2,3,2,2,1
DN0104,CN_MT_13,2,1,15/11/2025,1,1,1,3,3,2,1,3,3,2,2,3,3,4,3,2,3,3,4,4,3,4,4,4,4,4,5,4,3,3,3,3,3,3,3,4,3,3,4,1
DN0105,CN_MN_44,3,2,24/10/2025,1,3,4,3,2,3,1,4,4,3,3,4,4,4,3,2,4,3,3,5,4,4,4,3,4,2,3,3,3,3,4,2,1,1,3,4,4,4,2,2
DN0106,CN_MB_71,1,1,05/12/2025,1,2,2,3,2,2,3,3,4,2,3,1,2,1,2,4,4,4,4,5,5,5,5,3,4,4,4,4,5,5,5,4,5,5,5,5,4,5,4,4
DN0107,CN_MB_01,1,1,12/11/2025,1,2,1,3,2,1,3,4,4,4,3,4,3,4,4,3,4,3,4,5,5,3,4,4,4,5,4,2,2,2,4,3,3,4,3,4,5,3,4,4
DN0108,CN_MB_44,1,1,15/11/2025,1,2,1,2,1,1,3,3,4,4,3,4,2,4,3,3,3,3,2,4,3,4,4,4,3,3,5,3,4,3,5,4,3,5,3,4,5,4,4,4
DN0109,CN_MN_13,3,1,31/10/2025,1,1,2,1,4,3,3,2,2,3,1,4,4,5,4,2,3,4,4,3,3,4,2,3,4,3,4,4,5,5,5,3,2,3,3,4,4,4,4,2
DN0110,CN_MB_22,1,1,23/12/2025,1,3,2,4,1,4,2,4,4,4,4,3,4,3,4,4,2,3,4,4,5,4,4,4,4,3,5,4,3,3,5,3,4,4,4,3,4,4,4,2
DN0111,CN_MB_28,1,2,15/10/2025,1,1,2,1,4,2,2,2,2,3,3,3,3,2,4,4,5,5,4,4,3,3,4,3,3,4,3,3,3,3,3,4,2,3,3,3,3,3,5,3
DN0112,CN_MB_34,1,1,04/12/2025,1,1,1,2,3,1,2,4,3,3,2,3,4,4,3,4,2,3,3,4,4,3,3,4,3,3,4,3,4,3,3,2,2,2,1,4,5,3,3,4
DN0113,CN_MN_48,3,1,18/01/2026,1,1,1,3,3,1,2,1,2,1,1,3,3,3,2,4,3,2,4,4,4,4,3,2,2,4,3,3,3,3,3,1,1,2,1,3,4,4,3,4
DN0114,CN_MN_21,3,1,21/12/2025,1,1,1,1,4,1,2,4,3,3,3,4,4,4,4,4,4,5,4,4,3,3,3,4,4,4,4,3,2,3,4,4,4,4,3,4,5,5,4,4
DN0115,CN_MT_09,2,2,24/12/2025,1,2,2,1,2,4,2,3,4,4,2,5,4,5,5,4,5,4,4,4,4,3,4,5,5,5,5,4,5,4,4,1,3,2,2,4,5,5,4,4
DN0116,CN_MN_17,3,2,21/12/2025,1,2,2,1,5,2,2,3,3,4,2,3,3,4,3,4,3,4,4,5,4,4,5,5,4,4,5,3,4,3,5,2,2,2,3,3,2,4,3,2
DN0117,CN_MB_78,1,1,01/01/2026,1,3,4,2,2,1,4,5,4,4,4,5,5,5,5,4,5,4,4,5,5,5,5,5,5,5,4,4,4,5,4,4,5,5,4,4,5,5,5,4
DN0118,CN_MB_42,1,2,17/12/2025,1,2,1,3,4,1,1,3,3,3,3,3,2,3,4,5,4,3,3,3,4,4,4,4,3,4,4,4,5,3,4,4,3,4,1,3,5,2,3,4
DN0119,CN_MT_20,2,2,15/01/2026,1,1,1,1,1,2,2,2,3,3,3,4,3,3,4,5,5,5,4,4,4,3,4,3,2,3,3,5,4,5,5,2,3,2,3,3,3,4,4,1
DN0120,CN_MT_16,2,2,23/12/2025,1,1,3,4,1,3,3,3,3,4,4,2,3,2,2,4,5,3,2,3,3,4,3,3,3,3,4,4,4,4,5,3,4,2,3,4,3,3,3,2
DN0121,CN_MB_29,1,1,17/10/2025,1,5,1,2,1,2,3,4,4,4,3,4,5,4,5,4,4,4,4,5,5,5,5,5,5,4,5,4,3,4,3,5,4,5,5,5,5,4,4,4
DN0122,CN_MB_16,1,2,28/10/2025,1,2,1,3,1,2,1,2,3,3,4,5,5,4,4,5,5,5,5,4,4,4,4,4,5,4,4,4,5,5,4,5,4,4,4,5,5,5,4,2
DN0123,CN_MN_09,3,1,17/12/2025,1,2,1,3,2,1,2,3,1,2,1,4,1,2,2,4,3,4,4,4,4,4,4,2,4,4,3,3,3,2,3,2,2,3,2,4,4,3,3,4
DN0124,CN_MN_06,3,1,17/11/2025,1,1,2,1,4,2,3,5,4,5,4,4,4,5,4,4,5,5,2,4,4,3,4,5,3,4,5,4,4,2,5,3,3,3,2,4,4,4,5,4
DN0125,CN_MN_30,3,2,17/01/2026,1,2,1,3,2,4,3,4,4,5,4,3,2,4,2,4,4,2,1,5,4,5,5,3,3,3,4,4,5,5,4,4,5,4,3,3,3,4,4,2
DN0126,CN_MB_36,1,1,13/01/2026,1,1,1,3,1,1,3,3,4,3,3,3,3,3,3,4,4,4,4,2,2,3,3,3,3,4,4,3,3,3,4,4,4,5,5,3,5,4,3,4
DN0127,CN_MB_25,1,2,08/01/2026,1,1,3,4,1,4,4,3,2,3,4,4,4,2,4,4,4,3,4,4,3,4,4,3,3,3,2,5,4,5,5,3,3,4,4,4,4,5,3,2
DN0128,CN_MT_25,2,2,10/01/2026,1,3,4,3,1,4,1,2,2,3,4,2,2,1,1,4,4,4,4,4,3,2,3,3,4,4,3,5,4,3,5,3,3,1,2,3,4,4,3,3
DN0129,CN_MB_55,1,1,08/01/2026,1,1,2,2,3,2,2,3,2,2,1,3,2,3,3,4,5,3,3,4,5,4,4,3,2,4,2,2,1,3,3,4,3,3,3,2,2,3,3,1
DN0130,CN_MN_34,3,2,16/01/2026,1,2,1,2,2,2,1,3,2,2,3,3,3,4,2,4,2,3,2,4,3,3,4,2,3,3,4,5,4,4,4,2,2,1,2,3,2,3,4,1
DN0131,CN_MN_12,3,2,29/11/2025,1,4,4,3,3,2,2,3,3,3,4,4,3,4,3,5,4,3,5,5,4,4,4,4,5,5,5,4,4,2,4,3,4,5,3,4,5,4,5,4
DN0132,CN_MN_40,3,1,07/11/2025,1,4,3,3,1,3,3,2,3,5,4,2,5,3,2,4,4,3,3,5,5,5,5,4,4,4,3,5,4,4,4,5,4,4,5,3,3,4,5,1
DN0133,CN_MN_46,3,1,02/11/2025,1,3,2,4,1,2,3,4,5,5,3,4,4,3,4,3,4,3,2,5,5,5,4,5,3,4,2,4,4,3,3,4,4,3,2,4,4,4,4,3
DN0134,CN_MB_49,1,1,08/12/2025,1,1,2,3,3,2,2,3,2,1,1,4,4,4,4,5,4,5,4,3,3,4,2,3,3,2,3,4,3,3,5,2,1,2,1,4,3,3,4,1
DN0135,CN_MB_32,1,2,20/01/2026,1,1,2,3,1,2,2,2,2,1,2,5,4,5,4,4,4,4,2,3,4,2,2,2,3,3,2,4,4,5,4,3,3,3,3,3,3,4,3,1
DN0136,CN_MN_16,3,2,16/10/2025,1,2,3,3,4,2,2,3,2,3,3,4,4,2,2,4,4,3,4,5,5,5,5,3,3,4,3,4,5,3,4,2,1,2,1,3,4,3,4,1
DN0137,CN_MB_66,1,1,04/11/2025,1,2,3,1,1,2,3,3,3,3,2,3,3,4,4,3,3,3,1,4,3,4,5,5,4,5,4,3,2,4,3,4,3,4,3,4,4,3,3,2
DN0138,CN_MN_41,3,2,21/12/2025,1,1,2,3,1,1,2,2,3,3,4,4,2,4,2,4,4,4,3,4,4,2,3,3,3,3,3,2,2,2,2,2,1,1,1,3,5,2,2,4
DN0139,CN_MB_29,1,1,31/12/2025,1,3,3,3,4,2,2,4,3,5,4,4,4,3,3,2,1,2,3,5,5,4,4,1,4,3,3,4,3,3,4,4,5,4,5,5,3,5,5,3
DN0140,CN_MN_12,3,1,29/11/2025,1,1,1,1,3,2,3,3,2,2,2,3,2,4,2,5,4,4,5,4,4,4,4,4,3,4,4,4,3,3,4,5,4,4,4,4,4,4,4,3
DN0141,CN_MN_15,3,2,24/12/2025,1,1,2,3,2,2,1,4,4,4,3,5,5,5,4,5,5,5,5,5,5,5,5,4,5,5,4,5,4,4,5,5,4,4,4,5,4,5,4,3
DN0142,CN_MN_11,3,1,28/10/2025,1,1,2,2,1,3,1,4,4,4,3,3,5,4,2,4,3,4,2,5,5,5,5,3,3,3,3,4,4,3,5,1,1,1,2,5,5,5,5,2
DN0143,CN_MB_38,1,1,13/01/2026,1,3,3,2,1,4,1,2,3,2,3,2,2,4,4,3,2,3,3,5,4,5,5,4,3,3,3,3,3,2,4,4,4,4,5,4,3,3,4,1
DN0144,CN_MT_19,2,1,06/11/2025,1,4,2,1,1,2,1,4,5,3,2,5,5,5,5,4,5,4,4,5,4,4,4,5,5,4,4,3,4,2,4,5,5,5,5,4,3,5,4,3
DN0145,CN_MN_09,3,2,21/10/2025,1,2,4,4,1,3,2,3,2,4,3,4,4,3,4,4,5,5,4,4,5,5,5,2,3,3,4,2,3,3,3,4,4,5,5,4,3,4,4,1
DN0146,CN_MN_21,3,1,10/01/2026,1,3,2,4,2,1,4,2,4,4,3,5,4,4,4,2,3,4,2,4,3,4,4,4,4,4,4,5,5,4,5,3,4,3,3,3,4,4,5,4
DN0147,CN_MB_28,1,2,15/01/2026,1,2,2,4,4,1,2,2,4,3,4,3,2,3,3,2,2,3,2,4,2,4,3,3,4,4,4,3,3,4,3,3,5,3,4,4,5,4,3,4
DN0148,CN_MN_44,3,1,22/11/2025,1,2,3,4,1,2,4,5,4,4,4,4,5,4,4,3,3,2,3,4,3,4,5,4,3,4,2,4,3,2,3,5,4,4,4,5,4,4,5,1
DN0149,CN_MN_13,3,2,29/11/2025,1,3,4,3,2,2,3,4,5,3,4,3,3,4,3,3,4,4,4,5,5,5,5,4,4,5,5,3,3,3,3,4,4,5,4,5,4,5,5,4
DN0150,CN_MN_16,3,1,22/12/2025,1,4,3,4,2,4,3,3,3,3,2,2,2,1,1,3,4,4,4,2,3,3,3,4,4,5,4,4,2,2,3,4,5,4,3,4,4,4,3,2
DN0151,CN_MT_20,2,2,16/01/2026,1,4,2,1,2,4,2,2,4,4,2,2,2,2,3,3,3,3,3,3,3,4,3,3,2,3,3,4,4,4,3,4,4,4,2,2,2,2,2,1
DN0152,CN_MB_54,1,1,23/12/2025,1,3,4,3,1,2,3,5,4,4,3,4,2,3,3,3,1,2,3,3,4,4,4,5,4,4,4,4,4,4,4,3,4,3,5,5,4,4,4,3
DN0153,CN_MB_62,1,1,31/10/2025,1,3,2,3,3,4,2,2,3,2,2,5,4,4,4,2,5,4,2,4,5,4,4,2,2,2,3,4,4,4,4,4,3,3,2,5,5,5,3,3
DN0154,CN_MN_38,3,1,25/12/2025,1,2,2,3,2,2,2,4,4,3,3,5,3,4,3,4,3,2,3,5,5,4,5,3,4,5,4,4,1,3,3,4,3,4,5,4,3,5,5,3
DN0155,CN_MB_16,1,2,11/11/2025,1,1,2,4,3,3,3,2,1,4,2,2,4,3,2,3,4,3,3,4,4,3,4,5,5,3,4,4,4,5,4,2,3,4,3,4,3,4,4,3
DN0156,CN_MT_28,2,1,05/01/2026,1,2,1,4,2,2,3,2,3,2,3,3,2,2,1,4,4,3,4,5,5,4,5,3,2,2,3,3,4,3,3,2,2,1,2,3,3,3,2,1
DN0157,CN_MN_02,3,2,11/12/2025,1,4,1,1,3,1,4,2,2,3,4,3,4,4,5,4,4,4,3,3,3,3,4,3,4,3,4,4,4,2,3,3,3,4,3,4,4,4,4,4
DN0158,CN_MN_48,3,2,28/10/2025,1,1,2,2,4,2,2,3,3,3,1,4,4,4,4,2,3,3,3,5,4,4,4,4,3,3,3,3,4,2,3,4,3,4,3,2,3,3,3,1
DN0159,CN_MB_45,1,1,12/12/2025,1,1,1,3,1,2,2,3,3,2,2,4,4,5,4,3,4,4,5,4,4,4,5,4,4,5,5,4,2,3,4,4,4,5,5,4,4,5,5,4
DN0160,CN_MB_52,1,1,29/11/2025,1,1,1,3,4,1,1,3,4,4,4,3,3,3,2,4,4,4,4,4,3,5,3,3,4,3,2,3,4,5,3,3,3,4,4,4,4,3,3,4
DN0161,CN_MT_12,2,1,30/12/2025,1,1,1,1,4,3,4,4,4,3,4,3,3,4,3,3,4,4,3,4,2,3,2,4,4,4,3,2,2,3,2,4,3,3,2,5,3,4,3,2
DN0162,CN_MT_25,2,1,21/12/2025,1,1,1,3,1,1,3,3,2,3,3,2,2,3,2,4,4,3,4,4,3,3,4,2,2,3,3,3,3,2,3,4,4,3,3,3,4,3,4,4
DN0163,CN_MT_15,2,1,13/11/2025,1,2,2,2,4,3,2,4,4,4,3,3,3,3,4,4,2,3,2,4,4,4,4,3,4,4,5,3,3,4,4,3,4,3,3,4,4,5,3,2
DN0164,CN_MN_31,3,1,01/12/2025,1,4,3,3,2,3,2,3,2,1,1,4,3,5,4,5,4,4,5,4,4,4,3,4,2,2,3,3,4,4,3,1,2,1,2,3,3,3,2,1
DN0165,CN_MN_42,3,1,07/12/2025,1,4,3,2,1,3,1,4,4,2,2,4,4,4,4,4,4,5,4,4,5,5,5,4,5,4,4,5,4,4,4,4,4,4,3,4,4,4,5,4
DN0166,CN_MT_14,2,1,01/11/2025,1,2,2,2,1,2,4,2,3,2,4,4,3,3,4,3,3,3,4,4,4,4,4,2,3,3,3,3,3,3,3,2,1,3,1,3,2,2,3,1
DN0167,CN_MB_16,1,2,15/01/2026,1,1,2,3,5,3,2,5,4,4,5,3,4,5,4,4,4,3,4,3,3,2,4,4,4,4,2,5,5,4,4,3,4,4,3,3,4,4,4,2
DN0168,CN_MN_28,3,2,16/01/2026,1,2,3,4,3,1,4,2,3,4,2,3,2,2,2,2,3,4,3,4,4,3,5,4,4,4,3,4,4,3,4,3,2,3,3,4,4,3,3,4
DN0169,CN_MN_43,3,1,22/11/2025,1,2,2,2,3,1,3,3,2,3,3,4,3,4,3,2,3,3,5,4,4,3,3,2,3,4,4,3,4,3,3,2,3,2,3,4,4,3,5,4
DN0170,CN_MN_13,3,2,28/12/2025,1,2,2,2,1,2,3,4,3,4,3,4,2,4,5,4,4,5,4,3,4,4,5,3,2,3,3,3,4,2,2,1,3,3,3,2,2,3,3,2
DN0171,CN_MN_40,3,1,03/12/2025,1,3,3,4,1,3,4,3,2,3,4,2,2,1,2,3,3,3,3,4,4,4,4,3,2,3,3,3,2,4,3,2,3,2,4,2,3,2,3,1
DN0172,CN_MN_04,3,1,23/12/2025,1,2,4,4,3,2,3,2,3,3,3,2,1,3,2,2,2,1,2,5,4,4,4,3,2,2,3,2,3,4,2,1,1,2,3,3,3,3,2,1
DN0173,CN_MN_19,3,1,09/12/2025,1,4,2,1,4,4,2,4,4,3,3,4,2,3,4,4,2,3,3,5,5,5,5,4,4,4,4,4,4,4,3,4,4,4,4,4,3,4,5,3
DN0174,CN_MB_52,1,1,26/11/2025,1,3,3,4,2,2,2,4,4,5,4,5,4,5,4,4,3,3,4,4,4,4,4,5,4,4,5,5,5,4,4,3,3,3,3,4,4,4,4,2
DN0175,CN_MB_18,1,2,29/11/2025,1,1,1,1,3,1,3,1,1,1,2,3,3,2,2,4,4,3,2,4,4,4,4,4,3,3,4,4,5,4,5,2,4,4,3,2,4,4,3,4
DN0176,CN_MB_26,1,1,27/12/2025,1,1,2,4,2,3,3,3,4,4,4,5,4,4,4,4,4,4,3,5,4,5,4,1,1,1,2,3,4,4,4,4,3,4,5,4,4,5,5,1
DN0177,CN_MN_11,3,1,20/12/2025,1,2,3,2,1,3,1,2,4,3,3,2,2,3,3,4,4,4,2,4,4,4,4,4,4,4,4,5,4,4,4,4,3,3,2,4,3,4,3,2
DN0178,CN_MN_32,3,1,20/12/2025,1,1,2,2,2,3,3,4,5,4,4,4,3,4,4,4,4,5,5,5,5,5,5,5,4,5,4,5,5,5,5,4,5,4,3,5,5,5,5,4
DN0179,CN_MT_01,2,2,18/01/2026,1,4,3,3,3,1,3,2,2,3,2,3,2,2,3,4,4,3,4,2,3,3,2,3,2,1,2,3,4,2,3,2,3,2,2,2,4,3,2,4
DN0180,CN_MN_12,3,1,21/12/2025,1,1,3,2,1,2,3,4,4,3,4,4,4,3,4,4,4,5,4,5,4,4,4,4,4,5,5,5,5,5,5,4,4,3,5,5,4,5,4,3
DN0181,CN_MB_21,1,1,08/01/2026,1,3,3,4,1,4,1,2,3,3,2,3,3,4,3,3,4,4,2,4,5,5,4,3,3,3,4,3,2,2,3,3,4,4,3,4,3,3,3,1
DN0182,CN_MB_19,1,1,20/12/2025,1,2,3,3,4,2,1,4,4,3,3,4,4,3,3,4,4,5,4,3,3,2,3,4,3,4,4,3,3,3,5,2,3,3,2,3,4,3,3,2
DN0183,CN_MB_38,1,2,11/12/2025,1,2,2,3,1,1,2,2,4,1,2,2,3,3,2,4,4,3,4,4,4,4,4,3,4,3,3,2,3,4,3,3,3,2,4,3,4,2,3,4
DN0184,CN_MB_37,1,1,01/01/2026,1,1,1,4,5,1,2,3,3,3,3,3,3,4,4,4,2,3,3,4,4,3,4,3,3,3,2,3,3,3,5,5,3,5,5,4,4,3,4,4
DN0185,CN_MN_15,3,2,22/10/2025,1,2,1,2,2,1,2,2,2,3,2,4,3,4,3,3,4,2,4,3,3,3,2,3,2,3,4,2,3,3,3,4,4,3,5,3,5,3,2,4
DN0186,CN_MB_78,1,1,02/12/2025,1,2,3,4,3,3,3,2,3,4,4,4,4,3,5,5,4,5,4,3,3,3,3,4,4,4,4,4,2,3,4,4,4,5,4,4,3,4,3,2
DN0187,CN_MN_01,3,2,20/11/2025,1,3,4,4,1,3,1,5,5,5,4,2,4,4,4,3,4,4,2,4,4,5,4,5,4,4,4,5,4,4,4,4,3,5,4,5,4,5,5,4
DN0188,CN_MT_26,2,1,17/12/2025,1,3,3,3,1,2,1,4,4,3,4,3,4,3,3,3,2,2,2,4,4,3,4,3,4,3,3,3,2,4,3,4,4,4,4,3,2,3,4,1
DN0189,CN_MB_01,1,1,15/11/2025,1,2,1,4,3,2,1,3,3,4,3,3,5,5,2,2,4,4,3,5,5,5,5,5,2,4,2,4,3,4,5,5,4,5,5,4,4,5,4,4
DN0190,CN_MT_16,2,1,14/11/2025,1,2,1,3,2,1,3,3,2,3,4,3,2,5,3,5,3,3,4,4,4,3,5,5,4,5,5,3,3,3,4,3,3,4,3,5,4,4,4,4
DN0191,CN_MN_03,3,1,09/12/2025,1,2,2,3,2,1,3,4,3,2,2,4,3,3,5,3,3,4,2,4,2,3,4,2,2,3,3,3,4,2,4,2,3,1,2,3,4,2,2,4
DN0192,CN_MB_59,1,1,07/11/2025,1,2,3,4,1,3,2,2,1,1,1,3,4,5,3,2,3,2,1,4,4,3,4,5,3,4,4,4,3,4,4,3,3,2,2,3,3,3,4,2
DN0193,CN_MN_35,3,1,21/11/2025,1,1,1,1,1,1,4,3,3,3,3,5,5,5,4,4,5,5,5,5,5,4,5,4,4,4,4,5,5,5,5,5,4,4,4,5,4,5,4,4
DN0194,CN_MN_29,3,2,15/11/2025,1,1,2,3,5,3,2,4,4,3,4,3,3,3,1,4,3,3,3,5,4,5,4,3,1,3,4,4,3,4,4,2,3,3,4,4,2,2,3,1
DN0195,CN_MT_01,2,2,15/12/2025,1,4,1,3,2,3,2,5,5,4,4,3,3,5,4,5,4,4,3,4,4,5,5,5,5,5,5,3,3,4,3,3,4,3,4,5,4,5,5,4
DN0196,CN_MN_07,3,1,29/12/2025,1,1,3,3,2,3,4,3,3,2,3,5,3,4,3,3,3,4,4,4,4,4,4,4,4,4,4,4,2,3,3,3,3,2,3,2,3,3,4,2
DN0197,CN_MN_47,3,1,05/11/2025,1,1,2,4,2,2,1,5,4,4,4,5,4,5,5,4,5,4,4,4,4,4,4,3,4,4,4,4,4,4,4,3,4,3,5,4,5,5,4,3
DN0198,CN_MB_71,1,2,19/10/2025,1,1,1,1,3,2,1,4,3,4,1,5,4,5,4,3,4,4,3,5,5,5,4,4,4,4,5,4,4,4,5,4,4,4,4,4,3,4,3,3
DN0199,CN_MB_41,1,1,28/11/2025,1,4,2,3,4,3,4,4,3,4,2,4,5,5,5,4,5,4,3,4,4,5,4,3,3,3,3,3,3,3,3,5,4,3,3,4,3,4,4,1
DN0200,CN_MT_24,2,1,25/11/2025,1,2,2,1,1,3,3,3,3,4,3,3,4,4,4,2,1,1,2,5,4,4,4,4,4,4,4,3,4,4,3,3,4,4,3,3,3,5,4,2
DN0201,CN_MB_73,1,2,15/11/2025,1,1,1,4,4,2,1,3,2,2,3,1,2,2,2,4,3,3,1,3,4,4,4,3,4,4,3,3,2,3,3,4,4,3,5,3,4,4,3,2
DN0202,CN_MB_62,1,1,16/11/2025,1,2,2,3,2,2,1,5,4,5,5,4,4,3,4,3,4,4,4,4,4,3,4,5,4,4,4,4,3,5,3,5,4,4,5,5,5,5,5,4
DN0203,CN_MT_19,2,1,13/01/2026,1,4,4,3,1,4,3,4,5,3,4,3,4,4,3,4,4,4,5,4,4,5,5,4,5,4,5,5,5,4,5,4,3,5,3,4,5,5,4,3
DN0204,CN_MN_06,3,1,21/10/2025,1,1,1,3,2,2,2,4,4,4,2,5,5,5,5,4,4,5,5,5,5,5,5,5,5,4,3,4,4,3,4,5,5,5,5,5,5,5,5,4
DN0205,CN_MB_64,1,2,16/10/2025,1,2,4,2,1,3,2,4,5,3,4,4,5,5,5,4,5,4,5,4,5,5,5,5,5,5,5,5,4,4,5,4,4,3,3,5,5,5,4,4
DN0206,CN_MN_24,3,1,07/11/2025,1,3,3,3,1,2,1,1,1,2,2,4,4,5,4,3,4,3,4,4,5,4,5,3,4,5,3,3,3,3,2,3,4,4,3,3,4,3,4,1
DN0207,CN_MB_43,1,1,15/11/2025,1,1,2,3,3,3,2,2,3,3,3,4,4,4,4,4,4,4,4,4,4,2,2,4,4,4,4,2,3,3,3,4,4,5,4,4,3,4,4,1
DN0208,CN_MN_04,3,1,21/12/2025,1,4,1,3,1,1,2,2,2,4,2,2,4,4,3,4,5,5,5,4,5,4,4,3,3,4,3,5,3,4,5,5,4,4,4,5,5,4,3,4
DN0209,CN_MN_22,3,2,14/11/2025,1,4,4,4,1,1,1,2,2,3,3,3,5,3,3,3,4,4,4,4,5,3,3,3,3,3,3,3,3,3,3,4,4,3,3,2,5,4,3,4
DN0210,CN_MB_66,1,1,12/11/2025,1,1,1,3,4,1,1,4,4,4,4,5,4,5,4,3,4,4,3,5,4,5,4,2,3,3,4,3,3,4,3,3,3,3,4,4,4,4,3,4
DN0211,CN_MB_78,1,1,05/12/2025,1,1,1,2,2,1,1,4,4,3,4,2,1,1,1,3,2,3,3,4,3,5,4,4,5,3,3,3,3,1,3,3,3,3,4,3,4,2,3,4
DN0212,CN_MN_32,3,1,22/10/2025,1,3,3,3,3,2,1,4,4,3,5,2,3,4,3,5,3,3,4,4,5,5,4,3,3,3,3,5,5,5,5,4,4,4,5,4,4,4,5,2
DN0213,CN_MN_39,3,1,29/11/2025,1,5,2,3,3,3,2,5,4,4,5,3,2,3,4,4,4,4,4,4,3,3,3,3,3,3,4,2,3,3,4,5,5,5,5,4,4,3,4,2
DN0214,CN_MN_36,3,1,24/11/2025,1,4,1,3,5,2,2,3,3,3,4,4,3,3,3,2,3,3,3,3,3,3,3,3,3,4,4,3,3,4,3,4,5,4,3,3,2,2,2,1
DN0215,CN_MB_57,1,1,03/12/2025,1,1,2,3,1,2,2,3,3,3,2,3,2,3,4,2,2,2,2,3,3,3,3,3,3,4,4,4,5,5,4,3,3,2,3,3,3,2,3,2
DN0216,CN_MB_25,1,1,08/12/2025,1,1,1,1,2,1,2,3,3,3,3,3,4,4,3,3,4,2,3,5,5,5,4,4,5,4,4,5,4,4,3,4,4,4,4,4,4,4,5,4
DN0217,CN_MT_17,2,1,16/10/2025,1,1,3,3,1,2,4,2,3,1,3,1,3,2,3,4,4,1,2,3,3,4,2,2,2,3,3,1,2,2,2,2,2,3,2,3,2,2,3,1
DN0218,CN_MB_03,1,1,02/01/2026,1,1,2,3,5,2,2,4,4,4,3,4,4,3,4,3,3,4,3,4,4,4,4,4,4,4,4,5,4,4,4,4,2,4,3,4,4,4,3,2
DN0219,CN_MT_17,2,2,09/01/2026,1,2,4,4,5,2,1,3,3,3,2,4,4,4,3,5,4,4,3,4,3,4,4,2,3,2,2,4,4,3,3,3,3,3,4,3,3,4,3,1
DN0220,CN_MB_52,1,1,06/12/2025,1,2,3,4,1,1,2,2,2,2,1,4,3,3,3,4,5,5,4,3,4,4,4,4,3,4,4,2,2,2,2,3,4,3,4,3,4,3,4,4
DN0221,CN_MN_43,3,1,17/12/2025,1,3,3,4,2,4,2,2,3,3,2,4,2,2,2,3,3,4,3,4,5,4,5,4,5,5,4,1,1,2,1,3,4,4,3,3,4,3,2,1
DN0222,CN_MT_20,2,1,11/12/2025,1,2,1,3,2,1,2,3,1,2,1,4,5,4,4,3,3,2,4,3,4,4,3,3,3,2,1,3,3,2,4,4,5,4,5,4,4,4,4,4
DN0223,CN_MN_15,3,1,17/11/2025,1,2,1,4,1,2,3,3,3,4,4,4,3,4,3,3,3,3,4,3,4,3,5,5,4,5,5,4,4,4,4,3,3,2,3,3,3,4,4,2
DN0224,CN_MT_19,2,2,31/12/2025,1,1,1,1,3,3,1,2,2,1,2,3,3,3,3,2,2,3,2,4,2,4,3,4,4,4,4,4,4,3,4,4,2,3,4,3,2,2,3,1
DN0225,CN_MB_64,1,1,20/10/2025,1,1,2,1,2,1,2,3,4,3,3,3,4,4,3,4,5,5,2,4,4,5,4,3,4,4,3,5,4,4,4,3,2,3,3,3,4,4,4,4
DN0226,CN_MB_75,1,1,28/10/2025,1,1,2,4,1,2,2,3,3,4,3,3,3,4,3,2,4,3,3,4,4,3,4,3,4,4,2,3,2,2,3,3,4,3,3,5,4,3,3,2
DN0227,CN_MB_05,1,1,26/10/2025,1,2,3,3,1,2,3,4,3,4,3,4,4,4,2,3,5,5,5,4,4,2,3,5,3,5,4,3,2,3,4,3,4,4,4,4,5,4,4,3
DN0228,CN_MB_67,1,1,18/01/2026,1,5,2,2,2,3,3,2,3,4,4,3,3,4,4,2,4,2,3,4,4,4,5,2,2,3,1,3,3,3,3,1,3,3,3,3,3,3,3,2
DN0229,CN_MB_74,1,1,26/11/2025,1,2,2,2,3,1,2,2,2,3,3,4,3,4,5,2,3,2,2,4,4,4,5,5,5,4,4,4,4,4,3,4,4,4,3,4,4,4,4,4
DN0230,CN_MN_43,3,1,29/11/2025,1,2,2,1,1,2,2,3,2,3,2,2,4,3,3,3,3,5,4,4,3,3,4,4,2,2,2,5,5,4,5,3,4,4,4,3,3,5,2,2
DN0231,CN_MB_78,1,1,16/11/2025,1,2,3,2,4,2,1,2,4,4,4,3,4,3,2,2,3,2,3,4,4,3,3,3,2,2,3,3,3,1,2,2,2,2,2,3,2,3,2,1
DN0232,CN_MN_45,3,2,18/01/2026,1,2,2,2,1,1,2,2,4,2,3,2,2,3,3,2,3,3,3,4,3,4,4,3,4,4,4,2,2,4,3,3,3,2,4,2,5,3,3,4
DN0233,CN_MB_18,1,1,24/10/2025,1,2,1,2,1,1,2,3,3,3,4,4,4,3,4,2,3,3,3,4,5,3,4,2,2,2,2,3,4,3,4,3,3,3,3,3,5,3,2,4
DN0234,CN_MB_50,1,1,19/10/2025,1,4,2,2,4,1,2,4,5,4,5,3,2,4,5,3,4,3,3,4,3,2,3,4,3,4,3,4,5,3,4,3,3,4,3,3,5,2,2,4
DN0235,CN_MB_28,1,2,17/11/2025,1,3,4,3,3,4,3,5,5,5,5,4,3,3,4,3,5,4,4,5,4,5,4,5,4,3,3,3,4,3,3,4,3,3,3,5,4,3,4,1
DN0236,CN_MN_27,3,1,06/01/2026,1,4,2,4,3,2,2,5,5,5,5,4,4,5,4,4,4,4,3,4,5,4,4,4,5,4,4,4,3,4,4,3,3,3,2,5,5,4,5,3
DN0237,CN_MB_50,1,1,27/12/2025,1,1,1,4,3,1,2,2,3,4,3,3,4,4,4,4,4,3,4,5,4,4,5,5,5,5,5,5,4,5,5,4,3,3,3,5,4,4,4,4
DN0238,CN_MB_70,1,1,11/11/2025,1,3,3,3,2,2,2,2,2,4,2,2,3,3,3,4,3,3,3,3,3,3,4,3,3,3,3,3,2,3,2,4,2,3,4,2,2,1,1,1
DN0239,CN_MB_57,1,2,15/11/2025,1,1,1,3,1,1,1,3,3,3,3,5,4,4,4,3,3,4,2,5,5,5,4,4,4,3,5,3,3,2,3,2,2,2,2,4,4,3,5,4
DN0240,CN_MN_15,3,1,18/11/2025,1,2,2,3,2,2,2,3,3,3,2,4,5,5,5,4,4,4,4,4,4,4,5,3,5,4,5,3,4,4,4,4,4,5,4,5,5,5,5,4
DN0241,CN_MB_05,1,2,23/12/2025,1,4,2,4,1,3,3,2,3,3,3,2,3,4,4,4,5,5,2,4,3,4,5,4,4,3,3,5,5,5,4,3,2,3,3,4,4,3,3,3
DN0242,CN_MN_45,3,1,30/12/2025,1,1,2,3,1,1,3,3,2,2,3,3,2,4,3,2,2,2,3,2,2,2,3,5,4,5,5,3,2,2,2,4,3,4,4,3,5,4,3,4
DN0243,CN_MN_44,3,1,22/10/2025,1,4,2,4,1,1,3,5,4,4,4,5,4,4,4,2,4,3,2,5,4,5,4,4,4,4,4,5,5,5,4,3,5,4,4,4,4,4,4,4
DN0244,CN_MB_71,1,1,09/01/2026,1,2,2,2,2,2,3,3,4,3,3,3,2,3,2,4,4,4,4,5,4,4,4,5,3,4,4,5,4,4,5,3,3,4,2,4,3,4,4,3
DN0245,CN_MN_19,3,1,06/11/2025,1,1,2,3,3,3,4,1,2,3,2,4,3,4,4,4,3,4,2,4,4,4,4,4,3,3,3,4,3,2,5,2,2,3,1,3,2,2,2,1
DN0246,CN_MB_67,1,2,15/12/2025,1,4,3,2,2,3,2,4,4,4,4,3,4,4,3,5,5,4,3,4,3,4,3,4,4,4,5,4,3,3,3,5,4,4,4,4,5,4,4,3
DN0247,CN_MN_29,3,2,24/10/2025,1,2,2,3,2,1,2,3,3,3,4,5,3,4,4,4,4,4,3,4,5,4,4,4,4,4,5,3,3,3,3,4,4,5,3,4,5,4,5,4
DN0248,CN_MB_31,1,2,17/10/2025,1,1,1,2,2,1,2,5,4,4,4,3,4,4,4,4,3,4,4,3,4,2,3,3,3,3,2,1,4,3,1,3,2,2,2,3,5,2,2,4
DN0249,CN_MT_26,2,1,28/12/2025,1,1,2,3,4,2,3,4,4,3,3,2,4,4,4,2,2,3,2,5,5,4,4,2,4,3,2,4,4,3,4,3,3,3,3,2,3,2,5,2
DN0250,CN_MB_23,1,1,16/11/2025,1,1,1,2,2,1,1,3,3,3,1,3,3,3,4,3,4,3,3,4,4,4,4,4,5,4,5,5,4,3,5,2,2,2,4,3,4,3,3,4
DN0251,CN_MT_01,2,1,09/12/2025,1,1,1,1,3,1,3,3,4,3,4,4,3,4,3,4,2,3,4,5,4,5,5,5,4,4,4,4,3,3,1,4,5,3,4,5,4,4,4,4
DN0252,CN_MB_78,1,1,21/12/2025,1,2,1,3,1,2,2,3,3,4,3,2,2,4,3,4,2,2,2,4,4,4,4,4,1,3,3,4,3,5,3,4,5,5,5,3,3,4,4,1
DN0253,CN_MN_28,3,2,12/11/2025,1,1,2,3,1,3,3,2,3,3,3,5,4,4,4,3,3,5,4,4,5,5,3,4,3,4,4,5,5,5,4,4,3,5,3,3,4,4,4,2
DN0254,CN_MN_27,3,2,10/01/2026,1,1,2,3,2,3,2,4,5,4,4,3,4,4,4,4,4,4,4,4,4,4,3,5,4,5,5,4,4,3,4,4,3,4,2,4,5,4,4,4
DN0255,CN_MB_73,1,2,07/11/2025,1,2,2,3,2,3,3,3,3,3,3,3,4,3,4,4,2,3,4,3,3,2,3,1,3,2,2,3,3,3,4,3,4,2,4,3,3,3,4,1
DN0256,CN_MN_24,3,2,11/01/2026,1,2,2,3,2,2,3,3,4,4,4,3,3,4,4,4,4,3,2,4,4,3,4,3,3,3,2,3,4,4,4,2,3,3,3,3,4,4,4,1
DN0257,CN_MN_39,3,1,19/01/2026,1,1,2,2,2,1,2,1,2,2,2,2,2,2,3,3,2,3,2,5,4,5,4,5,5,5,5,3,4,3,3,3,4,3,3,4,5,3,4,4
DN0258,CN_MT_03,2,1,07/11/2025,1,1,1,2,1,1,4,4,4,3,4,4,3,3,3,2,2,4,4,4,5,4,3,4,3,5,3,4,3,4,4,2,2,2,2,4,5,3,4,4
DN0259,CN_MT_10,2,1,04/12/2025,1,1,3,3,1,2,4,4,4,3,4,3,4,3,3,5,5,5,5,5,4,3,4,5,4,4,4,4,5,4,4,5,5,5,4,5,3,4,4,2
DN0260,CN_MN_27,3,2,03/12/2025,1,2,3,4,4,2,3,3,3,3,3,4,3,4,3,4,4,3,2,5,4,4,4,4,5,4,4,4,3,3,3,2,3,2,3,3,4,4,4,2
DN0261,CN_MB_19,1,1,27/11/2025,1,2,2,3,4,2,3,3,2,2,2,4,3,5,4,3,4,4,3,3,2,4,3,2,3,3,2,3,4,4,4,4,4,4,3,4,5,4,3,3
DN0262,CN_MB_10,1,2,02/12/2025,1,1,1,1,4,2,2,4,3,3,3,5,4,4,4,3,2,2,2,4,4,4,4,5,4,3,4,4,5,5,4,5,4,4,4,4,4,4,4,2
DN0263,CN_MB_43,1,1,27/10/2025,1,2,2,3,1,3,4,4,3,3,3,4,4,5,4,4,3,3,3,4,4,4,4,3,4,3,4,4,4,3,4,3,3,4,4,4,4,4,4,3
DN0264,CN_MB_30,1,1,21/10/2025,1,2,3,3,2,2,3,3,4,4,3,3,5,4,4,3,4,5,3,3,4,3,4,3,4,3,3,4,4,4,5,3,3,2,4,3,4,3,2,1
DN0265,CN_MB_75,1,1,03/12/2025,1,3,4,4,1,4,2,3,2,1,3,4,3,3,3,3,4,3,4,5,5,5,4,4,3,4,4,3,4,3,4,4,4,5,3,4,4,3,4,3
DN0266,CN_MN_44,3,1,06/11/2025,1,1,1,2,2,1,2,4,4,5,5,4,3,2,3,4,4,3,4,4,4,4,5,1,1,2,2,3,3,3,4,2,4,3,4,2,5,4,3,4
DN0267,CN_MB_66,1,1,03/12/2025,1,1,2,4,1,1,3,5,5,5,3,3,3,4,3,3,3,3,2,5,5,5,5,5,5,5,5,3,3,3,3,3,3,2,2,4,4,4,4,4
DN0268,CN_MN_40,3,1,17/10/2025,1,2,2,3,2,2,2,4,5,3,4,4,3,3,4,3,3,2,3,4,4,4,4,4,5,3,2,4,5,4,5,4,4,3,4,4,2,4,4,1
DN0269,CN_MB_36,1,1,24/10/2025,1,2,3,3,2,3,4,3,4,5,4,4,5,5,2,4,4,4,4,4,4,4,4,5,5,4,5,4,4,3,4,5,5,4,5,5,5,4,4,4
DN0270,CN_MN_25,3,1,27/11/2025,1,1,1,3,2,2,1,4,4,4,3,4,3,4,2,2,3,3,3,5,4,5,5,4,5,3,5,5,5,4,4,5,3,4,4,4,5,4,4,3
DN0271,CN_MN_30,3,2,19/01/2026,1,2,2,3,2,2,1,3,4,5,4,2,2,2,3,4,3,5,4,4,5,4,4,5,5,5,5,5,5,5,5,5,4,3,4,5,5,5,5,4
DN0272,CN_MT_24,2,2,11/12/2025,1,3,1,4,1,4,2,2,3,2,4,5,4,4,4,3,2,3,2,5,4,5,4,4,5,4,4,2,4,3,4,2,4,3,4,2,3,2,2,2
DN0273,CN_MB_27,1,2,17/10/2025,1,3,3,4,3,1,2,5,4,5,4,4,4,4,4,5,4,5,5,4,3,3,3,4,3,4,5,5,5,5,5,5,4,5,4,4,4,5,4,4
DN0274,CN_MT_06,2,2,31/12/2025,1,1,1,2,1,3,4,4,3,2,2,3,4,3,3,2,2,3,2,4,3,4,4,4,4,3,3,3,3,3,3,4,4,4,3,3,2,3,2,1
DN0275,CN_MB_43,1,1,20/12/2025,1,2,3,4,3,3,2,3,4,3,4,3,5,4,4,5,4,3,4,4,3,4,3,4,4,3,4,3,4,4,4,3,3,3,4,5,5,5,4,3
DN0276,CN_MT_05,2,2,01/11/2025,1,4,4,2,1,2,2,4,5,3,4,3,4,3,3,4,3,3,3,4,3,5,4,4,3,4,2,5,5,4,4,3,3,5,4,3,2,2,3,2
DN0277,CN_MT_25,2,1,27/12/2025,1,1,1,1,1,2,2,3,3,4,3,2,2,3,3,3,4,3,2,3,4,3,4,2,3,2,3,1,2,3,2,4,4,4,4,3,3,3,1,1
DN0278,CN_MB_06,1,1,28/11/2025,1,1,2,1,1,1,4,5,5,5,4,4,4,3,3,4,2,4,4,5,5,5,4,4,4,5,5,4,3,3,4,3,3,5,4,5,5,5,4,4
DN0279,CN_MB_78,1,1,09/12/2025,1,1,2,2,2,3,1,3,2,3,3,3,3,3,4,3,4,3,2,3,4,3,4,3,3,3,3,5,5,4,5,1,3,3,3,3,4,3,3,1
DN0280,CN_MT_21,2,1,23/11/2025,1,2,2,3,1,3,2,2,3,2,3,3,2,2,2,2,2,2,2,5,5,5,4,2,3,2,2,3,3,4,3,4,4,5,4,4,3,3,3,1
DN0281,CN_MB_27,1,1,13/11/2025,1,2,2,4,1,3,1,4,3,3,3,3,4,4,4,4,3,4,2,4,4,4,4,2,2,2,3,3,4,2,3,2,2,2,3,2,2,2,2,1
DN0282,CN_MB_41,1,2,24/11/2025,1,4,3,3,1,4,1,3,3,3,3,4,4,3,4,3,4,3,3,4,4,4,4,4,3,3,3,2,1,3,1,2,3,3,1,1,3,3,2,1
DN0283,CN_MB_45,1,1,04/11/2025,1,2,1,2,3,3,1,3,4,4,3,4,3,4,4,5,5,5,5,4,5,5,5,5,4,5,4,3,3,3,3,4,2,4,3,3,4,5,4,3
DN0284,CN_MT_21,2,2,01/12/2025,1,3,4,3,2,3,2,3,2,3,2,5,5,5,5,5,4,5,5,4,5,5,5,4,5,4,4,3,3,3,2,3,3,4,3,5,4,4,4,3
DN0285,CN_MN_19,3,1,11/11/2025,1,3,3,2,3,1,4,4,4,3,4,4,5,3,3,4,5,4,3,4,5,5,5,3,3,3,3,5,4,3,3,5,4,4,4,4,4,5,3,4
DN0286,CN_MN_42,3,2,17/10/2025,1,2,2,2,1,4,3,4,3,3,3,5,4,4,4,4,3,3,4,4,5,4,4,4,4,5,5,3,4,4,5,4,3,4,4,4,4,4,5,3
DN0287,CN_MB_68,1,1,09/11/2025,1,2,3,3,1,3,1,3,3,5,2,3,3,3,4,2,3,3,3,3,2,2,3,3,3,3,2,4,4,3,3,2,2,2,2,2,1,3,2,2
DN0288,CN_MN_10,3,1,17/11/2025,1,1,3,4,3,3,2,5,5,5,5,4,3,4,4,4,4,4,3,4,4,4,4,3,2,3,3,3,3,4,4,4,3,3,4,5,5,4,4,2
DN0289,CN_MB_62,1,2,23/12/2025,1,2,2,3,5,1,2,2,1,2,2,4,4,4,4,2,3,4,3,4,4,4,4,5,4,5,4,3,3,5,4,3,4,3,4,4,4,3,3,4
DN0290,CN_MB_20,1,2,10/12/2025,1,1,1,1,3,2,1,4,3,4,4,4,5,5,4,4,4,3,4,4,4,5,5,4,4,3,3,3,3,3,3,4,5,4,5,4,5,4,5,2
DN0291,CN_MB_40,1,1,19/12/2025,1,1,2,2,3,1,1,2,2,2,3,4,3,3,3,4,3,2,2,3,3,3,2,3,3,5,4,3,3,2,1,3,2,2,3,4,5,3,4,4
DN0292,CN_MB_24,1,2,24/10/2025,1,2,1,1,3,2,3,4,4,4,4,3,3,3,3,3,2,2,3,4,3,3,3,4,5,5,4,3,4,3,3,4,3,4,4,3,2,3,4,2
DN0293,CN_MB_21,1,1,18/01/2026,1,2,2,4,2,2,3,3,3,4,4,3,3,4,3,3,3,3,2,3,4,2,4,2,2,3,3,3,2,2,4,3,3,3,2,2,2,3,3,1
DN0294,CN_MB_24,1,2,11/12/2025,1,2,2,3,2,2,2,4,4,5,4,5,4,4,4,5,4,3,3,4,3,3,4,3,3,3,3,3,4,4,3,3,4,3,3,3,4,4,4,2
DN0295,CN_MT_15,2,2,10/11/2025,1,3,3,3,2,2,4,4,4,4,3,5,4,4,4,5,5,5,5,5,5,5,3,5,5,5,5,3,4,3,4,5,5,4,4,4,5,5,5,4
DN0296,CN_MN_27,3,1,10/11/2025,1,1,1,2,4,1,3,2,3,4,2,2,3,2,4,4,4,4,3,2,2,3,3,4,3,4,4,4,4,2,3,2,1,2,2,2,5,2,3,4
DN0297,CN_MN_10,3,2,10/01/2026,1,1,2,3,1,1,4,4,3,3,4,3,2,2,2,3,3,2,2,5,5,4,4,4,3,4,3,2,3,3,2,3,3,3,2,2,5,3,2,4
DN0298,CN_MB_30,1,2,20/01/2026,1,2,2,3,4,2,2,5,5,4,4,4,4,5,3,5,4,4,4,4,5,4,4,4,4,4,4,2,2,3,3,3,4,4,3,4,4,4,4,2
DN0299,CN_MB_32,1,1,23/12/2025,1,2,2,3,2,2,3,3,4,4,3,4,3,2,4,4,3,3,3,3,4,3,4,3,2,4,3,5,4,4,3,3,3,4,4,3,2,4,4,2
DN0300,CN_MT_26,2,1,13/11/2025,1,1,3,4,5,3,2,3,5,3,4,4,4,4,5,5,5,5,5,4,4,4,3,4,4,2,3,5,4,5,4,2,2,2,3,5,5,5,5,4
DN0301,CN_MB_42,1,1,31/10/2025,1,1,1,1,5,1,2,4,4,2,3,5,5,5,4,5,5,5,5,5,4,5,5,4,5,5,3,4,4,4,3,4,4,3,4,4,5,4,4,4
DN0302,CN_MN_37,3,2,23/10/2025,1,3,3,3,2,2,3,5,4,5,5,2,4,4,4,5,5,5,4,3,3,3,2,5,5,5,5,4,4,3,4,4,4,4,3,3,5,4,5,3
DN0303,CN_MN_17,3,1,24/10/2025,1,3,4,4,1,3,4,3,4,4,4,4,3,4,4,5,4,3,2,5,5,5,5,5,4,5,4,5,3,5,5,4,4,5,5,5,5,5,5,4
DN0304,CN_MT_20,2,1,09/12/2025,1,2,2,1,2,3,2,4,3,3,4,5,5,5,4,5,4,4,4,5,5,5,5,4,4,3,4,5,4,4,3,2,3,2,2,5,4,4,4,3
DN0305,CN_MB_47,1,2,14/12/2025,1,2,1,1,2,2,2,3,3,4,2,2,3,3,1,4,4,4,4,5,5,4,5,3,3,2,4,3,4,5,3,3,4,3,4,3,3,4,4,1
DN0306,CN_MB_34,1,1,21/10/2025,1,1,4,4,1,4,4,4,4,4,3,3,2,3,3,4,3,3,2,4,4,4,5,3,3,2,2,3,3,2,3,4,3,4,3,2,4,2,3,1
DN0307,CN_MN_37,3,2,29/12/2025,1,1,1,2,1,3,2,1,3,4,2,4,4,3,5,5,5,4,4,4,4,4,3,3,4,3,5,2,3,3,3,5,5,5,5,4,5,4,4,3
DN0308,CN_MT_25,2,1,10/12/2025,1,1,1,4,3,2,1,4,2,5,4,3,2,4,4,4,3,4,5,4,4,4,5,4,4,3,4,3,4,3,4,2,3,4,2,3,3,3,2,1
DN0309,CN_MN_40,3,1,21/10/2025,1,2,2,1,2,1,2,3,3,4,3,2,4,2,3,5,5,4,5,3,4,4,4,3,4,3,3,3,4,2,3,3,4,4,2,3,5,4,3,4
DN0310,CN_MN_05,3,2,29/11/2025,1,2,3,3,2,3,4,4,4,4,5,5,5,4,5,5,4,5,4,5,4,5,5,5,5,5,4,5,5,5,5,4,3,4,3,4,5,5,5,4
DN0311,CN_MB_67,1,1,25/11/2025,1,1,3,3,1,1,4,2,4,2,2,2,3,4,3,3,3,3,3,3,3,1,3,2,2,2,4,4,3,2,3,1,2,3,3,3,4,4,2,4
DN0312,CN_MB_05,1,2,26/11/2025,1,2,3,3,2,1,1,3,3,4,4,4,3,3,3,4,4,4,4,4,4,4,5,5,4,4,3,4,5,4,4,4,4,5,3,4,4,4,5,4
DN0313,CN_MB_61,1,1,12/01/2026,1,4,4,2,3,2,2,5,4,4,4,3,4,4,4,2,4,3,2,4,3,4,4,3,2,4,3,3,4,3,4,5,3,5,4,4,4,5,4,3
DN0314,CN_MB_48,1,2,22/11/2025,1,2,2,4,1,2,2,4,2,2,3,1,1,1,1,2,2,2,3,3,3,2,4,3,4,3,4,2,2,1,3,4,3,2,3,2,3,3,2,1
DN0315,CN_MB_28,1,1,25/11/2025,1,2,2,2,3,2,3,4,3,4,4,4,4,4,3,4,5,5,5,4,4,3,4,4,4,3,3,4,4,4,3,4,3,4,3,4,5,4,4,3
DN0316,CN_MT_01,2,2,11/01/2026,1,4,2,3,3,3,3,3,2,3,3,2,2,3,2,2,2,3,4,4,3,4,4,3,3,4,2,2,2,1,3,4,3,4,5,3,2,1,3,1
DN0317,CN_MB_56,1,1,31/12/2025,1,1,1,2,2,2,2,3,3,2,4,4,3,3,5,3,3,3,2,4,4,3,4,3,2,2,1,5,4,4,5,3,3,4,4,4,4,4,4,2
DN0318,CN_MB_19,1,1,05/11/2025,1,2,2,1,3,3,2,3,2,2,3,4,5,3,3,3,2,3,2,3,2,2,3,3,3,3,3,4,3,3,4,2,3,3,3,3,3,3,3,2
DN0319,CN_MN_24,3,1,19/12/2025,1,2,4,4,3,3,1,5,5,5,5,5,5,4,5,5,5,5,5,5,5,5,5,4,4,5,5,5,4,5,3,4,3,3,5,5,5,5,5,4
DN0320,CN_MT_14,2,1,10/12/2025,1,1,2,2,1,3,2,3,3,3,3,5,5,5,5,3,4,3,4,4,4,4,4,4,4,4,3,4,5,4,4,3,3,3,3,5,3,4,4,2
DN0321,CN_MN_20,3,2,17/11/2025,1,1,1,2,2,1,3,4,5,5,4,3,3,3,4,3,3,3,4,4,4,3,4,2,3,2,4,5,3,3,4,2,4,4,3,3,5,4,5,4
DN0322,CN_MN_22,3,1,03/01/2026,1,1,1,1,3,1,2,4,4,5,3,2,3,3,2,5,5,4,4,4,4,4,5,5,4,4,4,4,4,4,3,5,4,5,5,5,4,4,4,4
DN0323,CN_MN_15,3,1,11/11/2025,1,1,2,3,1,2,2,4,4,3,4,5,4,5,4,5,5,5,3,4,4,4,4,3,4,4,3,4,4,4,4,3,3,3,2,5,4,5,4,3
DN0324,CN_MB_49,1,1,27/11/2025,1,2,2,4,2,3,2,3,4,2,2,3,4,4,4,5,4,4,4,5,4,5,5,4,4,4,3,5,5,4,4,4,4,5,5,5,4,3,4,3
DN0325,CN_MB_05,1,1,24/10/2025,1,4,3,4,1,3,2,4,3,3,3,3,5,4,5,5,5,5,5,4,4,5,4,3,4,4,4,5,4,4,3,4,5,5,4,4,5,5,4,4
DN0326,CN_MN_19,3,2,29/11/2025,1,2,2,1,2,1,2,2,3,3,3,2,2,2,2,3,4,3,3,4,2,4,4,4,3,3,3,3,1,4,3,3,2,3,2,4,4,3,3,4
DN0327,CN_MN_19,3,1,19/01/2026,1,1,1,3,3,3,3,5,4,4,5,3,3,3,3,5,4,4,3,4,5,5,3,4,4,5,4,5,3,4,3,4,4,4,5,5,4,5,5,4
DN0328,CN_MB_33,1,2,09/12/2025,1,1,1,2,1,2,1,2,4,3,3,3,3,4,4,3,3,3,4,3,3,4,4,2,3,4,3,4,5,3,4,3,4,4,2,4,3,2,4,2
DN0329,CN_MB_23,1,2,04/01/2026,1,4,1,2,2,2,1,4,4,4,5,2,2,3,2,4,5,3,3,4,4,3,4,3,4,4,3,3,4,5,3,4,4,5,4,4,4,4,4,3
DN0330,CN_MB_20,1,2,03/01/2026,1,1,2,4,2,2,2,2,2,2,1,3,2,2,2,2,3,2,3,4,3,3,4,3,2,2,4,4,4,4,4,1,2,2,1,3,3,1,3,1
DN0331,CN_MT_21,2,2,26/12/2025,1,3,4,2,3,3,2,4,4,4,4,5,5,5,4,3,4,3,4,5,5,5,5,4,5,5,5,4,4,3,5,5,4,5,5,5,5,5,4,4
DN0332,CN_MN_32,3,1,14/11/2025,1,4,3,3,2,4,1,3,3,3,3,4,4,4,4,2,3,2,2,3,4,2,5,3,4,4,3,4,4,4,4,2,3,2,4,4,3,3,4,2
DN0333,CN_MN_49,3,1,14/01/2026,1,2,1,2,1,1,2,3,3,4,2,3,4,3,2,2,3,3,3,4,5,4,3,3,3,3,5,3,4,4,3,2,1,3,2,4,5,4,4,4
DN0334,CN_MN_28,3,2,27/11/2025,1,3,4,2,1,3,1,3,4,4,3,1,1,2,2,1,2,2,1,4,4,4,4,3,4,3,4,2,1,1,1,4,3,4,4,3,3,3,3,1
DN0335,CN_MT_14,2,2,28/12/2025,1,2,1,2,1,1,2,3,3,3,3,2,3,2,3,4,3,3,4,3,4,4,4,3,2,3,5,3,3,3,3,3,2,3,2,3,5,3,2,4
DN0336,CN_MT_26,2,1,11/11/2025,1,1,1,2,2,2,2,2,2,2,2,3,2,3,3,3,3,2,2,4,4,4,4,1,3,2,2,4,3,3,3,3,4,4,4,3,3,4,3,1
DN0337,CN_MN_08,3,1,18/12/2025,1,2,1,1,1,2,2,3,2,4,2,3,3,3,3,1,1,1,1,3,3,2,3,4,4,3,3,2,3,3,3,3,3,4,3,3,3,2,3,1
DN0338,CN_MN_45,3,1,13/11/2025,1,1,2,2,2,2,4,4,3,4,4,2,2,2,3,2,3,3,2,3,3,4,4,4,4,5,5,4,4,4,3,2,1,2,3,4,3,4,4,3
DN0339,CN_MB_11,1,1,01/12/2025,1,3,3,3,2,3,3,5,5,5,4,2,3,3,3,3,4,3,4,5,5,5,4,2,2,3,3,4,3,4,3,5,5,5,5,4,4,5,5,3
DN0340,CN_MN_10,3,1,27/11/2025,1,4,3,3,5,2,2,4,4,3,4,4,4,4,3,5,5,5,4,4,4,4,5,1,2,2,2,4,3,3,3,4,3,3,3,3,3,4,2,1
DN0341,CN_MN_18,3,1,31/10/2025,1,1,2,4,4,1,4,5,4,4,5,3,4,4,4,3,2,4,2,5,4,5,4,2,3,3,4,4,5,4,4,4,4,4,3,4,4,4,3,4
DN0342,CN_MB_78,1,2,18/10/2025,1,2,1,3,2,1,4,4,4,4,4,4,4,4,3,4,4,4,4,5,5,5,5,3,2,3,4,5,4,5,3,4,4,5,4,5,4,5,5,4
DN0343,CN_MN_18,3,1,30/11/2025,1,2,3,2,5,3,3,1,1,2,1,5,5,4,4,4,5,3,5,4,4,2,3,4,4,4,4,3,2,3,3,5,5,4,5,4,5,4,3,3
DN0344,CN_MB_63,1,1,01/01/2026,1,2,1,2,2,1,1,4,3,4,4,4,4,4,4,5,5,5,4,5,4,4,5,4,5,4,4,3,4,4,3,3,4,4,4,3,5,3,2,4
DN0345,CN_MB_14,1,1,14/01/2026,1,1,1,1,2,2,1,2,2,3,2,4,3,4,4,3,3,3,3,4,4,3,4,3,3,4,4,4,4,4,3,3,3,3,3,4,3,3,4,3
DN0346,CN_MT_05,2,2,11/01/2026,1,1,1,3,2,1,1,2,2,3,3,4,3,5,4,4,2,4,3,4,3,4,4,5,5,5,5,4,3,4,4,2,2,2,2,4,4,4,4,4
DN0347,CN_MB_07,1,2,20/10/2025,1,4,2,3,1,2,2,3,2,4,3,2,3,3,2,3,3,2,3,3,3,4,4,2,4,2,3,4,3,3,4,2,1,2,1,3,3,3,2,1
DN0348,CN_MN_41,3,2,04/11/2025,1,1,1,2,3,2,4,3,3,2,2,4,3,2,3,4,4,3,3,4,5,4,5,4,4,4,4,3,4,4,3,2,4,3,4,4,3,3,4,2
DN0349,CN_MB_21,1,1,22/10/2025,1,1,2,3,2,3,1,4,3,3,3,1,2,2,2,3,4,3,3,3,4,4,4,3,5,5,4,3,2,2,1,4,5,4,5,3,2,4,3,1
DN0350,CN_MN_40,3,1,06/12/2025,1,2,1,2,2,2,2,3,3,4,3,2,3,2,3,4,4,3,3,4,5,3,4,4,4,4,4,5,5,3,4,3,3,3,2,3,2,2,2,1
DN0351,CN_MN_34,3,1,12/11/2025,1,1,2,3,1,2,4,2,3,3,3,1,3,2,4,3,4,2,4,3,3,4,4,3,2,3,3,4,4,4,4,4,4,3,2,3,2,4,4,1
DN0352,CN_MB_35,1,1,27/10/2025,1,4,3,4,1,2,3,5,5,5,5,5,4,4,4,4,5,5,3,3,3,3,3,4,3,4,4,3,3,4,4,4,5,5,5,5,4,4,3,1
DN0353,CN_MB_15,1,2,28/10/2025,1,1,2,4,1,2,2,4,3,5,3,3,2,3,4,4,4,5,4,5,5,5,5,4,4,4,4,4,3,3,4,4,3,4,4,4,4,4,4,1
DN0354,CN_MN_28,3,2,14/12/2025,1,4,4,2,4,4,3,4,3,3,4,3,4,4,3,4,4,3,2,5,5,4,5,3,3,4,4,3,3,4,4,3,3,3,4,3,3,3,3,2
DN0355,CN_MN_33,3,1,22/12/2025,1,3,2,2,2,2,4,2,4,3,3,3,3,3,3,3,3,4,5,4,3,4,4,4,3,4,4,3,3,3,4,5,5,5,5,4,4,4,3,3
DN0356,CN_MB_23,1,1,24/11/2025,1,1,2,4,4,2,1,2,2,2,1,4,3,4,3,3,4,4,4,4,3,3,3,4,4,4,4,3,4,3,4,3,4,3,3,4,4,4,4,3
DN0357,CN_MB_70,1,2,22/12/2025,1,1,1,2,1,1,2,2,2,2,2,2,3,3,3,3,3,2,3,4,4,4,4,4,2,3,4,4,4,3,3,2,2,2,2,2,5,3,1,4
DN0358,CN_MB_48,1,2,11/11/2025,1,1,1,1,1,2,1,4,4,4,4,5,4,5,4,3,3,3,3,4,4,4,4,3,3,2,4,4,3,3,2,3,3,2,2,4,4,3,5,3
DN0359,CN_MT_07,2,1,13/01/2026,1,2,2,4,2,2,2,3,2,4,5,4,4,4,4,3,4,3,2,3,3,2,3,2,2,2,1,3,3,2,3,2,2,1,2,2,3,2,3,1
DN0360,CN_MT_12,2,1,29/12/2025,1,1,2,3,3,2,1,3,4,4,3,3,4,4,5,4,4,4,5,5,5,3,5,3,3,4,4,5,5,4,5,4,3,4,4,4,3,4,4,3
DN0361,CN_MN_12,3,1,20/01/2026,1,1,2,3,3,2,2,4,4,4,3,4,4,4,3,5,4,4,4,5,4,5,5,3,4,4,4,4,3,3,3,3,2,2,3,3,3,4,4,1
DN0362,CN_MB_48,1,2,23/10/2025,1,4,4,4,4,2,1,3,3,4,3,4,4,4,4,5,5,5,5,4,5,4,4,3,3,2,2,3,3,3,4,2,3,3,2,4,3,3,2,1
DN0363,CN_MB_06,1,1,14/01/2026,1,2,2,2,1,4,4,4,4,3,3,4,3,4,2,4,5,5,5,5,5,5,5,4,3,5,4,4,4,5,5,4,4,4,5,4,4,5,5,4
DN0364,CN_MB_47,1,2,25/11/2025,1,2,2,3,5,1,4,4,2,2,2,3,2,2,1,2,2,3,1,4,4,4,3,4,2,3,4,4,4,4,3,3,3,4,2,2,5,3,3,4
DN0365,CN_MB_24,1,1,07/01/2026,1,2,2,2,1,3,2,4,3,2,2,4,4,4,4,2,2,1,3,5,4,4,4,3,3,3,4,4,3,2,3,3,3,2,4,3,4,4,3,2
DN0366,CN_MN_34,3,1,09/01/2026,1,1,2,1,2,3,2,3,3,4,3,3,4,4,3,5,5,4,5,4,4,3,4,3,4,3,3,4,3,5,3,2,3,3,4,4,5,4,4,1
DN0367,CN_MB_73,1,2,09/11/2025,1,4,3,2,1,2,3,4,2,4,5,4,4,3,4,5,3,4,4,4,3,4,4,5,4,4,4,4,4,5,4,4,5,5,5,4,3,4,4,3
DN0368,CN_MN_07,3,2,01/12/2025,1,4,3,3,4,3,4,5,3,5,4,3,3,4,3,4,4,4,5,4,3,4,3,4,4,5,4,3,4,3,4,3,3,3,3,5,4,3,4,3
DN0369,CN_MT_02,2,2,04/11/2025,1,1,1,2,1,2,2,4,4,4,1,5,5,4,5,4,4,4,4,4,5,4,5,4,3,4,5,4,4,3,3,5,4,4,4,3,4,4,5,3
DN0370,CN_MB_51,1,2,01/11/2025,1,4,3,1,2,1,2,2,2,2,3,4,4,3,2,2,2,3,4,3,4,3,4,4,5,4,3,3,4,3,4,4,3,4,3,4,4,4,4,4
DN0371,CN_MN_20,3,2,22/11/2025,1,4,3,4,1,2,1,3,3,3,3,3,4,3,4,5,5,5,4,2,2,3,2,4,3,4,4,4,4,4,4,3,4,3,5,4,3,2,3,2
DN0372,CN_MB_74,1,1,14/12/2025,1,2,2,3,1,1,2,2,2,3,4,4,5,4,4,4,4,3,4,4,4,4,4,4,3,4,2,5,4,5,4,3,3,4,5,4,4,5,5,4
DN0373,CN_MN_04,3,2,27/10/2025,1,1,2,2,2,2,2,3,3,2,3,3,3,4,4,4,4,3,3,4,4,5,4,2,3,3,2,4,5,5,4,4,4,5,4,4,3,3,4,3
DN0374,CN_MN_41,3,2,02/12/2025,1,1,1,1,1,1,1,4,4,5,3,5,4,5,3,5,4,5,4,5,5,5,5,5,4,5,5,4,4,2,3,4,5,4,3,4,4,5,5,4
DN0375,CN_MT_28,2,1,31/10/2025,1,1,2,4,1,3,1,5,4,5,4,5,5,5,5,3,3,4,2,4,4,4,4,5,5,5,5,4,1,2,4,4,3,4,4,4,4,5,5,4
DN0376,CN_MB_06,1,1,18/01/2026,1,1,2,1,1,1,2,4,3,4,4,5,4,4,5,3,4,3,3,4,4,5,4,5,5,5,4,4,4,4,3,3,3,4,4,5,5,5,5,4
DN0377,CN_MN_46,3,1,19/11/2025,1,1,1,3,1,2,1,3,3,4,4,2,4,2,3,4,3,4,3,5,4,5,5,5,4,5,4,3,3,2,3,5,4,5,4,4,4,3,4,4
DN0378,CN_MN_27,3,2,01/01/2026,1,1,2,3,2,2,2,3,4,4,4,4,2,4,3,2,4,3,3,5,4,4,4,3,2,4,3,4,4,4,4,4,5,4,4,5,4,5,4,2
DN0379,CN_MB_45,1,1,09/11/2025,1,2,2,4,4,2,3,4,4,4,3,3,4,4,4,5,4,4,5,4,4,5,4,4,4,4,4,4,4,1,4,3,3,3,3,4,5,4,3,3
DN0380,CN_MB_35,1,1,22/12/2025,1,1,1,3,3,1,1,4,3,3,5,3,4,3,3,4,4,4,5,3,5,4,5,5,5,4,5,5,5,5,4,5,5,4,4,5,4,5,4,4
DN0381,CN_MB_49,1,2,29/10/2025,1,3,2,1,1,2,2,3,4,4,3,4,4,3,5,3,4,4,4,3,4,5,4,4,4,4,3,5,5,5,5,5,5,5,4,4,4,5,5,2
DN0382,CN_MT_21,2,1,14/01/2026,1,4,2,1,1,3,2,2,2,3,1,3,3,3,2,4,5,4,4,4,4,4,4,3,3,3,2,4,4,4,3,4,4,3,3,3,3,3,4,1
DN0383,CN_MN_49,3,1,30/12/2025,1,2,1,1,2,1,3,5,5,4,3,4,4,4,2,1,3,3,4,5,4,4,5,3,3,4,4,4,3,4,4,3,3,4,4,4,5,4,4,4
DN0384,CN_MB_53,1,1,09/01/2026,1,1,1,3,1,2,2,3,3,4,3,4,4,3,4,5,4,4,4,5,5,4,5,4,2,4,3,4,5,5,5,4,5,4,4,4,4,5,4,2
DN0385,CN_MB_40,1,2,08/12/2025,1,1,2,2,2,2,4,3,3,4,2,4,4,4,4,3,4,4,3,5,4,5,5,3,3,3,4,5,5,4,5,4,4,4,4,3,4,4,4,2
DN0386,CN_MN_28,3,1,03/12/2025,1,1,1,1,1,2,3,3,3,3,4,3,3,3,3,4,4,5,4,4,4,4,5,5,5,5,3,3,3,5,3,4,3,3,3,3,2,4,4,1
DN0387,CN_MT_13,2,1,13/11/2025,1,3,4,4,1,2,2,2,3,3,2,4,4,5,3,4,4,4,4,4,4,4,4,3,3,3,3,3,3,3,3,5,5,5,5,4,4,4,4,2
DN0388,CN_MN_02,3,2,03/12/2025,1,3,4,3,2,4,2,3,4,3,3,5,3,3,4,5,4,5,5,4,4,3,4,4,4,5,3,3,3,4,4,4,5,5,4,3,4,3,3,2
DN0389,CN_MB_44,1,2,18/12/2025,1,3,2,2,1,3,2,4,4,5,5,5,5,5,5,5,5,4,5,5,5,5,5,5,4,5,5,4,5,4,4,5,5,5,5,5,5,5,5,4
DN0390,CN_MB_05,1,2,24/11/2025,1,4,3,1,3,2,1,4,4,3,4,3,3,3,3,5,5,3,5,5,4,5,5,4,5,5,3,4,3,4,3,4,4,4,2,3,3,4,4,3
DN0391,CN_MN_01,3,1,09/11/2025,1,3,4,1,2,3,2,3,2,3,2,3,4,4,2,3,3,4,4,4,4,4,5,4,3,4,4,3,3,3,3,3,3,3,3,5,3,4,4,2
DN0392,CN_MB_24,1,2,08/12/2025,1,1,3,4,4,3,4,4,3,3,3,5,4,5,5,4,4,4,4,5,4,4,4,4,5,4,5,5,4,5,4,4,2,3,3,4,4,4,5,4
DN0393,CN_MT_24,2,2,30/10/2025,1,1,2,3,1,2,2,4,3,5,4,4,4,5,4,4,5,4,4,5,5,5,5,2,3,3,3,4,3,4,4,4,4,4,4,4,5,5,5,2
DN0394,CN_MB_17,1,1,04/11/2025,1,3,4,3,2,2,1,3,3,2,1,5,3,4,3,3,3,2,3,5,5,5,4,2,2,3,3,3,3,1,3,4,2,3,4,2,3,3,3,1
DN0395,CN_MB_38,1,1,15/12/2025,1,1,2,3,1,2,2,3,2,4,2,3,2,3,2,3,3,4,3,5,4,4,4,4,4,4,3,3,3,3,4,3,2,4,2,4,4,4,4,2
DN0396,CN_MT_28,2,2,25/12/2025,1,2,3,2,4,4,2,3,3,3,3,4,4,4,5,3,4,3,4,4,5,5,4,5,3,4,4,5,4,3,5,5,4,4,5,5,5,5,5,4
DN0397,CN_MN_16,3,2,16/12/2025,1,1,1,3,1,1,3,3,3,3,3,4,3,4,4,2,2,2,2,4,5,5,4,4,4,4,4,4,3,4,4,2,4,3,3,2,4,5,5,4
DN0398,CN_MT_07,2,1,25/10/2025,1,2,1,4,4,2,2,4,4,5,5,4,4,4,4,5,4,4,4,4,3,4,3,4,5,5,5,5,4,5,5,4,4,5,4,5,5,5,5,4
DN0399,CN_MB_69,1,2,09/01/2026,1,1,1,1,1,1,3,3,3,5,3,3,3,4,4,1,2,1,1,5,4,3,5,4,4,4,4,4,4,2,3,4,4,4,3,4,4,4,4,4
DN0400,CN_MB_60,1,1,17/12/2025,1,3,3,2,2,1,2,3,4,3,3,3,3,4,4,4,4,5,4,3,4,4,4,3,2,4,2,5,4,2,3,4,4,5,4,4,4,4,4,4
DN0401,CN_MB_73,1,2,21/10/2025,1,4,3,4,4,2,3,4,3,3,3,3,3,4,3,2,3,3,2,5,5,5,5,3,3,4,3,5,4,5,4,4,3,4,4,5,4,4,4,3
DN0402,CN_MT_07,2,1,20/10/2025,1,3,4,2,1,4,2,3,3,3,4,5,5,5,4,3,4,3,4,4,4,4,5,5,3,4,4,3,3,2,2,4,3,4,3,4,4,4,4,3
DN0403,CN_MN_18,3,2,18/11/2025,1,1,1,3,3,2,2,3,3,3,3,4,4,4,4,4,2,2,3,4,4,4,4,4,4,5,4,5,4,5,4,4,5,4,4,4,4,5,4,4
DN0404,CN_MN_43,3,1,10/01/2026,1,1,2,3,3,2,3,4,4,4,4,5,5,5,5,4,5,3,4,3,4,3,3,4,5,5,5,5,5,4,4,3,2,4,1,4,4,4,4,3
DN0405,CN_MN_19,3,1,09/12/2025,1,2,2,1,2,2,1,3,2,2,3,3,3,4,3,4,4,3,3,4,4,4,4,3,2,4,3,3,4,2,2,5,4,4,4,4,5,4,4,2
DN0406,CN_MN_28,3,1,16/12/2025,1,2,3,4,1,2,4,5,5,4,5,5,4,4,5,5,3,4,5,5,5,5,4,5,3,4,4,4,3,4,4,5,5,4,3,5,5,5,5,3
DN0407,CN_MB_35,1,2,19/10/2025,1,1,2,1,1,2,2,4,5,4,5,4,3,3,3,5,4,4,4,5,4,5,5,5,5,5,5,4,5,3,4,3,2,3,4,5,5,5,4,4
DN0408,CN_MN_16,3,1,22/12/2025,1,1,2,2,2,2,2,3,2,3,3,4,4,4,4,5,5,5,3,4,4,4,5,3,3,3,3,3,4,4,4,4,4,4,4,5,4,4,4,1
DN0409,CN_MB_61,1,2,30/11/2025,1,2,2,4,2,2,4,2,4,3,1,3,2,3,3,3,4,2,3,5,5,4,5,5,5,5,4,1,2,3,4,5,4,3,4,3,2,4,4,3
DN0410,CN_MN_14,3,1,06/11/2025,1,1,1,1,2,3,2,2,3,3,3,4,3,3,3,3,3,4,3,4,3,4,3,4,4,5,4,3,4,2,4,3,2,3,3,3,3,4,4,1
DN0411,CN_MN_14,3,2,21/10/2025,1,1,1,4,4,3,3,4,4,3,4,4,4,4,4,4,4,3,3,5,4,4,5,4,3,3,4,4,4,3,3,2,1,2,3,4,4,3,3,1
DN0412,CN_MB_74,1,1,27/11/2025,1,2,1,1,1,1,1,3,3,1,3,1,1,1,2,4,4,4,4,4,4,4,5,3,3,4,4,2,3,2,2,4,3,3,3,3,5,2,3,4
DN0413,CN_MB_63,1,1,26/11/2025,1,2,2,3,2,2,2,3,5,4,4,4,3,4,3,5,5,4,4,5,4,4,5,2,3,3,2,4,5,4,5,3,3,4,3,4,5,4,4,1
DN0414,CN_MN_27,3,1,19/10/2025,1,3,4,3,3,2,4,5,5,5,4,5,2,4,4,5,4,3,3,4,4,4,4,5,4,5,5,2,4,3,4,4,5,5,4,4,4,4,3,3
DN0415,CN_MB_02,1,1,20/11/2025,1,1,1,2,3,1,1,1,2,2,2,2,3,3,2,2,1,1,1,4,4,4,4,2,3,3,2,3,3,2,3,3,3,3,3,1,5,2,2,4
DN0416,CN_MB_45,1,1,11/11/2025,1,3,3,4,2,2,3,4,4,3,5,4,3,4,2,2,3,3,2,5,4,3,4,3,3,2,2,3,3,3,3,2,3,3,4,4,3,4,4,1
DN0417,CN_MT_24,2,1,31/10/2025,1,1,1,3,1,1,4,3,2,3,2,5,4,5,3,5,4,4,4,4,4,4,3,2,3,4,2,4,3,4,3,4,3,4,5,4,5,4,4,4
DN0418,CN_MB_07,1,1,15/01/2026,1,5,1,1,2,1,2,3,4,3,4,4,5,4,5,4,5,5,5,4,5,3,5,4,4,4,3,3,3,2,3,5,4,3,3,5,5,5,4,4
DN0419,CN_MB_51,1,2,25/11/2025,1,2,1,2,2,2,2,5,4,4,3,5,5,5,5,5,5,4,5,4,5,4,4,5,5,4,5,5,5,3,5,4,4,4,4,4,5,5,5,4
DN0420,CN_MT_22,2,2,12/12/2025,1,3,3,4,2,2,3,3,4,5,2,4,4,4,5,2,3,2,2,5,4,5,4,4,4,5,4,4,4,4,2,1,4,4,2,3,3,3,4,1
DN0421,CN_MN_05,3,1,26/10/2025,1,4,3,3,1,3,1,4,4,4,5,4,3,3,2,4,5,4,4,3,3,3,5,4,4,3,4,4,5,4,4,3,3,3,3,5,5,5,5,3
DN0422,CN_MB_37,1,1,30/11/2025,1,2,4,3,1,2,3,2,3,5,2,4,4,4,4,3,3,2,2,4,3,3,3,5,3,3,4,3,3,4,3,3,2,4,4,2,4,4,4,2
DN0423,CN_MN_41,3,2,07/11/2025,1,3,4,4,3,2,3,3,3,3,4,2,2,3,1,4,4,3,3,2,4,4,3,3,4,4,3,4,4,4,5,5,4,4,4,4,3,4,4,1
DN0424,CN_MB_28,1,1,26/10/2025,1,1,1,1,4,1,4,5,4,3,4,3,2,2,3,3,3,3,3,5,4,4,4,5,5,5,5,4,3,3,4,4,5,4,4,4,4,3,3,4
DN0425,CN_MB_66,1,1,07/12/2025,1,4,1,2,3,4,2,4,4,3,3,4,4,4,5,3,3,3,3,4,4,4,5,4,4,5,4,5,5,4,5,5,4,4,5,3,3,3,3,2
DN0426,CN_MN_34,3,1,15/12/2025,1,3,3,4,2,1,3,3,3,2,3,4,4,4,4,5,5,5,5,1,3,3,2,3,3,2,4,3,2,2,3,4,4,3,3,4,4,3,5,4
DN0427,CN_MB_10,1,1,28/12/2025,1,4,4,4,2,2,1,2,3,3,5,5,3,5,4,3,4,4,4,2,4,3,3,4,5,4,5,4,3,4,3,3,3,3,4,4,4,4,4,3
DN0428,CN_MB_64,1,1,09/11/2025,1,1,1,1,3,1,1,3,4,4,4,4,4,4,3,3,4,3,5,5,5,5,5,5,4,4,5,4,4,4,5,2,2,3,1,4,4,5,5,4
DN0429,CN_MB_52,1,2,15/01/2026,1,2,2,4,3,2,4,4,3,4,4,3,3,4,2,4,4,4,4,4,4,5,4,2,4,2,4,4,4,3,3,3,3,4,5,4,4,4,2,2
DN0430,CN_MN_16,3,1,26/11/2025,1,1,2,2,4,3,4,3,2,2,3,3,2,3,3,4,4,5,3,4,3,5,5,2,3,2,1,2,3,2,3,3,4,4,3,2,2,3,3,1
DN0431,CN_MB_62,1,1,23/10/2025,1,1,2,3,1,2,2,1,2,2,2,3,3,3,1,3,4,3,4,3,3,2,4,4,4,4,4,5,4,5,5,3,3,5,5,3,3,3,3,1
DN0432,CN_MT_04,2,1,23/10/2025,1,3,3,2,1,2,2,2,2,4,2,2,2,1,2,4,4,3,4,3,4,3,2,4,3,4,4,3,4,5,4,2,3,3,2,3,2,3,3,2
DN0433,CN_MT_18,2,1,20/11/2025,1,1,2,3,2,2,2,1,1,1,3,1,2,2,2,3,2,3,2,2,2,2,3,2,2,3,2,1,2,2,2,2,1,2,2,1,2,1,1,1
DN0434,CN_MN_03,3,2,06/12/2025,1,1,4,3,2,2,1,4,4,4,3,3,4,2,5,4,4,5,4,4,5,4,3,2,4,3,2,4,4,5,5,2,3,3,3,4,4,4,3,1
DN0435,CN_MB_16,1,2,27/11/2025,1,1,2,2,2,2,2,3,4,3,3,3,3,1,3,4,4,4,2,5,4,5,4,5,5,5,5,4,3,3,3,4,4,3,3,4,4,4,5,3
DN0436,CN_MN_31,3,1,23/12/2025,1,2,3,3,5,2,2,2,2,3,2,2,2,3,2,2,4,4,4,4,5,4,4,2,4,3,3,3,3,3,3,3,3,3,3,3,3,3,3,1
DN0437,CN_MB_65,1,2,19/11/2025,1,2,3,3,1,3,3,3,3,4,3,3,3,4,4,4,4,2,2,5,5,5,5,5,4,5,5,4,4,4,5,3,2,3,3,4,4,5,5,3
DN0438,CN_MB_28,1,1,19/11/2025,1,2,2,3,2,1,1,2,3,3,2,4,4,4,4,5,4,3,3,3,3,3,3,4,4,5,4,3,3,3,2,3,4,3,2,3,4,4,3,4
DN0439,CN_MN_06,3,1,23/11/2025,1,1,4,4,1,4,3,5,4,3,4,5,5,3,3,4,3,3,4,4,3,5,4,3,4,4,4,4,4,3,4,5,5,5,5,4,5,4,4,3
DN0440,CN_MN_25,3,2,27/11/2025,1,2,2,4,3,2,2,4,4,4,5,5,5,5,5,5,5,5,4,4,5,4,4,4,5,4,5,4,3,5,5,4,4,4,3,4,5,4,3,3
DN0441,CN_MB_36,1,1,23/10/2025,1,2,1,3,2,2,2,3,5,5,3,5,4,5,2,3,3,3,3,4,3,3,3,5,4,5,5,5,3,5,4,5,4,4,3,4,3,3,4,2
DN0442,CN_MN_29,3,2,31/10/2025,1,1,3,4,2,3,2,2,1,1,1,3,3,4,3,4,3,3,3,3,4,3,4,5,4,4,5,4,4,4,4,3,3,4,4,3,2,4,3,3
DN0443,CN_MB_35,1,1,02/12/2025,1,1,1,2,1,2,2,4,4,4,3,4,4,4,5,2,3,2,2,4,4,4,4,4,5,5,4,3,4,5,4,3,3,3,2,3,4,4,4,3
DN0444,CN_MT_10,2,1,04/01/2026,1,1,3,3,4,4,2,4,3,4,4,4,4,3,3,5,4,4,5,5,5,5,5,3,3,4,3,4,4,4,4,3,3,4,2,4,5,4,4,3
DN0445,CN_MN_41,3,2,17/11/2025,1,1,1,3,3,2,4,2,2,2,2,2,1,2,3,4,3,4,3,3,4,4,2,5,5,4,4,3,4,4,3,3,2,3,4,3,3,3,4,2
DN0446,CN_MN_33,3,2,28/12/2025,1,1,1,2,3,1,3,3,2,3,2,3,2,2,3,3,3,4,3,5,5,4,5,3,4,4,3,5,4,4,3,3,3,3,4,3,4,3,3,4
DN0447,CN_MB_03,1,2,08/01/2026,1,2,1,2,3,1,4,3,2,3,4,4,4,4,3,2,2,3,3,4,3,5,3,3,3,3,1,2,2,3,2,4,4,5,5,4,4,4,4,4
DN0448,CN_MB_13,1,2,18/11/2025,1,4,3,2,2,2,2,3,4,3,3,2,2,1,2,2,1,2,2,4,5,4,4,4,3,2,3,3,3,2,4,2,2,3,2,3,3,3,2,1
DN0449,CN_MT_02,2,1,19/01/2026,1,1,2,3,4,1,4,3,4,3,3,3,2,3,1,4,4,4,4,4,4,4,3,3,4,3,4,4,4,3,4,3,3,3,2,4,4,4,4,4
DN0450,CN_MB_68,1,2,25/11/2025,1,3,4,4,1,3,2,4,3,4,3,5,4,5,4,4,4,4,5,5,5,5,5,4,4,4,4,4,3,3,4,4,4,4,4,5,4,5,5,4
DN0451,CN_MT_23,2,2,22/11/2025,1,1,1,3,2,1,1,4,4,4,3,3,3,3,3,3,3,4,2,4,4,4,5,4,3,3,3,5,4,3,5,3,2,3,3,2,4,4,3,4
DN0452,CN_MN_03,3,2,16/10/2025,1,1,2,4,2,2,1,4,3,2,4,2,2,3,2,3,4,3,3,3,4,3,3,4,4,4,5,5,3,3,2,3,3,3,3,3,4,4,3,3
DN0453,CN_MB_15,1,2,24/10/2025,1,2,3,4,1,3,2,3,3,4,5,4,4,4,4,3,3,3,3,4,4,4,4,4,4,5,4,4,4,4,4,5,5,5,3,4,4,3,5,2
DN0454,CN_MT_23,2,1,05/12/2025,1,2,2,2,4,3,2,2,3,3,3,4,4,4,4,5,3,4,3,4,4,4,5,4,4,4,4,4,3,4,5,4,3,4,3,4,4,3,4,2
DN0455,CN_MB_25,1,1,06/01/2026,1,1,3,2,1,3,4,4,4,4,5,4,4,4,3,3,3,4,3,4,4,4,4,4,4,4,5,2,3,4,3,4,4,4,4,3,3,4,3,1
DN0456,CN_MT_14,2,1,15/12/2025,1,1,2,4,1,1,2,2,2,3,3,5,4,4,3,4,4,4,4,4,5,5,4,5,4,5,4,3,3,3,5,3,4,4,5,5,4,4,5,4
DN0457,CN_MB_36,1,1,28/12/2025,1,4,3,3,1,3,2,2,2,1,2,3,2,3,3,3,2,2,2,4,4,3,5,3,4,3,4,4,3,3,3,4,3,4,4,4,5,4,4,2
DN0458,CN_MN_27,3,2,20/10/2025,1,1,2,4,2,2,1,4,3,4,4,4,3,5,4,4,5,4,5,2,3,1,3,5,5,5,4,4,3,3,4,4,4,4,3,4,4,4,4,4
DN0459,CN_MT_10,2,1,08/11/2025,1,2,3,4,1,3,4,4,4,3,2,4,3,3,4,3,4,3,4,4,5,3,4,4,3,4,4,4,4,3,5,4,3,3,4,4,3,4,3,1
DN0460,CN_MN_01,3,1,20/12/2025,1,1,1,2,1,1,2,3,2,3,3,4,2,4,2,3,4,4,4,4,4,3,5,3,3,4,2,4,4,4,5,2,2,3,2,3,4,5,3,4
DN0461,CN_MB_08,1,2,16/10/2025,1,1,2,1,2,3,2,3,3,4,3,4,2,3,2,3,2,1,1,3,3,4,3,4,5,4,4,5,5,5,5,3,2,2,2,4,3,3,5,3
DN0462,CN_MB_26,1,2,27/12/2025,1,4,3,4,3,2,2,3,3,4,3,4,4,4,4,3,3,3,3,3,4,3,4,4,3,4,3,4,3,3,4,3,2,3,4,2,4,3,3,1
DN0463,CN_MB_62,1,1,27/12/2025,1,1,1,2,2,1,2,3,3,3,2,4,4,4,5,3,4,3,3,4,4,3,5,4,3,4,4,3,4,2,4,4,4,5,4,4,4,4,4,4
DN0464,CN_MT_13,2,2,13/12/2025,1,4,4,4,3,2,2,4,4,4,5,5,5,5,5,5,5,5,4,4,4,4,5,5,5,5,5,5,4,5,5,4,4,5,4,5,5,5,5,4
DN0465,CN_MB_25,1,1,15/12/2025,1,1,3,2,1,4,2,4,5,4,4,3,2,4,4,5,4,4,4,5,5,5,5,4,4,5,4,5,5,4,4,4,4,4,3,5,5,5,4,4
DN0466,CN_MN_09,3,2,16/10/2025,1,1,1,3,3,1,2,3,4,3,3,4,3,5,3,5,5,5,3,4,3,4,5,4,5,5,5,5,5,4,5,5,4,4,4,4,4,5,4,4
DN0467,CN_MT_10,2,1,16/10/2025,1,2,2,4,4,4,2,1,2,1,1,3,3,2,2,3,2,2,3,4,3,3,4,1,1,1,2,4,3,1,3,3,3,2,3,2,2,1,3,1
DN0468,CN_MB_42,1,1,05/01/2026,1,2,1,4,2,1,1,2,3,1,2,2,2,2,2,4,4,4,5,2,2,4,3,4,4,4,4,3,3,2,3,2,3,2,2,2,4,4,4,4
DN0469,CN_MB_72,1,1,25/12/2025,1,2,1,3,2,1,3,4,5,4,4,3,2,2,4,2,2,3,2,5,4,5,5,3,4,4,3,1,2,3,1,3,3,3,3,2,4,4,4,4
DN0470,CN_MN_38,3,1,20/10/2025,1,1,2,1,4,1,3,3,5,4,4,4,3,4,4,2,2,2,4,3,5,4,3,3,5,4,4,2,4,3,3,4,4,4,4,4,4,3,4,4
DN0471,CN_MT_26,2,1,01/11/2025,1,2,2,3,2,2,2,3,4,3,3,4,4,4,2,3,3,2,3,4,5,5,5,5,4,5,5,3,4,4,5,4,4,5,4,4,3,4,3,4
DN0472,CN_MN_08,3,1,08/12/2025,1,2,4,3,2,4,3,4,4,3,4,3,3,4,3,3,3,2,4,4,4,4,5,3,2,2,2,3,3,3,2,5,4,4,4,1,4,3,2,1
DN0473,CN_MN_46,3,1,10/12/2025,1,3,4,4,5,3,3,3,3,2,2,3,3,3,1,4,4,4,4,3,3,4,3,3,3,3,3,3,3,4,5,4,3,4,3,3,3,3,3,1
DN0474,CN_MN_40,3,1,12/12/2025,1,1,3,4,1,3,1,2,3,4,2,3,3,4,2,2,4,4,4,5,4,5,5,2,3,3,2,3,3,3,3,3,2,3,2,3,3,4,3,1
DN0475,CN_MN_25,3,1,25/11/2025,1,1,1,3,4,2,1,3,3,3,3,3,2,2,3,3,3,3,3,4,4,5,3,4,4,4,3,3,4,4,3,4,2,3,2,2,3,3,4,1
DN0476,CN_MB_02,1,1,20/01/2026,1,1,2,4,2,3,2,2,3,2,2,3,3,3,3,4,4,4,2,4,4,3,4,3,1,3,3,4,4,5,3,2,2,3,2,1,2,2,1,1
DN0477,CN_MB_43,1,1,13/11/2025,1,1,2,4,1,2,2,2,2,3,2,3,2,3,3,3,3,4,4,4,4,2,4,3,3,3,2,4,3,3,4,2,1,2,2,2,2,2,3,1
DN0478,CN_MB_10,1,1,18/01/2026,1,4,3,3,1,3,2,3,1,2,3,4,4,4,4,5,4,3,3,5,5,5,5,4,4,4,4,5,5,4,4,3,3,3,4,4,3,3,4,2
DN0479,CN_MT_03,2,1,07/11/2025,1,2,2,3,4,3,2,4,4,5,4,3,3,4,4,2,3,2,3,5,4,4,4,4,4,3,4,4,5,4,4,5,3,2,3,4,5,3,4,3
DN0480,CN_MN_38,3,1,19/11/2025,1,2,2,4,2,2,3,3,5,3,3,5,4,5,4,3,2,3,3,5,5,5,5,3,4,3,2,5,4,4,5,3,4,4,3,3,4,4,3,1
DN0481,CN_MB_75,1,1,03/12/2025,1,4,4,4,2,1,4,5,4,5,4,4,4,5,5,4,5,4,4,5,5,4,4,4,4,5,2,3,2,3,4,4,5,4,5,5,4,5,3,4
DN0482,CN_MB_01,1,1,02/11/2025,1,1,1,3,3,2,3,4,4,4,4,4,5,3,4,3,4,3,3,4,3,3,4,3,4,5,4,4,4,4,3,3,3,4,4,4,3,3,3,2
DN0483,CN_MB_77,1,1,17/12/2025,1,2,2,2,1,2,2,4,3,4,4,3,3,3,4,5,4,3,4,4,4,4,5,4,3,4,4,5,4,5,4,3,4,3,2,5,5,5,4,4
DN0484,CN_MB_24,1,2,10/11/2025,1,3,3,4,1,4,1,4,2,3,3,3,3,4,3,3,4,4,4,3,4,3,3,4,3,3,4,4,3,3,4,4,3,5,4,3,3,4,4,2
DN0485,CN_MN_20,3,2,28/10/2025,1,1,3,2,4,3,2,3,4,4,4,4,4,3,4,5,5,4,5,5,4,3,5,4,3,4,4,4,4,2,5,5,3,4,4,3,4,4,3,2
DN0486,CN_MN_09,3,1,10/11/2025,1,2,2,4,1,1,2,2,3,2,3,2,3,4,2,2,3,2,1,3,4,3,3,3,4,4,4,3,4,3,4,5,5,4,3,3,4,4,3,4
DN0487,CN_MT_24,2,1,20/11/2025,1,1,1,3,1,1,3,4,5,4,5,4,3,4,4,4,4,4,4,5,5,5,5,5,5,5,5,3,3,4,4,4,3,4,2,5,4,4,5,4
DN0488,CN_MT_23,2,2,05/12/2025,1,1,1,3,2,1,2,3,2,3,4,5,5,5,4,3,3,1,2,3,2,2,3,3,4,3,4,2,2,4,3,4,5,3,3,4,4,4,1,4
DN0489,CN_MN_43,3,1,31/10/2025,1,1,2,3,1,2,2,4,4,3,3,3,5,4,4,4,4,5,4,5,4,4,4,5,5,4,5,4,4,3,3,4,4,5,5,4,5,5,4,4
DN0490,CN_MT_18,2,1,17/10/2025,1,3,3,3,1,2,2,4,3,3,3,3,3,4,4,4,4,3,4,5,4,4,4,3,3,2,3,3,3,2,2,4,4,3,4,3,3,3,4,2
DN0491,CN_MB_08,1,1,17/10/2025,1,1,1,1,2,2,2,3,3,4,5,3,2,3,4,3,3,4,4,4,5,4,5,4,3,3,4,4,4,4,5,3,3,4,4,5,4,4,4,4
DN0492,CN_MB_07,1,1,10/01/2026,1,1,1,3,2,2,3,3,4,5,4,4,4,3,5,4,5,4,4,2,4,3,3,2,4,4,4,2,2,2,3,3,3,5,3,3,3,3,4,1
DN0493,CN_MB_75,1,2,25/10/2025,1,2,1,2,1,2,2,3,3,3,3,5,4,4,4,3,4,4,3,3,4,4,4,5,5,5,5,4,4,4,4,3,3,4,4,4,4,4,4,3
DN0494,CN_MB_10,1,2,10/12/2025,1,5,1,4,3,1,3,3,3,5,3,2,4,2,2,2,2,3,2,4,4,3,4,3,4,3,5,3,4,4,4,4,4,4,4,4,4,4,5,4
DN0495,CN_MB_30,1,2,18/10/2025,1,1,1,3,3,1,2,1,1,3,4,4,3,4,4,2,2,1,2,5,4,3,4,4,4,3,3,3,3,4,3,3,2,2,2,2,5,1,2,4
DN0496,CN_MN_14,3,2,16/10/2025,1,2,3,2,3,3,2,3,3,3,3,3,4,2,2,3,3,4,2,5,4,4,4,5,4,5,4,4,3,4,3,2,3,4,3,4,3,4,4,1
DN0497,CN_MN_16,3,1,29/10/2025,1,2,4,4,1,4,2,3,3,5,3,5,5,5,5,4,2,4,3,5,4,4,4,4,5,5,4,4,3,3,4,4,4,4,3,5,4,5,4,4
DN0498,CN_MB_24,1,1,08/01/2026,1,4,3,2,2,4,4,1,2,3,2,4,2,3,3,2,2,1,2,4,4,4,4,2,2,2,2,3,3,3,3,3,2,3,1,4,3,3,3,1
DN0499,CN_MN_08,3,2,24/11/2025,1,1,2,4,1,2,4,3,4,5,5,3,4,3,4,3,4,4,5,5,5,5,4,5,5,5,5,4,4,4,5,4,3,4,4,5,5,5,4,4
DN0500,CN_MT_26,2,1,29/12/2025,1,1,1,2,3,2,2,3,3,2,4,3,3,4,3,3,3,3,3,4,4,2,4,4,3,4,4,4,4,4,3,3,3,3,3,3,4,3,3,1
DN0501,CN_MB_61,1,1,08/01/2026,1,1,1,1,3,1,1,3,1,1,2,2,2,2,3,4,4,4,2,4,3,4,3,2,2,3,3,2,2,3,2,4,4,3,3,1,4,2,3,4
DN0502,CN_MB_12,1,1,11/12/2025,1,1,1,2,4,1,3,1,2,1,1,4,4,4,3,3,3,3,3,4,4,4,4,4,5,4,4,5,5,4,4,4,2,3,2,4,4,4,4,4
DN0503,CN_MN_32,3,1,10/11/2025,1,4,2,1,4,4,2,3,3,2,3,2,3,3,2,3,4,4,3,4,4,4,4,4,2,3,3,5,4,4,5,3,4,3,1,5,3,4,4,3
DN0504,CN_MT_09,2,1,10/12/2025,1,2,1,4,4,1,3,2,2,3,2,4,4,4,2,4,4,5,4,3,4,4,5,4,4,4,5,3,4,5,4,4,2,4,3,3,5,3,3,4
DN0505,CN_MN_25,3,2,23/12/2025,1,3,2,1,1,3,2,2,4,4,3,4,4,3,2,1,2,2,2,4,5,4,4,2,3,3,3,4,4,4,4,4,4,3,4,4,4,4,3,1
DN0506,CN_MT_02,2,2,22/11/2025,1,1,1,2,2,1,2,4,4,5,4,5,5,5,5,4,4,5,4,5,5,4,4,4,5,5,5,4,4,4,4,4,4,4,5,5,5,5,4,4
DN0507,CN_MB_46,1,1,04/11/2025,1,2,3,3,1,2,2,5,4,3,4,3,3,4,4,3,3,4,2,3,4,3,3,3,2,3,2,4,4,2,4,4,4,5,4,4,4,3,3,1
DN0508,CN_MT_11,2,1,26/11/2025,1,1,2,2,1,1,2,2,2,3,3,3,3,3,3,3,2,3,2,3,3,3,3,4,4,4,4,4,4,4,3,4,2,2,2,4,4,4,2,4
DN0509,CN_MN_35,3,2,26/11/2025,1,1,1,2,1,1,2,4,5,4,4,4,3,4,4,4,4,3,3,4,4,4,4,4,4,4,4,5,5,4,5,2,2,2,2,5,5,4,5,4
DN0510,CN_MB_04,1,1,19/12/2025,1,2,3,4,2,3,3,2,2,2,1,2,3,2,2,3,2,2,2,3,2,4,4,1,1,3,3,2,3,4,3,4,4,3,3,2,2,1,2,1
DN0511,CN_MN_01,3,1,18/11/2025,1,1,1,3,2,2,2,2,3,2,2,2,3,1,2,2,3,3,3,4,4,4,4,4,3,4,5,3,4,3,3,4,3,4,4,4,4,3,5,2
DN0512,CN_MB_70,1,2,27/12/2025,1,2,2,3,3,2,3,3,4,4,4,4,4,4,4,3,3,3,3,3,4,3,3,3,3,4,3,5,4,3,4,4,5,5,5,5,4,5,5,3
DN0513,CN_MN_15,3,2,18/11/2025,1,2,3,2,2,3,1,3,4,4,5,4,4,3,4,4,5,4,4,5,4,5,4,5,5,5,4,4,5,3,4,4,4,4,3,4,5,5,4,4
DN0514,CN_MB_49,1,1,27/10/2025,1,4,3,2,2,1,2,4,3,3,3,3,3,3,4,4,4,3,4,3,4,3,3,3,3,4,4,3,3,4,3,3,4,4,3,4,4,4,4,4
DN0515,CN_MT_08,2,2,30/11/2025,1,1,2,4,2,2,3,1,1,2,2,2,2,2,2,3,2,2,3,4,2,3,4,3,3,4,4,4,4,3,3,2,2,3,3,2,1,2,1,1
DN0516,CN_MN_39,3,1,30/11/2025,1,2,2,1,1,1,3,3,3,4,3,3,4,3,4,4,4,4,4,4,4,4,4,3,4,4,4,4,3,3,3,4,5,4,4,4,4,4,4,4
DN0517,CN_MT_25,2,1,21/12/2025,1,2,2,3,4,1,2,2,3,4,3,5,4,5,4,4,4,5,4,5,5,4,5,3,4,5,4,4,4,3,5,3,3,4,4,4,4,4,4,4
DN0518,CN_MB_14,1,2,18/11/2025,1,1,2,3,1,2,4,2,3,4,2,3,4,3,4,4,4,4,4,5,5,5,5,4,3,4,4,4,4,2,4,3,3,2,4,4,4,4,4,2
DN0519,CN_MB_02,1,1,27/11/2025,1,2,2,1,2,2,2,4,4,5,4,5,5,5,5,4,5,5,4,4,5,4,4,3,4,4,4,3,4,4,3,3,3,5,4,5,5,5,4,3
DN0520,CN_MB_72,1,1,23/10/2025,1,3,2,4,1,4,1,5,3,4,3,4,4,5,3,4,4,5,4,4,5,4,5,3,4,4,4,3,2,3,3,4,5,4,4,3,4,4,3,2
DN0521,CN_MN_24,3,1,26/10/2025,1,1,3,3,2,4,3,3,3,2,3,3,3,4,4,3,2,4,4,4,3,4,4,2,4,3,3,3,3,1,4,2,2,3,2,2,3,3,2,1
DN0522,CN_MB_01,1,1,02/11/2025,1,1,1,2,4,2,3,4,3,3,4,4,4,4,4,4,4,5,4,3,4,2,4,4,4,2,3,4,4,3,3,4,3,4,4,3,3,3,3,1
DN0523,CN_MT_27,2,1,21/10/2025,1,3,3,3,1,2,3,4,4,4,3,5,4,4,5,4,5,4,4,4,4,4,5,3,5,4,4,4,4,4,4,4,4,4,4,5,4,5,5,3
DN0524,CN_MT_05,2,1,15/11/2025,1,2,2,1,4,1,2,4,3,4,4,2,2,2,2,3,3,3,4,3,3,3,4,4,4,4,3,2,4,3,2,3,3,4,3,2,4,3,2,4
DN0525,CN_MN_04,3,2,14/12/2025,1,2,1,2,3,1,2,4,5,4,4,4,5,5,5,5,5,3,4,4,4,4,4,4,3,3,4,3,4,4,3,4,4,4,2,4,5,4,5,4
DN0526,CN_MB_13,1,2,29/12/2025,1,1,2,4,3,2,2,1,2,1,1,2,2,2,3,2,3,2,2,3,3,4,3,2,3,1,2,2,2,1,3,2,4,3,3,2,3,1,1,1
DN0527,CN_MB_36,1,2,12/12/2025,1,1,1,2,3,1,4,4,3,2,5,4,4,4,4,3,2,3,3,4,4,3,3,4,4,5,4,5,5,4,5,3,4,4,4,4,5,4,5,4
DN0528,CN_MB_46,1,1,06/11/2025,1,2,3,4,1,3,2,3,4,3,3,4,2,4,4,4,3,4,3,5,5,5,5,4,3,5,5,5,5,5,4,3,2,4,3,4,4,5,4,3
DN0529,CN_MN_29,3,1,21/12/2025,1,1,2,3,3,3,3,2,2,2,1,3,5,4,3,4,3,3,2,3,3,3,4,3,4,3,2,5,3,3,4,3,3,3,3,3,2,3,4,1
DN0530,CN_MN_03,3,2,09/12/2025,1,1,2,2,1,3,1,3,4,2,4,3,3,4,3,3,3,2,2,5,5,5,5,3,3,3,3,3,2,3,3,4,4,4,4,4,4,4,4,3
DN0531,CN_MB_29,1,1,09/01/2026,1,5,1,3,4,1,3,4,3,4,3,3,5,4,3,4,3,3,4,4,4,4,5,3,2,2,2,3,4,2,5,3,2,3,4,4,4,4,3,4
DN0532,CN_MB_14,1,2,27/10/2025,1,2,1,1,4,1,2,3,3,4,4,5,4,5,5,5,4,4,4,4,5,5,4,4,4,5,4,4,4,4,2,5,4,5,5,5,4,5,5,4
DN0533,CN_MB_17,1,1,10/12/2025,1,4,3,3,2,3,3,4,4,3,3,4,4,4,4,4,4,3,3,3,3,2,3,4,3,3,3,4,4,4,4,4,4,4,5,3,4,4,3,1
DN0534,CN_MB_70,1,2,25/10/2025,1,2,2,4,2,3,2,3,3,2,3,4,4,3,3,3,3,2,3,4,4,4,4,5,4,4,3,3,4,3,3,3,4,4,3,3,3,4,3,3
DN0535,CN_MB_50,1,2,22/12/2025,1,2,1,2,1,1,1,2,2,2,3,4,5,3,3,1,2,2,2,4,4,4,4,4,4,5,4,5,5,5,4,5,4,5,4,5,5,3,3,4
DN0536,CN_MB_62,1,1,08/01/2026,1,3,1,2,1,3,2,2,2,2,3,4,4,3,4,2,2,2,2,3,2,3,3,2,3,3,3,3,3,3,4,3,4,4,4,2,3,4,2,1
DN0537,CN_MB_34,1,1,07/12/2025,1,1,1,1,3,1,3,4,4,4,2,1,2,1,1,2,1,2,2,3,4,3,3,4,4,3,4,4,4,3,3,3,3,3,4,3,4,3,4,4
DN0538,CN_MT_15,2,1,06/12/2025,1,2,3,3,3,2,1,5,5,5,5,4,4,3,3,3,2,2,4,4,4,4,4,3,3,2,3,3,4,4,4,3,4,3,3,4,3,3,4,1
DN0539,CN_MT_26,2,2,28/11/2025,1,1,1,2,2,2,4,3,3,3,2,4,3,4,3,2,3,4,3,4,3,3,4,2,2,4,3,2,2,1,1,3,3,3,4,3,3,4,4,1
DN0540,CN_MB_05,1,1,16/01/2026,1,1,1,1,5,2,2,3,3,3,3,2,2,1,2,1,2,1,2,5,4,3,5,4,3,2,3,4,4,2,5,3,3,3,2,3,3,1,3,1
DN0541,CN_MN_09,3,1,14/11/2025,1,3,4,3,1,3,2,5,4,4,4,2,3,2,2,2,2,4,2,2,3,2,3,4,4,4,4,4,2,3,4,5,4,4,5,3,4,3,4,2
DN0542,CN_MT_18,2,1,16/11/2025,1,1,1,2,3,2,2,3,3,4,3,4,4,4,3,4,3,5,4,5,5,4,5,5,4,4,5,4,4,4,5,4,4,5,4,5,5,5,4,4
DN0543,CN_MB_29,1,2,17/01/2026,1,3,2,3,1,2,1,3,2,2,3,3,3,3,3,4,3,4,3,4,4,4,4,4,3,4,3,1,3,2,2,4,4,3,3,4,2,3,2,1
DN0544,CN_MB_76,1,1,22/11/2025,1,1,1,2,3,3,1,4,4,3,4,4,4,4,2,4,5,4,3,4,3,3,3,5,5,5,4,5,4,2,4,4,4,4,4,3,3,3,2,2
DN0545,CN_MN_35,3,1,02/12/2025,1,2,3,3,3,3,3,3,4,4,3,4,3,4,4,4,3,3,4,4,4,4,3,5,4,5,4,4,2,2,3,4,4,5,4,4,4,5,4,2
DN0546,CN_MB_67,1,1,06/12/2025,1,2,3,4,4,2,4,4,3,4,2,5,4,5,4,5,5,4,3,5,5,5,5,4,4,5,5,2,3,4,4,5,3,4,4,4,4,5,4,3
DN0547,CN_MB_60,1,2,03/01/2026,1,4,3,2,4,4,2,2,2,2,3,3,4,3,3,2,3,3,1,4,4,4,4,2,4,4,3,3,3,2,2,3,4,3,3,3,3,2,2,1
DN0548,CN_MB_03,1,1,18/11/2025,1,1,1,3,4,1,3,2,4,2,2,4,3,4,3,3,4,3,3,4,4,4,2,4,3,4,3,4,3,2,3,3,3,3,3,2,5,3,4,4
DN0549,CN_MB_13,1,2,22/12/2025,1,1,3,3,2,3,2,2,2,3,1,3,2,2,2,3,3,3,3,3,3,3,3,3,3,4,4,4,3,3,3,3,4,4,4,2,2,2,3,1
DN0550,CN_MN_49,3,1,10/01/2026,1,4,3,3,4,2,1,3,4,4,4,3,3,3,3,4,4,4,4,4,4,4,4,4,5,4,5,2,3,1,4,3,4,3,3,4,4,3,4,3
DN0551,CN_MN_38,3,2,12/12/2025,1,2,3,2,5,2,2,3,5,3,2,4,3,4,3,4,2,4,5,4,4,4,4,4,3,3,3,4,3,3,4,4,3,4,4,4,4,5,4,2
DN0552,CN_MN_37,3,1,22/12/2025,1,2,2,2,1,2,1,4,4,5,4,5,4,4,4,5,4,3,4,4,3,4,4,4,4,4,4,5,5,3,4,4,4,4,4,4,4,3,4,2
DN0553,CN_MB_71,1,1,05/11/2025,1,1,1,1,3,1,2,4,3,2,3,2,2,2,2,4,4,3,3,4,5,4,4,5,3,5,4,3,4,2,4,2,4,4,3,3,4,3,5,4
DN0554,CN_MN_40,3,1,01/12/2025,1,1,1,3,4,2,3,2,3,3,1,3,4,3,4,2,3,3,3,4,4,3,3,4,4,3,4,2,2,3,2,3,3,4,2,3,4,4,3,2
DN0555,CN_MB_02,1,1,25/11/2025,1,5,3,4,1,2,2,1,1,1,2,2,3,3,4,5,4,2,4,4,3,4,3,4,2,3,4,3,3,2,3,3,3,3,4,2,3,3,2,1
DN0556,CN_MN_22,3,1,04/11/2025,1,4,2,3,1,3,2,2,2,2,2,4,5,4,3,5,4,4,4,4,4,3,3,4,3,4,5,4,3,4,1,3,4,3,3,4,3,3,3,2
DN0557,CN_MB_50,1,2,19/12/2025,1,3,3,2,2,2,3,2,2,3,2,3,4,4,3,4,5,3,4,3,3,4,4,2,4,3,3,3,4,3,4,4,4,5,4,2,3,3,3,1
DN0558,CN_MB_70,1,1,06/01/2026,1,1,1,1,1,2,2,2,4,3,3,4,4,5,5,4,4,3,4,4,3,5,4,5,5,5,4,4,5,4,5,3,3,3,2,4,2,3,3,2
DN0559,CN_MB_29,1,1,11/12/2025,1,2,1,3,1,1,4,3,3,2,2,3,3,3,3,4,4,5,2,4,5,3,4,5,4,5,4,4,4,4,3,5,5,4,4,3,4,4,3,4
DN0560,CN_MT_12,2,1,17/11/2025,1,1,3,3,2,2,1,5,4,5,4,3,4,5,3,3,4,4,4,4,3,3,4,4,5,4,4,5,4,4,5,5,5,5,5,4,4,4,4,3
DN0561,CN_MT_24,2,1,07/12/2025,1,3,3,2,1,2,2,3,3,3,2,3,3,3,3,4,2,2,2,5,4,5,4,3,3,4,4,4,4,5,4,3,2,2,2,4,4,4,3,2
DN0562,CN_MB_06,1,2,05/11/2025,1,4,2,2,4,3,1,4,4,4,4,4,4,4,3,2,5,4,3,5,5,4,5,4,4,4,4,5,4,5,4,4,4,4,3,5,5,5,5,3
DN0563,CN_MN_46,3,1,10/01/2026,1,3,4,2,3,4,1,3,4,4,4,4,4,4,4,3,4,4,2,5,4,4,5,5,5,5,4,5,5,5,4,3,4,4,4,5,5,4,5,4
DN0564,CN_MT_03,2,2,20/12/2025,1,1,2,1,2,2,4,4,4,3,4,3,3,2,3,4,4,3,4,3,4,3,3,4,4,3,3,4,4,4,3,2,3,2,2,4,2,4,3,1
DN0565,CN_MB_31,1,1,10/12/2025,1,1,1,3,2,1,3,3,2,3,4,2,4,3,4,5,5,4,4,4,4,3,5,3,2,3,4,3,4,4,4,3,3,3,3,3,5,3,4,4
DN0566,CN_MB_66,1,2,29/10/2025,1,2,1,1,2,1,1,3,3,4,4,5,4,4,4,3,4,4,4,5,5,4,5,5,4,5,5,4,5,3,4,4,4,4,3,5,4,5,4,4
DN0567,CN_MN_25,3,2,25/10/2025,1,3,3,3,4,2,1,2,2,3,2,3,2,3,3,3,4,4,3,3,3,3,4,3,3,3,2,3,3,3,4,1,2,2,2,3,2,1,3,1
DN0568,CN_MN_12,3,1,01/12/2025,1,3,3,2,2,3,3,2,3,2,2,4,3,3,3,3,3,2,2,4,3,4,4,3,4,4,2,3,3,3,4,2,2,3,4,3,3,4,4,3
DN0569,CN_MN_47,3,2,28/10/2025,1,1,2,2,3,4,2,3,3,3,2,3,4,3,3,2,3,3,2,4,4,4,4,5,5,5,4,4,4,4,3,5,4,5,5,5,3,4,4,3
DN0570,CN_MB_31,1,1,25/12/2025,1,3,4,4,1,4,2,5,3,4,4,4,2,3,4,4,4,4,4,4,4,2,4,4,3,3,4,5,4,5,4,2,2,3,2,4,4,5,4,3
DN0571,CN_MN_15,3,1,27/10/2025,1,2,3,3,2,4,1,3,4,4,3,3,3,4,4,5,5,5,5,5,5,5,5,3,3,4,4,4,3,3,4,5,4,4,4,4,5,5,5,4
DN0572,CN_MT_04,2,1,14/01/2026,1,3,4,4,2,3,1,4,4,4,3,4,4,2,3,2,4,2,2,3,2,2,2,3,3,3,2,1,3,2,2,3,3,3,2,2,2,2,2,1
DN0573,CN_MN_14,3,2,11/11/2025,1,1,1,1,3,2,3,2,2,3,2,3,4,2,3,2,2,1,2,3,3,3,4,4,3,3,3,2,2,2,3,3,3,2,3,3,3,3,3,1
DN0574,CN_MT_15,2,2,29/10/2025,1,3,4,2,3,3,1,5,5,5,5,3,4,3,3,4,4,4,3,4,5,4,5,3,3,4,3,5,3,5,4,5,5,4,4,4,3,5,4,2
DN0575,CN_MB_69,1,2,15/10/2025,1,4,4,3,1,3,1,2,3,4,4,4,4,3,3,4,4,4,4,5,5,5,5,3,3,4,3,4,5,4,5,3,3,2,3,4,3,4,3,1
DN0576,CN_MB_39,1,2,18/01/2026,1,1,1,2,3,1,3,4,3,4,4,4,4,4,3,5,4,4,4,5,5,5,5,3,3,4,4,4,5,3,4,3,4,3,3,4,5,5,4,4
DN0577,CN_MB_13,1,1,11/11/2025,1,1,1,1,5,1,1,4,3,4,5,4,4,5,4,4,3,3,4,3,4,3,4,4,4,5,5,4,5,4,4,3,4,3,5,5,5,4,4,4
DN0578,CN_MB_51,1,1,19/12/2025,1,2,1,2,1,1,2,2,4,2,3,4,4,4,5,3,5,4,5,4,4,3,4,4,4,4,5,4,4,5,4,4,3,3,3,3,5,5,4,4
DN0579,CN_MB_19,1,1,11/01/2026,1,1,1,3,1,3,1,2,3,2,3,3,3,2,4,3,3,3,2,3,3,3,3,4,3,4,4,3,3,4,3,3,2,4,4,4,4,4,4,4
DN0580,CN_MN_20,3,1,14/11/2025,1,3,4,2,4,3,3,3,4,4,3,5,4,5,4,2,4,3,3,4,4,4,5,4,4,4,4,4,4,4,4,4,4,4,4,4,4,4,4,2
DN0581,CN_MN_04,3,1,24/11/2025,1,2,2,2,3,2,2,3,3,3,3,4,3,4,4,3,3,4,4,5,5,5,4,4,3,3,2,3,3,3,4,3,2,2,2,4,5,4,4,2
DN0582,CN_MT_12,2,2,04/11/2025,1,1,2,3,3,1,4,4,4,4,4,4,4,5,4,4,3,2,2,4,3,4,3,4,3,3,4,5,5,5,4,3,3,2,2,4,5,4,4,4
DN0583,CN_MT_10,2,1,12/11/2025,1,2,2,4,3,3,2,3,3,3,3,5,4,5,4,4,5,5,5,4,5,5,4,2,3,3,5,3,3,3,4,4,4,4,4,4,4,4,4,3
DN0584,CN_MB_32,1,2,01/01/2026,1,4,4,2,2,2,2,3,2,3,3,4,3,3,3,4,5,4,4,4,4,4,4,4,4,5,4,4,2,5,4,4,3,4,3,3,2,2,2,1
DN0585,CN_MB_56,1,1,29/11/2025,1,2,2,2,2,3,1,3,3,4,2,5,4,5,4,5,4,4,5,4,4,3,4,4,3,4,3,4,3,3,4,3,4,3,2,5,4,4,5,2
DN0586,CN_MT_16,2,1,19/11/2025,1,1,2,3,2,3,1,3,3,2,2,4,4,3,4,3,5,4,4,4,4,4,5,4,4,4,3,4,3,2,2,3,3,3,3,4,4,3,4,1
DN0587,CN_MT_12,2,2,16/12/2025,1,3,3,4,3,4,2,2,1,3,2,3,3,3,3,2,3,2,2,4,4,4,4,3,4,4,2,2,3,3,4,4,3,3,4,3,3,3,2,1
DN0588,CN_MN_14,3,1,04/11/2025,1,2,2,2,2,3,1,5,5,5,4,4,4,4,3,5,5,4,4,5,4,4,5,5,5,5,5,4,4,3,3,5,5,3,5,5,5,5,5,4
DN0589,CN_MB_31,1,1,29/10/2025,1,2,3,4,2,4,2,5,4,3,3,3,4,4,2,5,5,5,5,5,5,5,5,4,2,2,4,3,4,4,3,4,4,4,3,5,4,3,4,2
DN0590,CN_MN_35,3,1,07/12/2025,1,4,3,1,3,4,2,1,1,1,2,4,4,3,4,5,4,4,3,3,4,4,4,3,4,3,4,3,3,3,3,4,3,4,3,5,4,3,3,3
DN0591,CN_MB_45,1,1,18/12/2025,1,4,2,3,1,3,2,1,3,1,1,2,3,2,3,4,2,3,2,3,4,3,3,3,3,1,2,4,4,3,4,2,3,3,3,2,2,1,1,1
DN0592,CN_MB_69,1,2,16/10/2025,1,2,2,3,2,1,2,2,2,3,2,2,2,2,2,3,3,2,3,3,4,4,4,2,3,2,2,4,4,5,3,4,3,3,4,2,5,2,2,4
DN0593,CN_MT_07,2,1,25/12/2025,1,3,3,1,2,4,1,4,4,3,3,3,3,5,3,3,4,3,3,3,4,5,5,3,4,3,4,3,3,3,3,5,3,5,4,4,3,4,2,2
DN0594,CN_MN_34,3,2,19/10/2025,1,2,2,2,1,2,1,4,4,4,3,3,2,4,3,2,3,3,4,3,3,3,3,4,4,4,4,3,3,2,5,4,3,4,4,4,4,4,4,2
DN0595,CN_MN_04,3,1,03/12/2025,1,1,2,3,1,3,4,2,3,3,1,4,4,4,4,4,3,4,3,4,4,4,4,5,4,4,5,5,3,4,4,4,4,4,3,4,3,4,5,2
DN0596,CN_MN_38,3,2,27/10/2025,1,1,2,1,1,2,2,3,2,2,1,4,4,3,4,3,3,2,4,4,4,3,4,5,3,4,4,4,4,4,4,3,3,4,2,3,4,2,3,2
DN0597,CN_MB_63,1,1,16/11/2025,1,1,1,4,3,4,1,3,4,4,3,3,3,3,4,1,3,1,4,4,3,3,3,4,3,4,3,4,3,3,4,2,4,2,2,4,4,3,4,3
DN0598,CN_MB_63,1,1,07/12/2025,1,2,2,1,1,1,2,3,3,2,3,3,2,3,2,4,3,4,3,4,5,5,4,4,3,4,3,4,4,3,4,4,4,5,4,4,4,4,4,4
DN0599,CN_MB_47,1,1,16/10/2025,1,1,2,3,3,2,2,3,3,3,2,3,2,4,3,3,4,4,4,5,5,5,5,4,4,4,4,3,4,3,3,3,4,4,3,3,4,3,4,1
DN0600,CN_MN_10,3,2,05/01/2026,1,2,3,3,2,3,2,3,3,3,4,4,5,5,4,4,3,4,4,4,4,4,4,4,3,5,4,5,5,4,5,3,3,3,2,4,3,4,4,2
DN0601,CN_MN_02,3,1,28/11/2025,1,5,2,3,1,2,3,5,4,3,4,4,3,3,3,3,3,4,3,3,4,4,4,4,4,5,4,4,3,4,5,2,3,2,2,4,4,3,4,2
DN0602,CN_MN_31,3,2,21/11/2025,1,2,2,4,2,2,2,3,4,3,3,2,4,3,3,3,3,3,2,4,4,5,4,3,1,3,4,3,2,2,1,3,4,4,5,3,3,4,4,1
DN0603,CN_MB_43,1,1,31/12/2025,1,5,3,4,1,2,4,5,4,5,3,5,3,5,4,5,5,4,4,5,5,4,4,3,2,2,4,4,3,4,4,3,5,3,4,4,4,5,5,2
DN0604,CN_MN_46,3,1,18/11/2025,1,1,1,1,3,2,3,2,2,2,1,3,2,3,3,3,3,2,4,4,4,3,4,3,3,4,4,4,4,3,4,3,4,4,3,4,4,3,3,2
DN0605,CN_MB_14,1,1,06/12/2025,1,2,3,3,2,3,1,2,2,2,2,3,3,4,2,4,3,4,3,5,4,3,5,2,3,2,2,2,2,1,1,2,2,3,3,2,3,4,2,1
DN0606,CN_MN_12,3,1,01/12/2025,1,1,2,1,1,2,2,3,3,3,3,3,4,4,4,3,4,3,2,4,4,4,3,3,2,3,3,4,5,4,4,3,4,3,3,3,3,3,4,2
DN0607,CN_MB_73,1,1,20/10/2025,1,4,2,1,1,1,2,4,3,3,4,2,2,3,4,5,5,5,4,4,2,4,3,4,4,4,3,4,5,4,4,3,4,3,4,3,5,4,4,4
DN0608,CN_MN_01,3,2,10/01/2026,1,2,2,3,5,2,2,3,3,3,3,4,3,3,3,3,4,3,4,5,5,4,4,3,4,5,5,5,5,2,4,4,4,3,3,3,3,3,2,1
DN0609,CN_MB_03,1,2,14/01/2026,1,2,2,1,5,2,2,3,2,3,2,4,4,4,3,3,3,4,3,4,4,4,4,3,3,3,4,4,4,4,3,4,4,4,4,4,2,3,3,2
DN0610,CN_MT_09,2,2,18/11/2025,1,2,2,3,2,2,2,4,4,5,3,3,3,3,2,5,5,4,4,4,5,5,4,4,4,4,4,4,4,3,4,2,3,3,3,4,3,4,4,2
DN0611,CN_MN_31,3,1,16/11/2025,1,2,3,4,2,4,1,2,4,2,4,3,4,4,4,4,4,4,4,3,4,4,3,4,4,4,4,4,3,4,3,3,4,4,3,4,4,4,4,3
DN0612,CN_MB_02,1,2,05/01/2026,1,3,4,4,2,1,4,4,1,3,3,3,3,4,4,3,4,3,4,3,4,3,3,4,4,4,4,4,4,3,4,3,4,4,3,4,4,3,4,4
DN0613,CN_MB_39,1,1,04/01/2026,1,5,2,1,4,1,2,3,2,2,3,3,3,3,4,3,3,3,3,5,5,4,4,3,4,5,3,2,2,2,2,4,4,4,4,4,4,3,2,4
DN0614,CN_MB_36,1,1,26/12/2025,1,2,2,3,5,2,3,5,4,5,5,5,4,5,4,5,5,5,4,5,5,5,5,4,4,4,4,3,4,3,4,4,4,3,4,3,3,4,3,1
DN0615,CN_MN_48,3,2,04/01/2026,1,3,2,3,2,4,4,3,3,2,2,2,1,2,2,3,2,2,2,4,4,5,5,2,3,3,3,4,4,3,4,4,3,3,2,3,3,3,3,2
DN0616,CN_MB_09,1,1,06/11/2025,1,1,2,3,5,2,3,3,4,3,3,4,5,4,4,3,4,3,4,4,4,3,4,4,5,4,4,4,4,4,5,4,3,5,2,4,4,5,5,2
DN0617,CN_MN_07,3,1,20/10/2025,1,3,3,1,3,3,3,3,4,3,4,5,3,5,5,5,5,5,5,5,5,4,3,5,5,4,5,3,3,3,3,5,4,4,4,3,4,4,4,3
DN0618,CN_MB_41,1,2,30/12/2025,1,3,2,3,4,3,2,3,4,4,4,2,2,3,5,5,4,4,5,4,4,4,4,4,3,2,3,3,3,4,4,3,3,3,4,3,3,4,3,2
DN0619,CN_MT_08,2,2,08/11/2025,1,1,2,3,1,2,3,5,4,5,5,3,4,4,4,4,4,3,4,5,5,5,4,5,5,4,4,5,5,5,5,5,5,5,5,5,5,5,5,4
DN0620,CN_MN_04,3,2,23/10/2025,1,2,2,3,1,2,2,4,4,4,4,4,4,4,3,2,3,3,4,4,5,5,5,4,4,5,5,5,5,4,5,5,5,5,5,5,5,5,5,4
DN0621,CN_MB_38,1,2,26/12/2025,1,1,1,1,4,3,1,4,3,2,3,2,2,2,1,3,4,4,3,5,5,4,5,2,3,4,3,5,4,4,5,2,2,2,3,4,4,3,3,1
DN0622,CN_MB_56,1,2,19/01/2026,1,1,1,2,3,2,1,4,4,4,4,5,5,5,5,1,4,3,4,5,4,5,5,4,4,3,3,5,5,4,5,3,3,2,2,5,5,5,5,3
DN0623,CN_MB_68,1,2,24/11/2025,1,4,2,1,2,4,1,1,2,3,1,4,5,4,4,5,5,4,4,3,2,2,3,3,3,3,4,1,1,3,2,3,4,3,3,4,3,3,4,1
DN0624,CN_MT_07,2,1,18/11/2025,1,3,2,3,1,4,3,3,3,3,3,3,1,4,3,3,3,3,4,3,2,2,3,2,4,3,2,3,4,3,2,3,2,3,3,3,3,3,3,1
DN0625,CN_MT_18,2,1,28/12/2025,1,5,3,4,2,3,2,4,4,4,4,2,4,2,4,3,3,3,4,4,4,4,5,5,4,4,4,4,5,4,5,2,2,4,2,4,3,4,4,3
DN0626,CN_MT_21,2,1,01/01/2026,1,1,2,1,1,3,2,3,4,4,3,4,4,4,4,3,2,3,3,5,5,5,5,4,3,4,4,5,5,5,5,2,3,3,1,3,4,3,4,3
DN0627,CN_MB_08,1,1,25/12/2025,1,1,1,2,4,2,2,4,3,2,5,5,5,5,5,5,4,5,4,4,4,3,4,3,4,3,2,5,4,4,5,3,4,3,4,3,4,4,4,1
DN0628,CN_MB_23,1,1,28/12/2025,1,1,2,2,1,2,2,3,3,4,2,4,4,3,4,4,3,4,3,4,3,3,3,4,3,3,3,2,3,3,3,3,2,3,4,3,3,3,2,1
DN0629,CN_MT_27,2,2,19/01/2026,1,1,1,2,2,1,2,3,4,3,3,5,4,4,4,4,4,4,3,3,4,4,4,3,2,4,4,4,4,4,5,3,3,3,3,3,4,4,4,4
DN0630,CN_MB_45,1,2,19/12/2025,1,1,1,1,2,3,4,3,4,2,4,3,4,5,4,3,4,3,3,5,5,5,5,4,4,4,3,4,5,5,5,3,4,3,3,4,5,4,4,2
DN0631,CN_MT_27,2,2,05/11/2025,1,2,2,3,3,2,2,3,3,3,3,3,4,4,4,3,4,4,4,2,2,3,3,3,4,4,4,2,3,3,3,2,4,3,4,4,4,4,4,3
DN0632,CN_MB_35,1,1,28/11/2025,1,2,2,1,1,2,3,4,4,5,4,3,5,4,4,4,4,4,4,4,3,4,4,4,4,4,4,4,4,2,4,5,3,5,4,3,5,5,3,3
DN0633,CN_MB_22,1,2,11/11/2025,1,1,1,1,2,1,3,3,4,4,4,1,2,3,2,2,3,2,4,4,3,3,4,4,4,3,4,4,3,5,4,4,2,2,3,3,4,4,3,4
DN0634,CN_MT_21,2,2,07/11/2025,1,3,3,3,3,2,1,2,4,3,3,4,4,4,4,5,4,4,4,5,5,5,4,2,3,4,3,3,3,3,3,5,4,4,4,4,3,4,4,3
DN0635,CN_MN_14,3,2,14/12/2025,1,3,2,3,1,3,3,3,2,4,4,4,3,4,3,4,4,3,4,4,4,4,4,5,5,4,4,5,5,5,5,4,4,4,4,5,4,5,5,3
DN0636,CN_MT_14,2,1,25/11/2025,1,4,3,2,3,2,2,4,3,4,3,3,4,3,4,4,4,4,3,3,4,3,4,4,3,4,1,3,4,3,4,3,2,2,2,3,4,4,4,2
DN0637,CN_MN_20,3,1,13/11/2025,1,1,2,3,4,2,1,2,2,1,1,4,4,4,4,5,4,4,3,4,4,4,4,4,4,4,2,4,3,3,4,2,2,3,3,3,2,2,3,1
DN0638,CN_MB_69,1,2,26/11/2025,1,2,1,3,4,2,2,4,2,4,3,4,3,2,3,3,4,3,3,4,4,3,5,3,3,3,4,5,5,4,5,4,4,5,4,4,4,5,4,2
DN0639,CN_MB_49,1,1,23/12/2025,1,3,4,4,3,3,2,5,4,3,4,3,3,3,3,4,5,5,4,5,4,4,4,4,4,3,4,5,5,4,5,5,4,3,4,5,5,4,4,3
DN0640,CN_MB_24,1,2,05/01/2026,1,3,2,1,5,3,3,3,5,3,2,2,2,3,3,5,4,4,4,4,3,3,3,4,3,3,3,3,2,4,4,4,3,3,3,4,4,4,3,3
DN0641,CN_MB_67,1,1,11/01/2026,1,4,4,1,2,2,1,3,4,5,4,2,3,4,2,3,2,4,3,4,5,5,5,5,4,4,5,3,4,3,4,4,3,5,4,3,3,2,4,2
DN0642,CN_MN_09,3,2,18/01/2026,1,4,3,3,3,2,3,4,4,4,4,4,4,4,4,4,4,3,3,4,4,4,4,4,5,5,5,5,4,5,5,5,4,5,4,5,5,5,5,4
DN0643,CN_MB_76,1,1,05/01/2026,1,4,2,4,1,4,2,3,3,2,3,3,3,3,3,3,3,3,3,4,4,5,5,4,4,4,5,3,4,2,3,4,4,3,5,3,4,4,4,2
DN0644,CN_MB_35,1,2,21/10/2025,1,2,1,4,4,1,2,1,3,1,3,3,3,3,4,2,2,1,2,4,4,3,4,4,4,4,3,2,2,2,3,2,3,3,3,3,4,4,3,4
DN0645,CN_MB_72,1,1,23/10/2025,1,2,3,2,1,3,2,4,4,5,4,3,3,4,3,4,4,5,4,5,4,4,5,3,4,5,5,5,5,4,5,2,3,5,4,4,3,4,3,2
DN0646,CN_MN_11,3,2,01/01/2026,1,4,2,3,5,2,2,3,3,3,3,4,4,5,4,3,4,2,3,4,5,5,5,3,3,2,3,4,4,4,4,3,3,5,3,4,5,4,4,2
DN0647,CN_MN_42,3,1,17/11/2025,1,1,1,1,2,2,2,5,5,5,5,5,4,5,4,5,5,5,4,4,5,5,5,2,3,4,3,5,3,3,4,5,4,4,4,5,4,5,5,4
DN0648,CN_MT_09,2,1,19/11/2025,1,1,2,1,2,1,4,3,2,2,2,4,3,3,3,4,3,5,3,4,4,4,4,3,3,3,2,3,3,3,3,4,3,5,3,3,4,4,4,4
DN0649,CN_MN_24,3,1,16/12/2025,1,3,4,3,2,4,1,4,2,4,3,2,2,2,2,4,2,2,1,3,2,3,3,2,2,3,1,2,2,2,3,2,2,4,3,3,3,3,4,1
DN0650,CN_MT_10,2,1,11/12/2025,1,2,2,2,2,1,2,4,4,5,3,3,3,3,2,3,3,3,3,4,4,4,4,3,4,5,4,4,5,4,5,3,5,5,4,3,4,4,3,4
DN0651,CN_MT_08,2,1,08/01/2026,1,1,2,2,1,3,2,5,4,4,4,4,4,3,3,4,4,3,4,5,5,5,5,5,5,4,4,4,5,5,5,3,3,3,3,5,4,4,5,4
DN0652,CN_MB_23,1,2,08/11/2025,1,1,1,3,1,2,2,2,2,3,2,4,3,4,4,4,5,5,4,3,5,4,4,4,3,3,3,5,4,2,3,3,3,4,4,4,3,3,2,2
DN0653,CN_MT_14,2,1,27/11/2025,1,2,3,3,1,2,1,3,1,2,1,3,3,3,4,4,4,3,3,4,4,4,4,4,2,3,3,3,3,3,2,4,3,4,3,3,3,3,3,1
DN0654,CN_MB_64,1,2,20/01/2026,1,3,3,2,5,3,1,2,4,2,1,4,4,4,4,4,3,4,4,4,4,4,5,4,4,4,3,3,3,3,2,3,3,3,3,4,5,5,3,3
DN0655,CN_MN_24,3,2,20/10/2025,1,2,3,3,1,3,2,4,3,2,3,2,2,3,3,4,3,4,3,4,5,5,4,5,3,4,4,4,3,3,4,4,2,4,3,4,3,4,3,2
DN0656,CN_MB_75,1,1,15/11/2025,1,1,2,3,1,2,2,3,3,5,3,4,5,4,4,3,3,2,3,5,4,4,5,5,5,5,4,4,4,3,5,4,5,5,5,4,4,5,4,3
DN0657,CN_MT_06,2,1,28/12/2025,1,3,4,4,3,2,4,4,5,3,3,4,4,4,4,2,4,3,4,4,5,5,5,4,3,4,4,3,3,3,3,3,4,4,3,4,4,5,5,3
DN0658,CN_MN_43,3,1,15/10/2025,1,2,3,4,2,2,3,5,5,4,5,4,4,4,3,3,4,3,3,5,5,5,5,5,4,5,5,4,4,3,5,4,3,4,2,5,4,5,4,4
DN0659,CN_MT_20,2,1,04/11/2025,1,3,4,4,2,3,1,4,3,4,3,3,3,2,2,3,3,4,2,3,4,4,4,2,3,3,3,4,4,5,4,4,4,5,4,5,5,5,5,2
DN0660,CN_MN_18,3,2,18/12/2025,1,2,2,3,2,1,2,4,4,3,4,5,3,4,4,4,3,5,3,3,4,3,3,4,4,4,3,2,3,3,3,2,3,3,3,5,4,4,5,4
DN0661,CN_MN_12,3,2,09/12/2025,1,4,2,2,1,3,1,4,3,4,4,2,2,3,2,3,3,3,4,2,3,4,3,3,3,3,3,3,3,3,3,4,4,2,3,2,3,3,3,1
DN0662,CN_MB_75,1,1,18/11/2025,1,3,3,2,1,3,2,5,4,4,4,5,5,4,5,4,4,3,4,4,3,4,4,4,3,4,4,4,3,4,4,3,3,4,3,4,4,5,5,3
DN0663,CN_MB_37,1,1,25/11/2025,1,1,1,2,1,2,2,4,3,3,2,4,5,4,3,3,2,4,2,3,3,3,3,4,3,4,3,4,4,4,5,2,3,2,1,3,4,4,4,3
DN0664,CN_MB_09,1,2,31/10/2025,1,4,2,2,4,2,1,2,3,3,4,3,4,4,4,4,5,5,5,4,4,4,4,3,3,3,2,3,3,2,3,3,3,4,3,3,3,2,3,1
DN0665,CN_MT_12,2,2,15/01/2026,1,2,1,2,4,1,4,3,2,4,3,1,4,3,3,1,3,3,3,3,2,2,3,2,1,2,2,3,2,1,3,1,2,2,2,2,4,1,2,4
DN0666,CN_MN_14,3,2,17/01/2026,1,1,2,2,5,1,1,4,4,4,4,4,4,4,4,3,3,4,4,5,5,5,5,3,4,4,4,3,3,4,3,3,3,4,3,4,4,4,4,4
DN0667,CN_MB_13,1,1,02/01/2026,1,1,3,4,2,2,2,2,1,1,3,2,3,3,2,3,4,2,3,3,3,3,3,4,4,4,3,3,4,4,3,4,2,3,4,3,3,2,3,1
DN0668,CN_MB_38,1,1,17/01/2026,1,1,2,3,2,2,2,4,3,2,3,4,5,4,4,3,4,4,5,3,3,3,4,4,5,4,4,2,3,3,3,5,4,5,5,2,2,4,4,2
DN0669,CN_MT_08,2,1,13/01/2026,1,2,1,3,2,2,3,4,3,3,5,3,4,3,3,3,4,4,4,4,4,3,3,2,3,4,4,4,4,3,5,2,2,3,3,4,4,4,2,3
DN0670,CN_MN_15,3,2,29/10/2025,1,2,2,2,3,3,2,4,2,3,4,5,5,5,5,5,5,5,5,4,4,4,4,4,3,4,3,4,3,3,3,4,4,5,3,5,5,5,4,3
DN0671,CN_MB_16,1,1,27/11/2025,1,1,2,2,2,2,2,3,3,3,3,4,5,5,4,4,4,2,3,4,4,5,4,3,2,2,2,5,4,5,5,3,2,3,3,3,3,3,3,1
DN0672,CN_MT_02,2,2,25/12/2025,1,1,1,2,1,1,2,2,3,1,3,2,2,2,3,2,1,2,3,4,3,2,4,3,3,2,2,3,3,3,2,2,3,2,2,3,4,2,3,4
DN0673,CN_MB_15,1,2,17/01/2026,1,1,1,2,1,1,2,4,4,4,4,4,3,3,4,3,4,5,3,4,4,4,4,3,3,3,3,4,3,3,4,5,4,4,4,4,4,4,5,4
DN0674,CN_MB_72,1,2,09/01/2026,1,2,2,3,4,2,1,3,2,2,3,2,3,3,4,3,3,2,3,3,2,3,3,3,5,4,4,4,2,2,2,2,1,2,1,3,4,4,4,1
DN0675,CN_MB_73,1,1,23/12/2025,1,3,3,3,1,2,3,2,3,3,3,3,4,4,2,3,4,3,4,4,5,4,4,4,4,4,4,4,3,3,4,3,4,3,3,2,3,2,2,1
DN0676,CN_MN_33,3,1,01/12/2025,1,1,2,3,1,2,1,3,5,4,4,3,3,3,2,3,5,2,2,4,4,5,5,4,5,4,4,4,4,5,5,2,2,3,3,4,5,4,3,2
DN0677,CN_MN_22,3,1,21/11/2025,1,2,1,2,1,2,1,2,3,2,2,3,1,3,3,2,2,3,3,4,4,3,4,2,2,3,2,2,2,2,3,2,2,3,2,2,1,3,2,1
DN0678,CN_MB_42,1,1,21/11/2025,1,1,2,1,1,1,4,3,4,4,2,5,5,5,5,4,5,4,5,5,5,5,5,5,5,5,5,5,5,4,5,3,4,4,4,4,4,4,5,4
DN0679,CN_MB_72,1,2,18/10/2025,1,2,1,3,1,3,4,4,5,3,4,5,5,4,5,4,4,5,4,4,5,4,5,5,5,5,5,5,2,4,4,4,4,5,4,5,5,5,4,4
DN0680,CN_MB_54,1,2,22/12/2025,1,1,1,3,1,3,1,3,4,4,3,4,3,4,5,4,4,3,4,4,4,4,5,5,5,4,5,4,4,3,2,4,3,4,4,4,4,3,3,3
DN0681,CN_MN_02,3,1,05/11/2025,1,1,1,3,1,2,3,2,1,1,2,3,3,3,4,2,2,3,3,4,4,4,4,3,3,2,2,3,3,3,4,4,4,3,2,3,3,3,3,1
DN0682,CN_MN_35,3,2,20/10/2025,1,2,1,4,2,2,3,5,4,5,4,4,4,4,2,4,4,4,3,4,4,4,5,5,4,5,4,4,4,4,3,4,5,3,4,4,4,5,4,2
DN0683,CN_MT_02,2,2,25/12/2025,1,1,2,3,1,2,2,3,3,4,3,3,3,3,2,5,3,3,4,4,4,3,3,3,3,2,3,2,3,2,3,2,3,3,2,3,3,3,2,1
DN0684,CN_MB_37,1,2,16/01/2026,1,2,3,3,3,2,2,4,4,3,3,3,3,4,3,4,4,3,5,4,5,5,5,4,4,4,4,4,2,3,3,3,4,3,5,5,3,5,4,3
DN0685,CN_MB_58,1,1,13/01/2026,1,1,2,4,1,2,1,4,3,4,3,3,3,2,3,2,2,2,1,4,3,3,3,3,4,4,3,4,3,5,4,3,4,3,4,2,3,3,4,2
DN0686,CN_MT_04,2,1,07/01/2026,1,4,4,4,4,1,1,3,4,2,3,3,4,4,3,3,5,4,3,5,5,5,4,4,4,4,3,4,4,3,4,3,3,3,3,4,4,3,3,4
DN0687,CN_MB_36,1,1,14/11/2025,1,2,2,2,2,2,3,2,3,4,3,5,4,5,5,4,4,4,4,4,4,3,4,3,3,4,3,3,3,3,2,4,4,4,4,5,4,5,5,2
DN0688,CN_MB_34,1,1,16/01/2026,1,4,3,3,3,2,3,3,3,3,4,4,4,4,4,5,5,4,5,5,5,5,5,5,3,5,3,4,5,4,4,3,3,4,3,4,4,5,4,3
DN0689,CN_MN_40,3,2,16/11/2025,1,2,3,4,1,3,3,3,3,4,3,3,3,3,2,2,2,2,2,3,3,3,4,2,3,3,4,2,2,2,3,2,2,2,2,2,3,2,2,1
DN0690,CN_MB_32,1,2,21/10/2025,1,1,1,2,1,2,3,4,4,5,4,5,5,5,4,3,4,2,4,5,4,5,4,5,5,4,5,3,3,3,3,4,3,4,4,4,2,3,3,2
DN0691,CN_MB_23,1,2,14/11/2025,1,2,1,3,3,1,3,3,3,4,2,4,2,3,3,4,5,4,2,4,4,2,4,4,3,3,3,3,2,3,3,3,3,2,4,3,5,2,3,4
DN0692,CN_MB_40,1,2,25/10/2025,1,1,1,3,1,1,1,4,3,4,3,5,5,5,5,5,4,5,5,4,4,4,4,4,5,5,4,5,5,4,5,3,2,3,3,3,5,3,4,4
DN0693,CN_MN_03,3,1,19/10/2025,1,1,1,1,5,1,2,3,3,2,1,4,3,4,4,1,3,2,2,3,3,3,3,4,3,3,4,4,3,5,4,2,3,2,3,2,5,2,2,4
DN0694,CN_MN_32,3,2,13/12/2025,1,2,1,1,1,1,2,4,2,3,2,3,3,4,3,3,3,4,3,4,4,3,4,3,4,4,3,2,3,2,3,5,4,4,5,4,5,4,3,4
DN0695,CN_MB_12,1,2,25/11/2025,1,3,3,3,1,3,3,4,4,5,4,4,4,4,3,3,4,4,5,4,5,4,4,3,3,2,3,3,4,4,4,3,3,3,2,4,4,4,5,3
DN0696,CN_MB_78,1,1,10/11/2025,1,1,1,3,2,1,2,1,1,3,1,3,2,3,3,2,2,2,4,3,3,3,4,4,4,4,4,5,5,5,5,3,3,3,3,2,4,3,3,4
DN0697,CN_MB_46,1,1,08/11/2025,1,1,2,2,2,2,2,4,2,3,2,4,4,5,5,3,5,4,4,5,5,4,5,4,3,4,4,3,3,3,3,4,4,4,3,5,4,4,4,3
DN0698,CN_MB_07,1,2,22/11/2025,1,4,2,1,1,2,2,3,2,3,4,3,3,3,2,5,3,4,2,5,4,4,4,3,4,5,4,5,5,5,5,3,2,3,3,4,3,3,4,2
DN0699,CN_MT_20,2,1,26/11/2025,1,3,3,4,1,2,2,3,5,4,4,4,2,4,5,4,5,3,2,4,4,3,4,4,3,4,4,3,3,5,5,4,4,3,4,4,5,4,4,2
DN0700,CN_MT_15,2,1,28/10/2025,1,3,4,4,3,3,2,2,1,3,1,4,4,4,3,4,5,4,4,4,4,4,5,5,4,4,5,3,5,4,4,3,4,3,3,4,4,3,3,2
DN0701,CN_MN_31,3,1,18/01/2026,1,1,1,1,2,1,1,3,2,5,3,4,5,4,4,4,4,4,4,5,5,5,5,4,3,4,4,3,3,3,4,4,4,4,4,3,4,4,3,4
DN0702,CN_MN_24,3,2,15/12/2025,1,4,2,3,1,2,2,4,3,4,4,2,1,2,3,2,2,3,4,4,3,3,2,3,3,3,3,3,2,3,1,2,2,3,3,2,3,3,4,1
DN0703,CN_MB_36,1,2,02/01/2026,1,1,1,1,2,2,3,4,2,4,4,2,3,1,1,2,2,2,1,3,4,4,3,2,3,4,3,2,3,3,2,2,2,2,3,2,2,2,2,1
DN0704,CN_MN_18,3,1,11/12/2025,1,1,2,1,1,2,4,4,2,4,3,5,4,4,4,2,2,2,3,4,4,5,5,3,3,4,4,3,4,4,3,3,4,4,3,4,4,4,3,1
DN0705,CN_MT_28,2,2,07/01/2026,1,3,3,4,1,2,4,3,3,4,3,2,2,3,3,3,4,3,3,3,3,3,3,3,4,3,3,3,3,3,3,2,3,3,3,3,2,2,3,1
DN0706,CN_MT_17,2,1,12/12/2025,1,2,3,3,5,4,2,4,4,4,4,5,5,4,4,3,3,3,3,4,4,5,5,4,4,2,3,4,3,4,4,4,4,3,5,3,3,3,3,1
DN0707,CN_MT_24,2,2,22/11/2025,1,1,1,2,1,2,4,2,3,3,2,2,2,3,3,3,2,3,3,4,5,4,4,3,4,4,4,2,3,4,3,3,3,3,4,3,4,4,2,1
DN0708,CN_MB_19,1,1,04/11/2025,1,1,1,2,3,1,4,4,4,4,5,2,3,3,4,3,4,4,4,4,4,4,4,3,5,5,4,4,5,4,5,4,3,3,2,3,4,3,3,4
DN0709,CN_MB_42,1,1,20/01/2026,1,1,2,3,3,2,1,2,3,3,3,5,3,3,4,3,3,3,3,2,3,2,4,3,2,3,3,3,4,2,4,4,5,4,3,3,2,3,1,1
DN0710,CN_MT_15,2,2,30/11/2025,1,3,3,4,2,4,4,3,3,4,4,4,4,4,4,2,4,4,4,4,4,4,4,3,4,5,2,4,5,4,4,4,3,3,3,4,4,4,4,2
DN0711,CN_MN_06,3,2,03/11/2025,1,2,2,1,4,2,4,3,4,4,3,4,5,4,3,4,4,5,4,3,5,4,3,5,4,5,4,4,5,4,4,5,5,5,4,4,5,4,5,4
DN0712,CN_MN_29,3,1,13/11/2025,1,2,1,1,5,2,3,4,2,2,2,5,2,4,4,2,3,2,4,5,4,4,4,4,4,5,4,4,4,4,3,3,4,4,4,2,3,2,2,1
DN0713,CN_MB_10,1,1,03/12/2025,1,2,1,3,4,1,1,5,4,4,4,2,3,4,3,2,4,3,2,3,4,3,3,4,3,4,3,4,4,3,3,4,3,3,4,4,4,4,4,4
DN0714,CN_MB_33,1,2,15/12/2025,1,3,4,2,1,3,1,3,3,2,3,4,5,5,5,4,4,4,5,4,4,4,4,4,4,5,4,3,3,2,3,5,5,4,5,4,3,4,4,3
DN0715,CN_MT_01,2,1,18/10/2025,1,1,1,3,3,1,4,1,1,1,2,2,3,2,2,3,3,2,4,3,2,2,3,4,3,4,4,4,4,4,3,4,4,4,4,3,5,3,3,4
DN0716,CN_MN_42,3,2,15/11/2025,1,1,1,3,1,2,2,3,2,3,4,3,3,3,2,2,3,2,3,4,4,5,4,4,4,3,4,4,4,5,4,4,4,4,4,4,4,4,5,2
DN0717,CN_MN_41,3,2,11/01/2026,1,1,2,4,1,2,3,2,2,3,3,4,3,2,3,3,2,4,4,3,4,3,4,5,4,4,3,4,4,4,5,2,3,2,2,2,3,3,4,1
DN0718,CN_MN_34,3,2,11/01/2026,1,2,2,1,2,1,3,3,4,3,3,3,3,4,3,4,5,3,4,5,5,5,5,4,3,4,3,4,5,4,4,3,4,4,4,3,4,3,3,4
DN0719,CN_MN_11,3,2,04/12/2025,1,3,3,3,2,3,1,3,2,3,1,4,4,5,5,5,4,5,4,4,4,4,3,2,3,4,3,5,2,4,4,3,2,3,2,4,3,3,2,2
DN0720,CN_MT_01,2,1,21/11/2025,1,3,2,1,1,4,2,3,2,1,4,1,2,1,1,3,3,2,2,4,4,4,4,4,4,4,5,4,4,3,5,4,3,4,4,2,2,3,3,2
DN0721,CN_MB_67,1,1,15/11/2025,1,1,1,2,4,1,2,3,2,2,2,4,3,3,3,3,3,3,3,4,5,4,4,5,5,5,5,4,4,4,4,5,4,3,4,4,5,4,5,4
DN0722,CN_MT_08,2,1,30/11/2025,1,2,1,3,2,1,2,3,3,4,4,3,3,3,3,3,4,2,3,4,3,4,3,4,5,5,4,4,5,4,4,2,2,2,1,3,4,4,2,4
DN0723,CN_MT_18,2,2,25/12/2025,1,2,3,3,2,4,2,4,4,3,4,5,4,4,4,4,3,5,4,4,4,5,4,5,4,4,4,4,4,5,5,3,4,3,3,5,5,5,5,3
DN0724,CN_MT_13,2,1,11/12/2025,1,2,2,3,2,3,2,4,2,5,1,5,4,4,5,4,4,4,3,4,5,4,5,4,4,3,5,5,4,4,5,2,2,4,4,3,4,4,2,3
DN0725,CN_MN_22,3,1,23/12/2025,1,1,2,3,1,4,4,2,3,4,4,4,3,3,2,3,3,4,4,4,3,3,4,3,3,2,4,4,4,4,4,2,3,3,4,3,3,4,3,1
DN0726,CN_MB_30,1,2,24/11/2025,1,4,2,1,2,2,1,4,4,3,3,3,3,4,4,3,4,3,4,4,4,4,4,4,3,4,4,5,5,4,5,4,3,4,5,3,4,2,3,1
DN0727,CN_MB_73,1,1,29/11/2025,1,2,3,1,3,3,3,4,4,5,4,5,4,5,3,5,4,3,5,4,4,4,5,4,3,3,3,4,3,3,4,4,4,3,4,3,5,3,4,2
DN0728,CN_MB_59,1,1,01/11/2025,1,2,1,4,1,1,2,3,4,4,4,2,3,2,3,4,4,4,4,5,4,5,5,4,3,4,3,5,5,4,5,3,4,4,3,5,5,4,4,4
DN0729,CN_MN_12,3,2,03/01/2026,1,2,3,3,1,1,3,3,3,3,4,5,4,4,3,5,4,5,5,4,4,3,3,4,4,5,3,4,4,3,4,4,4,5,4,5,4,4,3,4
DN0730,CN_MB_51,1,1,19/10/2025,1,1,2,1,1,1,2,2,3,2,2,4,2,3,2,2,2,2,4,4,4,2,3,4,4,4,3,4,4,3,3,2,3,4,3,4,5,4,2,4
DN0731,CN_MN_10,3,1,22/11/2025,1,1,1,2,1,1,3,4,2,4,3,4,3,4,4,4,5,5,5,4,4,4,3,5,4,5,5,4,4,3,3,4,4,4,5,3,4,5,4,4
DN0732,CN_MN_17,3,2,31/10/2025,1,4,4,3,4,2,2,4,4,4,3,5,4,4,5,5,4,5,4,4,5,4,4,4,4,4,4,5,4,5,5,4,3,4,4,5,5,4,4,3
DN0733,CN_MN_39,3,2,03/11/2025,1,2,3,3,2,3,4,1,2,3,2,3,4,3,4,5,3,4,3,4,5,4,5,3,4,2,2,5,4,4,4,3,2,2,4,4,3,4,2,1
DN0734,CN_MB_48,1,1,17/10/2025,1,1,2,1,1,1,2,4,3,3,4,4,4,3,4,5,4,4,4,5,5,4,5,4,3,4,5,4,4,4,5,2,3,2,3,5,4,4,5,4
DN0735,CN_MB_22,1,2,23/11/2025,1,1,2,4,3,2,3,4,5,4,4,4,3,3,3,3,4,3,3,4,3,4,4,4,5,4,5,4,3,3,3,5,4,5,5,4,4,5,5,2
DN0736,CN_MT_22,2,2,22/11/2025,1,2,1,2,3,2,4,3,4,3,3,4,5,4,5,4,3,4,3,5,5,5,5,5,5,5,5,4,3,3,4,3,4,3,4,5,5,4,4,4
DN0737,CN_MB_06,1,1,26/10/2025,1,1,1,2,2,1,2,3,2,2,4,2,2,2,4,4,4,3,4,4,4,3,3,5,4,5,5,3,3,2,2,3,3,3,4,3,4,3,3,4
DN0738,CN_MT_08,2,2,07/12/2025,1,1,2,2,3,2,2,4,4,5,4,4,4,5,4,5,5,4,5,4,3,3,3,4,4,4,3,3,3,3,3,4,4,4,4,4,4,5,3,3
DN0739,CN_MT_15,2,1,10/01/2026,1,2,2,3,3,1,2,4,3,3,3,3,2,3,3,3,3,5,4,5,5,5,5,5,4,5,5,4,3,4,3,3,2,2,3,4,4,4,4,4
DN0740,CN_MN_30,3,2,24/11/2025,1,1,3,3,1,2,3,4,3,4,4,3,2,3,2,4,3,2,3,4,4,4,5,5,4,4,5,5,4,4,3,4,4,5,4,4,3,4,4,3
DN0741,CN_MB_72,1,2,14/11/2025,1,1,1,1,2,3,2,3,3,4,4,3,3,4,4,5,4,4,3,4,4,5,5,5,4,4,4,5,4,4,4,3,4,4,5,5,4,4,4,2
DN0742,CN_MB_31,1,2,16/10/2025,1,2,1,2,5,2,2,2,2,2,1,3,2,3,2,4,3,3,3,5,4,3,4,3,3,3,3,5,4,3,4,1,2,3,3,2,2,3,4,1
DN0743,CN_MB_13,1,2,02/12/2025,1,2,1,1,5,3,2,4,3,4,4,4,4,4,3,3,2,3,2,4,4,4,4,3,4,4,4,3,3,3,3,4,3,3,4,4,5,4,3,2
DN0744,CN_MB_09,1,1,09/01/2026,1,1,2,2,1,3,2,2,3,2,2,2,3,3,1,4,4,4,4,4,4,4,5,3,2,3,3,3,4,2,3,1,1,1,2,2,1,3,3,1
DN0745,CN_MN_35,3,1,02/11/2025,1,1,2,4,2,2,4,4,3,2,3,3,3,4,3,5,5,5,5,5,4,4,4,3,3,4,4,3,4,2,3,3,4,2,3,4,5,5,5,2
DN0746,CN_MB_76,1,1,24/11/2025,1,2,3,4,1,4,3,3,2,1,2,4,3,3,3,3,4,4,2,5,5,5,5,1,3,2,2,4,3,4,4,2,2,2,3,3,4,3,4,1
DN0747,CN_MN_31,3,1,13/11/2025,1,2,1,1,3,2,2,5,3,4,4,2,2,1,2,4,4,4,4,4,4,4,4,4,3,4,4,4,4,4,4,3,4,4,4,4,5,5,3,2
DN0748,CN_MB_03,1,2,29/10/2025,1,2,1,1,5,1,2,5,5,4,3,5,5,5,5,3,4,4,4,5,5,5,5,5,5,5,4,5,5,4,4,5,4,5,5,5,5,5,5,4
DN0749,CN_MT_24,2,1,27/11/2025,1,1,2,3,2,3,3,2,1,1,1,3,3,3,4,3,3,3,3,4,4,4,4,2,2,2,2,4,4,3,3,3,3,3,3,3,4,3,3,1
DN0750,CN_MB_27,1,1,06/01/2026,1,1,1,1,1,1,2,5,5,5,5,4,5,4,5,4,4,4,2,5,4,4,4,5,5,4,4,3,4,4,3,3,3,3,3,5,5,5,5,4
DN0751,CN_MB_73,1,2,08/11/2025,1,2,2,4,2,2,2,4,3,3,3,3,2,3,3,3,4,3,4,2,3,2,2,1,1,3,2,3,3,3,2,3,3,3,3,2,3,3,3,1
DN0752,CN_MN_46,3,1,28/12/2025,1,4,2,1,2,2,3,3,4,3,4,3,2,2,3,4,3,2,4,5,5,4,4,4,4,4,4,4,5,4,2,3,3,3,2,3,4,3,4,2
DN0753,CN_MB_72,1,1,04/12/2025,1,2,1,2,1,1,1,1,2,1,2,2,4,3,3,2,4,3,3,4,4,4,3,2,3,3,3,3,1,2,2,2,2,3,3,1,5,2,1,4
DN0754,CN_MN_22,3,1,13/11/2025,1,2,3,3,1,3,3,4,4,4,5,4,4,5,4,4,3,4,4,4,2,2,4,3,4,4,5,3,1,4,3,3,4,3,3,5,4,4,3,2
DN0755,CN_MB_66,1,2,28/12/2025,1,3,4,2,1,4,4,4,4,5,4,3,4,4,4,3,3,3,2,4,4,4,4,4,3,2,3,2,3,4,3,4,3,3,3,4,3,3,4,1
DN0756,CN_MB_08,1,2,24/11/2025,1,2,3,4,3,3,2,3,4,4,4,3,3,2,3,2,1,3,2,3,4,4,3,3,3,2,3,4,5,3,3,3,5,3,5,4,3,3,3,1
DN0757,CN_MT_04,2,2,01/12/2025,1,1,2,3,2,3,2,3,3,4,2,3,3,3,3,3,3,3,4,5,5,5,5,1,3,2,3,4,3,4,3,3,3,4,3,3,2,4,3,1
DN0758,CN_MB_29,1,1,25/10/2025,1,1,1,2,4,1,4,3,4,4,3,2,3,4,2,3,3,4,4,5,5,5,5,5,5,4,5,4,3,4,4,3,3,3,2,5,5,4,3,4
DN0759,CN_MB_32,1,1,07/11/2025,1,2,2,3,2,2,3,4,3,4,4,3,2,4,2,4,4,4,5,5,4,4,5,2,3,2,2,4,4,5,3,3,3,3,3,4,3,4,3,2
DN0760,CN_MB_28,1,1,01/11/2025,1,1,1,1,4,1,4,4,3,4,4,4,4,3,4,4,4,5,4,1,3,2,2,3,3,3,3,3,3,3,3,4,3,5,4,4,5,3,3,4
DN0761,CN_MT_02,2,2,24/10/2025,1,2,1,2,2,2,3,1,2,2,2,3,3,4,3,2,4,3,2,5,4,4,3,1,1,1,2,4,5,4,3,3,3,3,3,2,1,2,3,1
DN0762,CN_MB_43,1,2,03/11/2025,1,3,3,4,3,3,2,3,3,4,3,3,4,4,3,4,5,3,4,5,4,5,5,4,4,4,5,3,3,2,2,2,4,4,3,4,3,4,3,2
DN0763,CN_MB_78,1,2,26/11/2025,1,3,4,2,2,3,1,3,3,4,2,4,5,3,4,5,4,4,4,4,4,4,4,4,3,4,5,5,4,3,5,3,3,2,3,4,4,4,4,2
DN0764,CN_MN_24,3,2,06/01/2026,1,2,2,2,1,1,3,2,2,1,2,3,3,2,1,3,3,3,3,5,4,5,5,3,5,5,3,3,2,2,3,3,1,3,4,3,4,4,3,4
DN0765,CN_MT_02,2,1,01/11/2025,1,1,1,1,1,1,2,4,3,2,4,4,4,3,3,5,5,4,3,5,4,4,4,5,3,4,4,3,4,4,3,5,3,3,4,4,5,4,5,4
DN0766,CN_MB_10,1,2,08/11/2025,1,1,1,3,4,2,3,3,3,3,2,4,4,5,3,2,4,4,4,4,5,5,5,3,4,4,5,5,4,3,3,4,4,4,4,3,4,5,3,1
DN0767,CN_MT_07,2,2,31/12/2025,1,4,3,3,2,2,1,3,3,3,2,3,2,3,3,3,3,3,3,5,4,4,4,4,2,3,1,3,3,1,3,4,3,3,3,4,4,4,3,1
DN0768,CN_MB_68,1,2,09/11/2025,1,2,2,3,2,1,3,3,3,3,3,3,4,3,3,5,3,3,4,4,5,4,3,4,2,4,4,4,2,3,3,3,2,2,2,4,4,3,2,4
DN0769,CN_MB_71,1,2,31/10/2025,1,4,2,2,2,4,2,2,2,3,2,5,4,5,5,4,3,3,3,4,4,5,5,3,4,3,3,3,2,3,4,2,2,4,2,3,3,4,5,2
DN0770,CN_MN_28,3,1,07/11/2025,1,4,3,1,2,2,1,4,3,5,3,3,4,2,3,2,3,3,3,3,4,3,2,3,3,2,3,3,2,2,3,4,3,3,4,3,3,3,4,1
DN0771,CN_MB_78,1,1,10/12/2025,1,2,3,4,1,2,2,3,3,4,3,4,3,3,4,2,3,3,3,4,4,4,4,3,2,2,2,5,4,5,4,2,2,3,3,4,3,4,4,1
DN0772,CN_MT_14,2,2,29/11/2025,1,1,1,4,3,4,2,4,3,2,3,3,2,2,3,3,2,3,1,3,2,3,3,4,4,3,4,4,4,4,4,3,4,3,2,3,3,3,4,1
DN0773,CN_MB_52,1,1,10/12/2025,1,2,2,3,2,2,1,2,2,2,2,4,4,4,4,5,5,4,3,3,3,3,4,3,5,4,3,3,2,3,2,4,3,3,3,3,5,3,3,1
DN0774,CN_MN_33,3,1,11/01/2026,1,1,1,1,1,2,1,3,3,2,1,4,2,2,2,4,4,4,4,3,2,3,2,3,3,3,3,3,3,4,4,3,4,3,4,3,4,2,2,1
DN0775,CN_MN_04,3,1,07/11/2025,1,1,1,3,2,4,2,1,2,2,1,3,4,3,3,1,1,2,2,3,3,3,3,3,3,2,2,4,4,4,4,4,4,4,3,2,3,3,2,1
DN0776,CN_MT_08,2,1,23/11/2025,1,1,3,4,5,4,3,2,3,3,3,4,3,4,3,3,3,3,3,3,3,3,3,3,3,4,4,3,2,2,2,4,4,4,3,4,2,4,2,3
DN0777,CN_MB_54,1,1,26/10/2025,1,1,1,1,2,1,2,4,3,3,3,2,1,3,2,2,3,2,3,4,4,4,3,3,3,4,4,4,4,2,3,4,5,3,3,4,4,4,4,4
DN0778,CN_MB_13,1,1,17/11/2025,1,3,4,4,4,2,3,1,1,2,1,3,2,4,3,4,4,4,4,3,4,4,3,4,3,3,4,5,5,4,4,4,3,4,3,4,3,3,3,3
DN0779,CN_MT_07,2,1,12/01/2026,1,2,2,1,2,3,2,1,2,4,1,2,2,2,2,3,3,2,2,4,4,4,4,2,4,3,4,3,2,2,2,4,3,3,4,3,3,4,4,1
DN0780,CN_MB_05,1,1,07/12/2025,1,1,1,1,1,1,2,5,4,4,2,3,4,3,4,4,5,5,5,5,5,5,5,4,4,4,4,5,5,4,5,5,5,3,4,4,4,5,4,4
DN0781,CN_MN_08,3,1,26/11/2025,1,2,3,3,1,4,2,2,1,2,2,4,4,4,4,5,5,4,3,3,4,4,4,4,4,3,2,4,3,2,5,5,3,4,5,3,2,4,3,1
DN0782,CN_MB_60,1,2,18/12/2025,1,1,1,2,2,1,2,4,3,4,4,3,4,3,1,4,2,3,4,4,5,4,5,4,4,4,4,4,4,4,3,2,3,3,3,4,4,4,3,4
DN0783,CN_MN_07,3,1,07/01/2026,1,1,3,4,3,3,4,4,2,2,3,4,4,3,4,2,3,4,4,2,2,1,3,3,3,3,4,4,4,4,4,4,3,4,3,4,4,3,4,1
DN0784,CN_MB_27,1,1,07/11/2025,1,2,2,3,3,1,2,3,2,3,3,3,4,4,4,4,4,1,3,5,5,5,5,4,4,4,3,3,3,4,2,3,4,3,4,3,5,3,3,4
DN0785,CN_MB_64,1,2,22/11/2025,1,2,4,4,1,4,2,4,3,3,4,3,3,2,4,3,2,3,2,4,4,4,4,4,4,5,4,2,3,2,4,4,3,2,4,3,4,4,3,2
DN0786,CN_MB_23,1,1,17/10/2025,1,1,1,1,1,1,2,3,3,3,3,2,2,3,2,3,3,3,4,3,3,3,4,3,3,3,3,4,4,3,4,3,4,3,2,3,5,3,2,4
DN0787,CN_MN_39,3,1,03/12/2025,1,2,2,4,2,2,2,4,3,4,3,4,4,4,4,4,3,4,4,4,4,4,5,5,5,5,5,4,4,3,3,3,3,4,4,5,5,5,5,4
DN0788,CN_MN_10,3,2,10/12/2025,1,2,2,3,2,1,1,3,2,3,3,3,3,4,3,3,1,3,1,5,5,5,5,3,3,3,3,3,4,4,4,3,4,3,3,2,5,3,1,4
DN0789,CN_MN_27,3,2,10/12/2025,1,1,1,2,5,1,1,1,3,2,2,4,4,3,5,4,5,3,3,3,4,3,4,3,3,3,3,5,5,4,5,2,3,3,3,3,5,5,4,4
DN0790,CN_MB_40,1,2,12/01/2026,1,1,2,2,2,2,2,3,3,3,3,4,3,2,3,3,2,3,2,3,3,4,4,3,2,3,4,4,4,3,4,2,2,2,2,3,4,4,2,1
DN0791,CN_MB_14,1,1,14/01/2026,1,1,2,4,1,3,3,3,2,1,2,3,2,2,4,5,5,4,4,4,4,4,4,5,5,4,4,4,4,5,4,2,3,2,2,4,4,4,3,3
DN0792,CN_MN_20,3,2,19/12/2025,1,2,2,3,2,2,2,4,4,5,3,4,3,4,4,3,4,3,3,4,4,4,4,5,4,5,5,4,5,4,5,4,3,5,5,5,4,5,5,4
DN0793,CN_MT_24,2,2,03/12/2025,1,1,2,2,2,1,4,4,4,3,5,4,2,4,3,5,4,5,5,3,3,3,3,4,4,4,4,2,4,3,3,4,4,4,4,3,4,4,4,4
DN0794,CN_MB_71,1,1,26/12/2025,1,4,1,2,1,2,2,1,3,3,2,3,2,2,3,3,2,3,2,4,3,4,2,3,2,3,2,4,4,4,4,2,3,4,4,3,3,4,3,1
DN0795,CN_MB_35,1,1,13/12/2025,1,2,1,1,2,2,2,3,3,4,3,4,4,5,2,5,4,4,3,4,4,4,4,3,2,3,3,4,4,4,4,5,4,5,4,4,2,4,4,1
DN0796,CN_MN_34,3,1,12/01/2026,1,1,2,3,2,1,1,5,4,3,4,4,4,5,3,3,4,3,3,5,5,3,5,5,5,5,4,5,5,4,5,3,3,2,3,4,4,4,4,4
DN0797,CN_MB_77,1,2,21/10/2025,1,2,3,3,2,4,4,2,3,3,3,2,3,2,3,3,4,4,2,4,3,4,3,4,3,3,4,4,5,3,3,5,4,4,4,3,3,4,3,2
DN0798,CN_MB_53,1,2,18/10/2025,1,4,3,3,2,2,2,3,3,3,3,5,4,4,4,2,3,4,2,3,4,4,3,1,2,2,1,3,4,5,4,4,3,3,4,4,4,4,4,1
DN0799,CN_MB_15,1,1,19/01/2026,1,2,1,3,2,3,1,3,2,3,2,3,2,2,2,3,4,4,3,4,3,5,4,5,3,4,5,3,4,3,5,3,4,4,4,3,2,3,3,2
DN0800,CN_MN_23,3,1,18/12/2025,1,2,3,3,2,2,4,3,3,4,2,3,3,3,4,3,4,3,3,2,2,4,2,3,4,3,3,4,4,4,4,3,1,3,3,2,2,2,2,1
